dataset,split,word,count
dataset_1,full,the,23015
dataset_1,full,to,15561
dataset_1,full,a,13367
dataset_1,full,and,13166
dataset_1,full,i,10727
dataset_1,full,of,10635
dataset_1,full,you,9885
dataset_1,full,is,9471
dataset_1,full,in,8078
dataset_1,full,n,7550
dataset_1,full,it,6893
dataset_1,full,that,6457
dataset_1,full,for,5244
dataset_1,full,are,4396
dataset_1,full,have,4225
dataset_1,full,on,3891
dataset_1,full,be,3609
dataset_1,full,or,3570
dataset_1,full,with,3389
dataset_1,full,what,3386
dataset_1,full,your,3383
dataset_1,full,do,3361
dataset_1,full,if,3280
dataset_1,full,can,3138
dataset_1,full,not,3129
dataset_1,full,my,3033
dataset_1,full,but,3021
dataset_1,full,this,2968
dataset_1,full,they,2824
dataset_1,full,as,2496
dataset_1,full,will,2334
dataset_1,full,was,2176
dataset_1,full,he,2142
dataset_1,full,me,2103
dataset_1,full,how,2084
dataset_1,full,so,1950
dataset_1,full,get,1926
dataset_1,full,all,1909
dataset_1,full,there,1902
dataset_1,full,like,1894
dataset_1,full,from,1854
dataset_1,full,at,1836
dataset_1,full,about,1761
dataset_1,full,would,1725
dataset_1,full,one,1691
dataset_1,full,an,1670
dataset_1,full,know,1643
dataset_1,full,just,1643
dataset_1,full,out,1617
dataset_1,full,when,1574
dataset_1,full,we,1522
dataset_1,full,by,1496
dataset_1,full,up,1398
dataset_1,full,think,1352
dataset_1,full,who,1339
dataset_1,full,has,1338
dataset_1,full,them,1244
dataset_1,full,people,1234
dataset_1,full,don't,1224
dataset_1,full,no,1214
dataset_1,full,want,1209
dataset_1,full,more,1206
dataset_1,full,then,1201
dataset_1,full,some,1200
dataset_1,full,any,1168
dataset_1,full,go,1130
dataset_1,full,time,1095
dataset_1,full,good,1066
dataset_1,full,her,1056
dataset_1,full,2,1044
dataset_1,full,why,1039
dataset_1,full,need,1025
dataset_1,full,she,1011
dataset_1,full,him,998
dataset_1,full,other,965
dataset_1,full,does,964
dataset_1,full,should,961
dataset_1,full,make,960
dataset_1,full,help,959
dataset_1,full,am,959
dataset_1,full,which,951
dataset_1,full,because,947
dataset_1,full,their,927
dataset_1,full,his,907
dataset_1,full,only,875
dataset_1,full,way,841
dataset_1,full,1,829
dataset_1,full,also,824
dataset_1,full,really,817
dataset_1,full,it's,800
dataset_1,full,had,772
dataset_1,full,where,765
dataset_1,full,find,744
dataset_1,full,could,743
dataset_1,full,its,739
dataset_1,full,than,734
dataset_1,full,been,725
dataset_1,full,i'm,708
dataset_1,full,see,704
dataset_1,full,u,701
dataset_1,full,were,700
dataset_1,full,very,690
dataset_1,full,work,689
dataset_1,full,now,689
dataset_1,full,many,684
dataset_1,full,best,670
dataset_1,full,much,668
dataset_1,full,take,662
dataset_1,full,most,648
dataset_1,full,well,623
dataset_1,full,first,622
dataset_1,full,use,614
dataset_1,full,into,612
dataset_1,full,back,596
dataset_1,full,say,592
dataset_1,full,did,588
dataset_1,full,love,579
dataset_1,full,right,578
dataset_1,full,these,562
dataset_1,full,years,551
dataset_1,full,even,546
dataset_1,full,something,545
dataset_1,full,anyone,541
dataset_1,full,ni,536
dataset_1,full,may,536
dataset_1,full,over,536
dataset_1,full,3,535
dataset_1,full,after,534
dataset_1,full,our,533
dataset_1,full,question,520
dataset_1,full,try,519
dataset_1,full,going,519
dataset_1,full,god,510
dataset_1,full,us,506
dataset_1,full,tell,506
dataset_1,full,too,506
dataset_1,full,here,500
dataset_1,full,give,488
dataset_1,full,new,488
dataset_1,full,same,486
dataset_1,full,things,485
dataset_1,full,someone,483
dataset_1,full,day,483
dataset_1,full,please,470
dataset_1,full,life,466
dataset_1,full,two,465
dataset_1,full,still,456
dataset_1,full,off,455
dataset_1,full,down,453
dataset_1,full,before,452
dataset_1,full,being,445
dataset_1,full,better,439
dataset_1,full,sure,436
dataset_1,full,dont,428
dataset_1,full,world,428
dataset_1,full,x,424
dataset_1,full,4,412
dataset_1,full,feel,412
dataset_1,full,never,410
dataset_1,full,got,407
dataset_1,full,long,407
dataset_1,full,answer,406
dataset_1,full,nthe,405
dataset_1,full,look,404
dataset_1,full,always,403
dataset_1,full,used,402
dataset_1,full,5,396
dataset_1,full,mean,396
dataset_1,full,thing,396
dataset_1,full,free,390
dataset_1,full,those,390
dataset_1,full,person,382
dataset_1,full,s,380
dataset_1,full,year,378
dataset_1,full,school,376
dataset_1,full,can't,372
dataset_1,full,old,369
dataset_1,full,name,360
dataset_1,full,said,352
dataset_1,full,different,347
dataset_1,full,come,347
dataset_1,full,put,347
dataset_1,full,called,344
dataset_1,full,start,337
dataset_1,full,around,337
dataset_1,full,believe,336
dataset_1,full,etc,333
dataset_1,full,anything,333
dataset_1,full,might,331
dataset_1,full,yes,327
dataset_1,full,since,326
dataset_1,full,money,323
dataset_1,full,another,322
dataset_1,full,through,318
dataset_1,full,such,318
dataset_1,full,each,316
dataset_1,full,little,315
dataset_1,full,keep,315
dataset_1,full,both,314
dataset_1,full,every,314
dataset_1,full,ask,313
dataset_1,full,without,313
dataset_1,full,10,308
dataset_1,full,own,308
dataset_1,full,bad,306
dataset_1,full,ever,306
dataset_1,full,hard,305
dataset_1,full,water,302
dataset_1,full,lot,302
dataset_1,full,great,299
dataset_1,full,problem,296
dataset_1,full,home,295
dataset_1,full,6,291
dataset_1,full,let,291
dataset_1,full,while,291
dataset_1,full,made,290
dataset_1,full,computer,289
dataset_1,full,yahoo,288
dataset_1,full,doesn't,287
dataset_1,full,im,285
dataset_1,full,between,282
dataset_1,full,0,281
dataset_1,full,doing,281
dataset_1,full,away,279
dataset_1,full,luck,278
dataset_1,full,man,277
dataset_1,full,site,275
dataset_1,full,live,275
dataset_1,full,state,271
dataset_1,full,last,270
dataset_1,full,few,269
dataset_1,full,friend,265
dataset_1,full,using,264
dataset_1,full,guy,264
dataset_1,full,job,261
dataset_1,full,found,260
dataset_1,full,getting,260
dataset_1,full,high,259
dataset_1,full,looking,258
dataset_1,full,e,256
dataset_1,full,again,254
dataset_1,full,body,252
dataset_1,full,next,251
dataset_1,full,information,250
dataset_1,full,times,250
dataset_1,full,maybe,250
dataset_1,full,else,249
dataset_1,full,friends,248
dataset_1,full,check,248
dataset_1,full,having,247
dataset_1,full,nif,246
dataset_1,full,real,245
dataset_1,full,country,245
dataset_1,full,days,243
dataset_1,full,you're,242
dataset_1,full,sex,239
dataset_1,full,number,239
dataset_1,full,show,238
dataset_1,full,word,235
dataset_1,full,that's,234
dataset_1,full,actually,233
dataset_1,full,pay,232
dataset_1,full,place,231
dataset_1,full,however,229
dataset_1,full,system,229
dataset_1,full,b,228
dataset_1,full,yourself,225
dataset_1,full,though,225
dataset_1,full,enough,224
dataset_1,full,probably,223
dataset_1,full,men,222
dataset_1,full,i've,221
dataset_1,full,must,220
dataset_1,full,search,220
dataset_1,full,business,218
dataset_1,full,girl,218
dataset_1,full,women,217
dataset_1,full,run,216
dataset_1,full,part,213
dataset_1,full,small,213
dataset_1,full,change,212
dataset_1,full,talk,212
dataset_1,full,done,212
dataset_1,full,didn't,211
dataset_1,full,able,210
dataset_1,full,t,210
dataset_1,full,until,210
dataset_1,full,point,208
dataset_1,full,big,208
dataset_1,full,nothing,207
dataset_1,full,kind,206
dataset_1,full,once,206
dataset_1,full,usually,205
dataset_1,full,jesus,203
dataset_1,full,others,202
dataset_1,full,com,201
dataset_1,full,call,201
dataset_1,full,trying,200
dataset_1,full,house,199
dataset_1,full,means,199
dataset_1,full,weight,199
dataset_1,full,guys,198
dataset_1,full,hope,198
dataset_1,full,7,197
dataset_1,full,everything,197
dataset_1,full,says,197
dataset_1,full,end,197
dataset_1,full,sometimes,196
dataset_1,full,read,194
dataset_1,full,click,194
dataset_1,full,play,191
dataset_1,full,internet,191
dataset_1,full,web,191
dataset_1,full,type,190
dataset_1,full,website,190
dataset_1,full,8,189
dataset_1,full,possible,188
dataset_1,full,told,186
dataset_1,full,program,186
dataset_1,full,care,185
dataset_1,full,area,185
dataset_1,full,music,184
dataset_1,full,family,184
dataset_1,full,stop,183
dataset_1,full,cause,183
dataset_1,full,form,183
dataset_1,full,wrong,182
dataset_1,full,side,182
dataset_1,full,under,182
dataset_1,full,week,182
dataset_1,full,left,181
dataset_1,full,less,181
dataset_1,full,against,181
dataset_1,full,energy,179
dataset_1,full,thanks,178
dataset_1,full,n2,178
dataset_1,full,song,178
dataset_1,full,c,176
dataset_1,full,idea,176
dataset_1,full,american,175
dataset_1,full,makes,175
dataset_1,full,team,175
dataset_1,full,college,174
dataset_1,full,course,174
dataset_1,full,20,173
dataset_1,full,age,173
dataset_1,full,everyone,173
dataset_1,full,war,173
dataset_1,full,earth,173
dataset_1,full,states,172
dataset_1,full,together,171
dataset_1,full,least,171
dataset_1,full,during,170
dataset_1,full,game,170
dataset_1,full,doctor,170
dataset_1,full,he's,170
dataset_1,full,months,170
dataset_1,full,order,170
dataset_1,full,na,169
dataset_1,full,m,169
dataset_1,full,law,168
dataset_1,full,reason,168
dataset_1,full,already,168
dataset_1,full,bush,168
dataset_1,full,buy,167
dataset_1,full,either,167
dataset_1,full,nyou,167
dataset_1,full,understand,166
dataset_1,full,questions,166
dataset_1,full,example,166
dataset_1,full,true,166
dataset_1,full,went,166
dataset_1,full,eat,165
dataset_1,full,power,165
dataset_1,full,open,165
dataset_1,full,thought,165
dataset_1,full,answers,164
dataset_1,full,ok,164
dataset_1,full,nand,162
dataset_1,full,black,161
dataset_1,full,english,161
dataset_1,full,000,161
dataset_1,full,d,160
dataset_1,full,children,160
dataset_1,full,helps,159
dataset_1,full,case,159
dataset_1,full,kids,159
dataset_1,full,heard,158
dataset_1,full,move,158
dataset_1,full,far,157
dataset_1,full,girls,157
dataset_1,full,cannot,155
dataset_1,full,woman,154
dataset_1,full,wants,153
dataset_1,full,three,153
dataset_1,full,become,153
dataset_1,full,light,152
dataset_1,full,top,151
dataset_1,full,set,151
dataset_1,full,learn,150
dataset_1,full,yet,150
dataset_1,full,bit,149
dataset_1,full,n3,148
dataset_1,full,gets,148
dataset_1,full,company,147
dataset_1,full,write,147
dataset_1,full,ago,147
dataset_1,full,remember,147
dataset_1,full,seen,147
dataset_1,full,whole,147
dataset_1,full,won't,147
dataset_1,full,isn't,147
dataset_1,full,9,147
dataset_1,full,white,147
dataset_1,full,book,146
dataset_1,full,stay,146
dataset_1,full,problems,146
dataset_1,full,matter,146
dataset_1,full,president,146
dataset_1,full,pain,146
dataset_1,full,12,146
dataset_1,full,making,145
dataset_1,full,per,145
dataset_1,full,fact,144
dataset_1,full,pretty,144
dataset_1,full,past,144
dataset_1,full,working,144
dataset_1,full,rest,144
dataset_1,full,movie,143
dataset_1,full,control,143
dataset_1,full,n1,143
dataset_1,full,link,143
dataset_1,full,son,142
dataset_1,full,card,142
dataset_1,full,talking,141
dataset_1,full,non,141
dataset_1,full,history,140
dataset_1,full,asked,139
dataset_1,full,f,138
dataset_1,full,came,137
dataset_1,full,car,137
dataset_1,full,email,137
dataset_1,full,married,137
dataset_1,full,human,136
dataset_1,full,win,136
dataset_1,full,line,135
dataset_1,full,credit,134
dataset_1,full,religion,134
dataset_1,full,america,134
dataset_1,full,stuff,134
dataset_1,full,file,134
dataset_1,full,full,134
dataset_1,full,study,134
dataset_1,full,government,133
dataset_1,full,today,133
dataset_1,full,often,133
dataset_1,full,second,133
dataset_1,full,goes,133
dataset_1,full,you'll,132
dataset_1,full,needs,132
dataset_1,full,windows,132
dataset_1,full,important,131
dataset_1,full,r,131
dataset_1,full,mind,131
dataset_1,full,p,131
dataset_1,full,comes,130
dataset_1,full,blood,130
dataset_1,full,living,130
dataset_1,full,guess,129
dataset_1,full,asking,129
dataset_1,full,send,129
dataset_1,full,almost,129
dataset_1,full,chance,129
dataset_1,full,words,129
dataset_1,full,page,128
dataset_1,full,lose,127
dataset_1,full,list,126
dataset_1,full,relationship,126
dataset_1,full,husband,126
dataset_1,full,seems,125
dataset_1,full,myself,125
dataset_1,full,level,125
dataset_1,full,child,125
dataset_1,full,local,125
dataset_1,full,depends,125
dataset_1,full,programs,124
dataset_1,full,software,124
dataset_1,full,turn,124
dataset_1,full,united,124
dataset_1,full,below,124
dataset_1,full,nso,123
dataset_1,full,food,123
dataset_1,full,phone,123
dataset_1,full,i'd,122
dataset_1,full,tried,122
dataset_1,full,started,122
dataset_1,full,sound,121
dataset_1,full,term,121
dataset_1,full,y,120
dataset_1,full,normal,120
dataset_1,full,red,120
dataset_1,full,saying,120
dataset_1,full,knows,120
dataset_1,full,drive,120
dataset_1,full,nin,119
dataset_1,full,support,119
dataset_1,full,following,119
dataset_1,full,cant,119
dataset_1,full,known,119
dataset_1,full,hand,118
dataset_1,full,thinking,118
dataset_1,full,month,118
dataset_1,full,cost,118
dataset_1,full,nice,118
dataset_1,full,mass,118
dataset_1,full,ur,118
dataset_1,full,easy,118
dataset_1,full,instead,118
dataset_1,full,test,118
dataset_1,full,100,117
dataset_1,full,bible,117
dataset_1,full,based,117
dataset_1,full,city,117
dataset_1,full,what's,117
dataset_1,full,mail,117
dataset_1,full,single,116
dataset_1,full,speed,116
dataset_1,full,cup,116
dataset_1,full,common,115
dataset_1,full,there's,115
dataset_1,full,low,115
dataset_1,full,night,114
dataset_1,full,general,114
dataset_1,full,gay,114
dataset_1,full,download,114
dataset_1,full,30,114
dataset_1,full,several,114
dataset_1,full,g,113
dataset_1,full,contact,113
dataset_1,full,taking,113
dataset_1,full,15,112
dataset_1,full,hate,112
dataset_1,full,fun,112
dataset_1,full,class,112
dataset_1,full,add,112
dataset_1,full,close,112
dataset_1,full,happen,112
dataset_1,full,due,111
dataset_1,full,ones,111
dataset_1,full,medical,111
dataset_1,full,works,110
dataset_1,full,head,110
dataset_1,full,lost,110
dataset_1,full,face,110
dataset_1,full,takes,109
dataset_1,full,date,109
dataset_1,full,seem,109
dataset_1,full,illegal,109
dataset_1,full,info,109
dataset_1,full,explain,108
dataset_1,full,process,108
dataset_1,full,wouldn't,108
dataset_1,full,w,108
dataset_1,full,took,108
dataset_1,full,address,108
dataset_1,full,certain,107
dataset_1,full,online,107
dataset_1,full,difference,107
dataset_1,full,deal,107
dataset_1,full,service,107
dataset_1,full,video,107
dataset_1,full,later,107
dataset_1,full,heart,107
dataset_1,full,11,107
dataset_1,full,thats,106
dataset_1,full,air,106
dataset_1,full,large,106
dataset_1,full,experience,106
dataset_1,full,lol,106
dataset_1,full,agree,106
dataset_1,full,hurt,105
dataset_1,full,wanted,105
dataset_1,full,field,105
dataset_1,full,language,105
dataset_1,full,short,105
dataset_1,full,leave,105
dataset_1,full,period,105
dataset_1,full,parents,105
dataset_1,full,fast,105
dataset_1,full,research,104
dataset_1,full,amount,104
dataset_1,full,nwhat,104
dataset_1,full,points,103
dataset_1,full,boyfriend,103
dataset_1,full,consider,103
dataset_1,full,alot,103
dataset_1,full,marriage,103
dataset_1,full,health,103
dataset_1,full,church,102
dataset_1,full,sites,102
dataset_1,full,couple,102
dataset_1,full,usa,102
dataset_1,full,whether,102
dataset_1,full,nit,102
dataset_1,full,nbut,102
dataset_1,full,break,101
dataset_1,full,choose,101
dataset_1,full,within,101
dataset_1,full,coming,101
dataset_1,full,simple,100
dataset_1,full,public,100
dataset_1,full,self,100
dataset_1,full,given,100
dataset_1,full,happy,100
dataset_1,full,lots,99
dataset_1,full,above,98
dataset_1,full,society,98
dataset_1,full,player,98
dataset_1,full,correct,98
dataset_1,full,fat,98
dataset_1,full,degree,98
dataset_1,full,tax,97
dataset_1,full,ideas,97
dataset_1,full,force,97
dataset_1,full,unless,97
dataset_1,full,advice,97
dataset_1,full,files,97
dataset_1,full,whatever,97
dataset_1,full,along,97
dataset_1,full,92,96
dataset_1,full,specific,96
dataset_1,full,rather,96
dataset_1,full,n4,96
dataset_1,full,act,96
dataset_1,full,science,96
dataset_1,full,plan,96
dataset_1,full,social,95
dataset_1,full,create,95
dataset_1,full,taken,95
dataset_1,full,happens,95
dataset_1,full,price,95
dataset_1,full,million,95
dataset_1,full,exactly,95
dataset_1,full,countries,95
dataset_1,full,feeling,95
dataset_1,full,woof,95
dataset_1,full,hours,94
dataset_1,full,death,94
dataset_1,full,father,94
dataset_1,full,likely,94
dataset_1,full,oh,94
dataset_1,full,i'll,94
dataset_1,full,sign,94
dataset_1,full,group,94
dataset_1,full,opinion,93
dataset_1,full,watch,93
dataset_1,full,sleep,93
dataset_1,full,serious,93
dataset_1,full,major,93
dataset_1,full,sounds,93
dataset_1,full,oil,93
dataset_1,full,wife,93
dataset_1,full,gonna,92
dataset_1,full,quite,92
dataset_1,full,young,92
dataset_1,full,clear,92
dataset_1,full,playing,91
dataset_1,full,sense,91
dataset_1,full,including,90
dataset_1,full,legal,90
dataset_1,full,half,90
dataset_1,full,available,90
dataset_1,full,cell,90
dataset_1,full,alone,90
dataset_1,full,baby,90
dataset_1,full,games,90
dataset_1,full,office,89
dataset_1,full,total,89
dataset_1,full,wish,89
dataset_1,full,especially,89
dataset_1,full,services,88
dataset_1,full,ngood,88
dataset_1,full,increase,88
dataset_1,full,issue,88
dataset_1,full,whats,88
dataset_1,full,cd,88
dataset_1,full,themselves,88
dataset_1,full,hold,88
dataset_1,full,hear,88
dataset_1,full,situation,87
dataset_1,full,higher,87
dataset_1,full,middle,87
dataset_1,full,suggest,87
dataset_1,full,sorry,87
dataset_1,full,speak,87
dataset_1,full,sent,87
dataset_1,full,de,87
dataset_1,full,n5,86
dataset_1,full,18,86
dataset_1,full,size,86
dataset_1,full,running,86
dataset_1,full,rate,86
dataset_1,full,hair,86
dataset_1,full,2006,86
dataset_1,full,tv,85
dataset_1,full,india,85
dataset_1,full,christian,85
dataset_1,full,16,85
dataset_1,full,nor,85
dataset_1,full,account,85
dataset_1,full,bring,85
dataset_1,full,books,85
dataset_1,full,worth,85
dataset_1,full,mom,85
dataset_1,full,fall,84
dataset_1,full,mother,84
dataset_1,full,plus,84
dataset_1,full,nfor,84
dataset_1,full,special,84
dataset_1,full,ways,84
dataset_1,full,looks,83
dataset_1,full,likes,83
dataset_1,full,boy,83
dataset_1,full,nthis,83
dataset_1,full,wait,83
dataset_1,full,england,83
dataset_1,full,saw,83
dataset_1,full,stupid,83
dataset_1,full,sun,83
dataset_1,full,wear,82
dataset_1,full,allow,82
dataset_1,full,project,82
dataset_1,full,vs,82
dataset_1,full,vote,82
dataset_1,full,they're,82
dataset_1,full,born,82
dataset_1,full,gone,82
dataset_1,full,h,82
dataset_1,full,drug,82
dataset_1,full,physical,81
dataset_1,full,drink,81
dataset_1,full,lives,81
dataset_1,full,weeks,81
dataset_1,full,theory,81
dataset_1,full,hi,80
dataset_1,full,key,80
dataset_1,full,sell,80
dataset_1,full,wondering,80
dataset_1,full,although,80
dataset_1,full,store,80
dataset_1,full,picture,80
dataset_1,full,party,80
dataset_1,full,football,80
dataset_1,full,anybody,80
dataset_1,full,offer,80
dataset_1,full,iraq,80
dataset_1,full,gas,80
dataset_1,full,minutes,79
dataset_1,full,trust,79
dataset_1,full,laws,79
dataset_1,full,numbers,79
dataset_1,full,fight,79
dataset_1,full,50,79
dataset_1,full,current,79
dataset_1,full,box,79
dataset_1,full,anyway,79
dataset_1,full,center,79
dataset_1,full,google,79
dataset_1,full,religious,79
dataset_1,full,fine,78
dataset_1,full,14,78
dataset_1,full,nto,78
dataset_1,full,university,78
dataset_1,full,happened,78
dataset_1,full,ball,78
dataset_1,full,haven't,78
dataset_1,full,interest,78
dataset_1,full,step,78
dataset_1,full,hit,78
dataset_1,full,diet,78
dataset_1,full,starting,77
dataset_1,full,40,77
dataset_1,full,return,77
dataset_1,full,skin,77
dataset_1,full,jobs,77
dataset_1,full,anymore,77
dataset_1,full,exercise,77
dataset_1,full,record,77
dataset_1,full,income,76
dataset_1,full,spend,76
dataset_1,full,movies,76
dataset_1,full,cool,76
dataset_1,full,include,76
dataset_1,full,soon,76
dataset_1,full,lower,76
dataset_1,full,future,76
dataset_1,full,favorite,76
dataset_1,full,knew,76
dataset_1,full,security,75
dataset_1,full,longer,75
dataset_1,full,died,75
dataset_1,full,hot,75
dataset_1,full,xp,75
dataset_1,full,choice,75
dataset_1,full,simply,75
dataset_1,full,gave,75
dataset_1,full,hour,75
dataset_1,full,pc,75
dataset_1,full,gives,75
dataset_1,full,pass,75
dataset_1,full,terms,74
dataset_1,full,none,74
dataset_1,full,cells,74
dataset_1,full,inside,74
dataset_1,full,space,74
dataset_1,full,currently,74
dataset_1,full,remove,74
dataset_1,full,charge,74
dataset_1,full,meaning,74
dataset_1,full,provide,74
dataset_1,full,student,74
dataset_1,full,equal,74
dataset_1,full,q,74
dataset_1,full,burn,73
dataset_1,full,thank,73
dataset_1,full,court,73
dataset_1,full,education,73
dataset_1,full,insurance,73
dataset_1,full,strong,73
dataset_1,full,natural,73
dataset_1,full,heat,73
dataset_1,full,difficult,73
dataset_1,full,brain,73
dataset_1,full,south,72
dataset_1,full,truth,72
dataset_1,full,ready,72
dataset_1,full,screen,72
dataset_1,full,paper,71
dataset_1,full,personal,71
dataset_1,full,interested,71
dataset_1,full,male,71
dataset_1,full,eyes,71
dataset_1,full,safe,71
dataset_1,full,paid,70
dataset_1,full,doesnt,70
dataset_1,full,enjoy,70
dataset_1,full,reading,70
dataset_1,full,issues,70
dataset_1,full,needed,70
dataset_1,full,won,70
dataset_1,full,00,70
dataset_1,full,songs,70
dataset_1,full,therefore,70
dataset_1,full,data,70
dataset_1,full,stand,70
dataset_1,full,13,70
dataset_1,full,military,69
dataset_1,full,star,69
dataset_1,full,hell,69
dataset_1,full,christ,69
dataset_1,full,letter,69
dataset_1,full,re,69
dataset_1,full,post,69
dataset_1,full,considered,69
dataset_1,full,die,69
dataset_1,full,o,69
dataset_1,full,note,69
dataset_1,full,story,69
dataset_1,full,grow,69
dataset_1,full,25,69
dataset_1,full,female,69
dataset_1,full,code,69
dataset_1,full,cut,69
dataset_1,full,mexico,69
dataset_1,full,front,68
dataset_1,full,created,68
dataset_1,full,lead,68
dataset_1,full,k,68
dataset_1,full,links,68
dataset_1,full,kill,68
dataset_1,full,related,68
dataset_1,full,green,68
dataset_1,full,walk,68
dataset_1,full,brother,68
dataset_1,full,teacher,67
dataset_1,full,schools,67
dataset_1,full,completely,67
dataset_1,full,24,67
dataset_1,full,worry,67
dataset_1,full,view,67
dataset_1,full,complete,67
dataset_1,full,follow,67
dataset_1,full,build,67
dataset_1,full,training,67
dataset_1,full,late,67
dataset_1,full,share,67
dataset_1,full,loves,67
dataset_1,full,surgery,67
dataset_1,full,pressure,67
dataset_1,full,four,66
dataset_1,full,behind,66
dataset_1,full,figure,66
dataset_1,full,aren't,66
dataset_1,full,nnow,66
dataset_1,full,pick,66
dataset_1,full,listen,66
dataset_1,full,room,66
dataset_1,full,mine,66
dataset_1,full,loan,66
dataset_1,full,uk,66
dataset_1,full,blue,66
dataset_1,full,americans,65
dataset_1,full,options,65
dataset_1,full,similar,65
dataset_1,full,season,65
dataset_1,full,practice,65
dataset_1,full,la,65
dataset_1,full,eye,65
dataset_1,full,evidence,65
dataset_1,full,christians,65
dataset_1,full,negative,64
dataset_1,full,sexual,64
dataset_1,full,hey,64
dataset_1,full,west,64
dataset_1,full,wasn't,64
dataset_1,full,respect,64
dataset_1,full,subject,64
dataset_1,full,results,64
dataset_1,full,report,64
dataset_1,full,five,64
dataset_1,full,result,64
dataset_1,full,virus,64
dataset_1,full,skit,64
dataset_1,full,rules,63
dataset_1,full,market,63
dataset_1,full,trouble,63
dataset_1,full,cold,63
dataset_1,full,delete,63
dataset_1,full,rights,63
dataset_1,full,apply,63
dataset_1,full,according,63
dataset_1,full,cancer,63
dataset_1,full,pop,62
dataset_1,full,worse,62
dataset_1,full,meet,62
dataset_1,full,early,62
dataset_1,full,generally,62
dataset_1,full,nthere,62
dataset_1,full,gain,62
dataset_1,full,older,62
dataset_1,full,access,62
dataset_1,full,avoid,62
dataset_1,full,places,62
dataset_1,full,install,62
dataset_1,full,score,62
dataset_1,full,writing,62
dataset_1,full,involved,62
dataset_1,full,wont,62
dataset_1,full,source,62
dataset_1,full,names,62
dataset_1,full,nhope,61
dataset_1,full,outside,61
dataset_1,full,version,61
dataset_1,full,national,61
dataset_1,full,honest,61
dataset_1,full,you've,61
dataset_1,full,written,61
dataset_1,full,effect,61
dataset_1,full,daughter,61
dataset_1,full,function,61
dataset_1,full,himself,61
dataset_1,full,french,61
dataset_1,full,sick,61
dataset_1,full,perfect,60
dataset_1,full,muslims,60
dataset_1,full,ex,60
dataset_1,full,radio,60
dataset_1,full,continue,60
dataset_1,full,except,60
dataset_1,full,attention,60
dataset_1,full,accept,60
dataset_1,full,main,60
dataset_1,full,eating,60
dataset_1,full,product,60
dataset_1,full,dad,60
dataset_1,full,save,60
dataset_1,full,dvd,59
dataset_1,full,shows,59
dataset_1,full,worked,59
dataset_1,full,systems,59
dataset_1,full,community,59
dataset_1,full,feet,59
dataset_1,full,visit,59
dataset_1,full,dead,59
dataset_1,full,itself,59
dataset_1,full,animals,59
dataset_1,full,positive,59
dataset_1,full,sit,59
dataset_1,full,healthy,59
dataset_1,full,giving,59
dataset_1,full,players,59
dataset_1,full,teachers,59
dataset_1,full,clean,59
dataset_1,full,girlfriend,59
dataset_1,full,land,59
dataset_1,full,boys,59
dataset_1,full,brown,59
dataset_1,full,nhow,59
dataset_1,full,eventually,58
dataset_1,full,popular,58
dataset_1,full,value,58
dataset_1,full,afraid,58
dataset_1,full,near,58
dataset_1,full,morning,58
dataset_1,full,nmy,58
dataset_1,full,seeing,58
dataset_1,full,websites,58
dataset_1,full,required,58
dataset_1,full,parts,58
dataset_1,full,north,58
dataset_1,full,wanna,58
dataset_1,full,totally,58
dataset_1,full,treatment,57
dataset_1,full,knowledge,57
dataset_1,full,exist,57
dataset_1,full,uses,57
dataset_1,full,hands,57
dataset_1,full,town,57
dataset_1,full,enter,57
dataset_1,full,sort,57
dataset_1,full,laptop,57
dataset_1,full,personally,57
dataset_1,full,nature,57
dataset_1,full,gift,57
dataset_1,full,v,57
dataset_1,full,ebay,57
dataset_1,full,grade,57
dataset_1,full,fix,57
dataset_1,full,reasons,57
dataset_1,full,ice,57
dataset_1,full,anywhere,57
dataset_1,full,join,57
dataset_1,full,companies,56
dataset_1,full,model,56
dataset_1,full,definitely,56
dataset_1,full,color,56
dataset_1,full,message,56
dataset_1,full,heaven,56
dataset_1,full,students,56
dataset_1,full,changes,56
dataset_1,full,risk,56
dataset_1,full,base,56
dataset_1,full,causes,56
dataset_1,full,thus,56
dataset_1,full,areas,55
dataset_1,full,huge,55
dataset_1,full,math,55
dataset_1,full,canada,55
dataset_1,full,humans,55
dataset_1,full,decide,55
dataset_1,full,claim,55
dataset_1,full,stomach,55
dataset_1,full,drugs,55
dataset_1,full,moving,55
dataset_1,full,details,55
dataset_1,full,original,55
dataset_1,full,symptoms,55
dataset_1,full,feels,55
dataset_1,full,messenger,55
dataset_1,full,visa,55
dataset_1,full,straight,54
dataset_1,full,park,54
dataset_1,full,forget,54
dataset_1,full,technology,54
dataset_1,full,series,54
dataset_1,full,rock,54
dataset_1,full,length,54
dataset_1,full,interesting,54
dataset_1,full,myspace,54
dataset_1,full,third,54
dataset_1,full,kid,54
dataset_1,full,army,54
dataset_1,full,planet,54
dataset_1,full,sin,54
dataset_1,full,basically,54
dataset_1,full,recently,54
dataset_1,full,distance,54
dataset_1,full,across,54
dataset_1,full,assume,54
dataset_1,full,2005,54
dataset_1,full,plz,53
dataset_1,full,proper,53
dataset_1,full,played,53
dataset_1,full,ground,53
dataset_1,full,section,53
dataset_1,full,allowed,53
dataset_1,full,copy,53
dataset_1,full,media,53
dataset_1,full,moment,53
dataset_1,full,pull,53
dataset_1,full,george,53
dataset_1,full,necessary,53
dataset_1,full,position,53
dataset_1,full,okay,53
dataset_1,full,she's,53
dataset_1,full,board,53
dataset_1,full,cases,53
dataset_1,full,met,53
dataset_1,full,greater,53
dataset_1,full,types,53
dataset_1,full,tells,53
dataset_1,full,',53
dataset_1,full,anti,52
dataset_1,full,police,52
dataset_1,full,letters,52
dataset_1,full,paying,52
dataset_1,full,quit,52
dataset_1,full,ni'm,52
dataset_1,full,effects,52
dataset_1,full,acid,52
dataset_1,full,evolution,52
dataset_1,full,depending,51
dataset_1,full,nalso,51
dataset_1,full,funny,51
dataset_1,full,average,51
dataset_1,full,develop,51
dataset_1,full,losing,51
dataset_1,full,development,51
dataset_1,full,supposed,51
dataset_1,full,birth,51
dataset_1,full,telling,51
dataset_1,full,match,51
dataset_1,full,nwhen,51
dataset_1,full,killed,51
dataset_1,full,bar,51
dataset_1,full,loss,51
dataset_1,full,doubt,51
dataset_1,full,bond,51
dataset_1,full,ya,51
dataset_1,full,yeah,51
dataset_1,full,news,51
dataset_1,full,culture,51
dataset_1,full,attack,51
dataset_1,full,forms,51
dataset_1,full,muscle,51
dataset_1,full,texas,51
dataset_1,full,action,50
dataset_1,full,string,50
dataset_1,full,60,50
dataset_1,full,bottom,50
dataset_1,full,spirit,50
dataset_1,full,poor,50
dataset_1,full,france,50
dataset_1,full,john,50
dataset_1,full,present,50
dataset_1,full,option,50
dataset_1,full,basic,50
dataset_1,full,career,50
dataset_1,full,easier,50
dataset_1,full,beautiful,50
dataset_1,full,perhaps,50
dataset_1,full,affect,50
dataset_1,full,loved,50
dataset_1,full,21,50
dataset_1,full,recommend,50
dataset_1,full,winning,50
dataset_1,full,let's,49
dataset_1,full,pictures,49
dataset_1,full,somewhere,49
dataset_1,full,international,49
dataset_1,full,notice,49
dataset_1,full,plant,49
dataset_1,full,growing,49
dataset_1,full,faster,49
dataset_1,full,lord,49
dataset_1,full,network,49
dataset_1,full,upon,49
dataset_1,full,easily,49
dataset_1,full,log,49
dataset_1,full,sea,49
dataset_1,full,slow,49
dataset_1,full,towards,49
dataset_1,full,concerned,48
dataset_1,full,80,48
dataset_1,full,count,48
dataset_1,full,connection,48
dataset_1,full,obviously,48
dataset_1,full,print,48
dataset_1,full,becomes,48
dataset_1,full,final,48
dataset_1,full,willing,48
dataset_1,full,teaching,48
dataset_1,full,muscles,48
dataset_1,full,infection,48
dataset_1,full,walking,48
dataset_1,full,looked,48
dataset_1,full,expect,48
dataset_1,full,christmas,48
dataset_1,full,medicine,48
dataset_1,full,foreign,47
dataset_1,full,taxes,47
dataset_1,full,rule,47
dataset_1,full,entire,47
dataset_1,full,political,47
dataset_1,full,treat,47
dataset_1,full,sports,47
dataset_1,full,bill,47
dataset_1,full,fair,47
dataset_1,full,prove,47
dataset_1,full,soccer,47
dataset_1,full,temperature,47
dataset_1,full,server,47
dataset_1,full,everyday,47
dataset_1,full,modern,47
dataset_1,full,couldn't,47
dataset_1,full,among,47
dataset_1,full,otherwise,47
dataset_1,full,prefer,47
dataset_1,full,chemical,47
dataset_1,full,ive,47
dataset_1,full,ndon't,47
dataset_1,full,multiple,47
dataset_1,full,door,47
dataset_1,full,standard,46
dataset_1,full,race,46
dataset_1,full,crazy,46
dataset_1,full,yrs,46
dataset_1,full,changed,46
dataset_1,full,building,46
dataset_1,full,nas,46
dataset_1,full,nc,46
dataset_1,full,brought,46
dataset_1,full,freedom,46
dataset_1,full,nplease,46
dataset_1,full,window,46
dataset_1,full,band,46
dataset_1,full,solution,46
dataset_1,full,plants,46
dataset_1,full,resources,46
dataset_1,full,material,46
dataset_1,full,we're,46
dataset_1,full,turned,46
dataset_1,full,bank,46
dataset_1,full,factors,46
dataset_1,full,speaking,46
dataset_1,full,shouldn't,46
dataset_1,full,19,46
dataset_1,full,rid,46
dataset_1,full,pounds,46
dataset_1,full,angry,46
dataset_1,full,summer,46
dataset_1,full,seriously,46
dataset_1,full,title,46
dataset_1,full,property,46
dataset_1,full,machine,46
dataset_1,full,select,46
dataset_1,full,members,46
dataset_1,full,fit,45
dataset_1,full,square,45
dataset_1,full,didnt,45
dataset_1,full,object,45
dataset_1,full,nthen,45
dataset_1,full,moved,45
dataset_1,full,17,45
dataset_1,full,dating,45
dataset_1,full,faith,45
dataset_1,full,truly,45
dataset_1,full,ndo,45
dataset_1,full,press,45
dataset_1,full,bed,45
dataset_1,full,fan,45
dataset_1,full,penis,45
dataset_1,full,html,45
dataset_1,full,germany,45
dataset_1,full,spanish,45
dataset_1,full,character,45
dataset_1,full,management,44
dataset_1,full,deep,44
dataset_1,full,extra,44
dataset_1,full,bet,44
dataset_1,full,smart,44
dataset_1,full,growth,44
dataset_1,full,partner,44
dataset_1,full,county,44
dataset_1,full,judge,44
dataset_1,full,hip,44
dataset_1,full,twice,44
dataset_1,full,removed,44
dataset_1,full,costs,44
dataset_1,full,weird,44
dataset_1,full,ability,44
dataset_1,full,dark,44
dataset_1,full,dream,44
dataset_1,full,mad,44
dataset_1,full,net,44
dataset_1,full,tend,44
dataset_1,full,foods,44
dataset_1,full,classes,44
dataset_1,full,1st,44
dataset_1,full,york,44
dataset_1,full,hospital,44
dataset_1,full,felt,44
dataset_1,full,realize,44
dataset_1,full,crap,44
dataset_1,full,east,44
dataset_1,full,helped,43
dataset_1,full,feelings,43
dataset_1,full,solve,43
dataset_1,full,kinds,43
dataset_1,full,nb,43
dataset_1,full,nd,43
dataset_1,full,thoughts,43
dataset_1,full,receive,43
dataset_1,full,pages,43
dataset_1,full,individual,43
dataset_1,full,fighting,43
dataset_1,full,wedding,43
dataset_1,full,king,43
dataset_1,full,larger,43
dataset_1,full,extremely,43
dataset_1,full,nit's,43
dataset_1,full,finally,43
dataset_1,full,st,43
dataset_1,full,actual,43
dataset_1,full,location,43
dataset_1,full,reaction,43
dataset_1,full,handle,43
dataset_1,full,travel,43
dataset_1,full,don,43
dataset_1,full,pills,43
dataset_1,full,named,43
dataset_1,full,double,43
dataset_1,full,degrees,43
dataset_1,full,formula,42
dataset_1,full,determine,42
dataset_1,full,buying,42
dataset_1,full,becoming,42
dataset_1,full,peace,42
dataset_1,full,engineering,42
dataset_1,full,200,42
dataset_1,full,lack,42
dataset_1,full,require,42
dataset_1,full,fire,42
dataset_1,full,broken,42
dataset_1,full,l,42
dataset_1,full,knowing,42
dataset_1,full,holy,42
dataset_1,full,touch,42
dataset_1,full,proof,42
dataset_1,full,bf,42
dataset_1,full,learning,42
dataset_1,full,department,42
dataset_1,full,teach,42
dataset_1,full,smaller,42
dataset_1,full,est,42
dataset_1,full,fear,42
dataset_1,full,bone,42
dataset_1,full,contract,42
dataset_1,full,financial,41
dataset_1,full,regular,41
dataset_1,full,loose,41
dataset_1,full,private,41
dataset_1,full,biggest,41
dataset_1,full,weapons,41
dataset_1,full,traditional,41
dataset_1,full,prevent,41
dataset_1,full,plans,41
dataset_1,full,button,41
dataset_1,full,text,41
dataset_1,full,products,41
dataset_1,full,root,41
dataset_1,full,surface,41
dataset_1,full,stress,41
dataset_1,full,somebody,41
dataset_1,full,liked,41
dataset_1,full,besides,41
dataset_1,full,thinks,41
dataset_1,full,n6,41
dataset_1,full,sunday,41
dataset_1,full,activity,41
dataset_1,full,tired,41
dataset_1,full,purpose,41
dataset_1,full,license,41
dataset_1,full,article,41
dataset_1,full,alcohol,41
dataset_1,full,citizen,41
dataset_1,full,rich,41
dataset_1,full,who's,41
dataset_1,full,track,41
dataset_1,full,image,41
dataset_1,full,beat,41
dataset_1,full,nthanks,41
dataset_1,full,federal,41
dataset_1,full,exact,40
dataset_1,full,basis,40
dataset_1,full,california,40
dataset_1,full,mostly,40
dataset_1,full,item,40
dataset_1,full,flat,40
dataset_1,full,glass,40
dataset_1,full,co,40
dataset_1,full,draw,40
dataset_1,full,cover,40
dataset_1,full,nis,40
dataset_1,full,damage,40
dataset_1,full,profit,40
dataset_1,full,animal,40
dataset_1,full,disease,40
dataset_1,full,percent,40
dataset_1,full,range,40
dataset_1,full,computers,40
dataset_1,full,professional,40
dataset_1,full,al,40
dataset_1,full,cross,40
dataset_1,full,skills,40
dataset_1,full,calories,40
dataset_1,full,lyrics,40
dataset_1,full,ten,40
dataset_1,full,gotta,40
dataset_1,full,china,40
dataset_1,full,nation,40
dataset_1,full,folder,40
dataset_1,full,starts,40
dataset_1,full,ne,40
dataset_1,full,depression,40
dataset_1,full,iran,40
dataset_1,full,smoke,40
dataset_1,full,decided,39
dataset_1,full,lie,39
dataset_1,full,design,39
dataset_1,full,population,39
dataset_1,full,dna,39
dataset_1,full,quickly,39
dataset_1,full,height,39
dataset_1,full,seconds,39
dataset_1,full,begin,39
dataset_1,full,plenty,39
dataset_1,full,reference,39
dataset_1,full,daily,39
dataset_1,full,neither,39
dataset_1,full,directly,39
dataset_1,full,njust,39
dataset_1,full,watching,39
dataset_1,full,built,39
dataset_1,full,voice,39
dataset_1,full,marry,39
dataset_1,full,pregnant,39
dataset_1,full,unfortunately,39
dataset_1,full,indian,39
dataset_1,full,nwe,39
dataset_1,full,drinking,39
dataset_1,full,civil,39
dataset_1,full,quick,39
dataset_1,full,tough,39
dataset_1,full,parent,39
dataset_1,full,japan,39
dataset_1,full,statement,38
dataset_1,full,direction,38
dataset_1,full,quality,38
dataset_1,full,format,38
dataset_1,full,heavy,38
dataset_1,full,round,38
dataset_1,full,keeps,38
dataset_1,full,nthey,38
dataset_1,full,various,38
dataset_1,full,suggestions,38
dataset_1,full,acts,38
dataset_1,full,appreciated,38
dataset_1,full,error,38
dataset_1,full,n8,38
dataset_1,full,breath,38
dataset_1,full,doctors,38
dataset_1,full,intelligence,38
dataset_1,full,finding,38
dataset_1,full,approach,38
dataset_1,full,opposite,38
dataset_1,full,requires,38
dataset_1,full,wonder,38
dataset_1,full,gravity,38
dataset_1,full,sentence,38
dataset_1,full,spyware,38
dataset_1,full,cable,38
dataset_1,full,debt,38
dataset_1,full,mark,38
dataset_1,full,values,37
dataset_1,full,german,37
dataset_1,full,criminal,37
dataset_1,full,sister,37
dataset_1,full,primary,37
dataset_1,full,sale,37
dataset_1,full,objects,37
dataset_1,full,microsoft,37
dataset_1,full,previous,37
dataset_1,full,received,37
dataset_1,full,n7,37
dataset_1,full,held,37
dataset_1,full,cheap,37
dataset_1,full,club,37
dataset_1,full,baseball,37
dataset_1,full,metal,37
dataset_1,full,zero,37
dataset_1,full,disk,37
dataset_1,full,appear,37
dataset_1,full,appreciate,37
dataset_1,full,500,37
dataset_1,full,chances,37
dataset_1,full,fill,37
dataset_1,full,22,37
dataset_1,full,floor,37
dataset_1,full,cuz,36
dataset_1,full,acting,36
dataset_1,full,broke,36
dataset_1,full,standing,36
dataset_1,full,injury,36
dataset_1,full,potential,36
dataset_1,full,improve,36
dataset_1,full,certainly,36
dataset_1,full,deserve,36
dataset_1,full,god's,36
dataset_1,full,slowly,36
dataset_1,full,nearly,36
dataset_1,full,mention,36
dataset_1,full,stick,36
dataset_1,full,monthly,36
dataset_1,full,foot,36
dataset_1,full,produce,36
dataset_1,full,patient,36
dataset_1,full,meant,36
dataset_1,full,carry,36
dataset_1,full,absolutely,36
dataset_1,full,connect,36
dataset_1,full,constitution,36
dataset_1,full,attorney,36
dataset_1,full,electrons,36
dataset_1,full,owner,36
dataset_1,full,studies,36
dataset_1,full,waiting,36
dataset_1,full,evil,36
dataset_1,full,noticed,36
dataset_1,full,busy,36
dataset_1,full,studying,36
dataset_1,full,battle,36
dataset_1,full,kg,36
dataset_1,full,smoking,36
dataset_1,full,23,35
dataset_1,full,nations,35
dataset_1,full,decision,35
dataset_1,full,dreams,35
dataset_1,full,ended,35
dataset_1,full,ends,35
dataset_1,full,possibly,35
dataset_1,full,teams,35
dataset_1,full,goals,35
dataset_1,full,tools,35
dataset_1,full,super,35
dataset_1,full,caused,35
dataset_1,full,christianity,35
dataset_1,full,scared,35
dataset_1,full,payment,35
dataset_1,full,describe,35
dataset_1,full,protect,35
dataset_1,full,teeth,35
dataset_1,full,solid,35
dataset_1,full,beginning,35
dataset_1,full,purchase,35
dataset_1,full,table,35
dataset_1,full,pro,35
dataset_1,full,user,35
dataset_1,full,application,35
dataset_1,full,gotten,35
dataset_1,full,condition,35
dataset_1,full,imagine,35
dataset_1,full,bunch,35
dataset_1,full,bought,35
dataset_1,full,stores,35
dataset_1,full,setting,35
dataset_1,full,mobile,35
dataset_1,full,causing,35
dataset_1,full,2000,35
dataset_1,full,dr,35
dataset_1,full,wall,35
dataset_1,full,passed,35
dataset_1,full,examples,35
dataset_1,full,documents,35
dataset_1,full,art,35
dataset_1,full,citizens,35
dataset_1,full,prices,35
dataset_1,full,role,34
dataset_1,full,individuals,34
dataset_1,full,economy,34
dataset_1,full,particular,34
dataset_1,full,dangerous,34
dataset_1,full,nwhy,34
dataset_1,full,seek,34
dataset_1,full,greatest,34
dataset_1,full,piece,34
dataset_1,full,six,34
dataset_1,full,calling,34
dataset_1,full,stopped,34
dataset_1,full,active,34
dataset_1,full,memory,34
dataset_1,full,showing,34
dataset_1,full,listed,34
dataset_1,full,cookies,34
dataset_1,full,password,34
dataset_1,full,kept,34
dataset_1,full,sport,34
dataset_1,full,afford,34
dataset_1,full,volume,34
dataset_1,full,lines,34
dataset_1,full,sources,34
dataset_1,full,onto,34
dataset_1,full,occurs,34
dataset_1,full,forever,34
dataset_1,full,unique,34
dataset_1,full,bigger,34
dataset_1,full,planning,34
dataset_1,full,dollars,34
dataset_1,full,groups,34
dataset_1,full,ie,34
dataset_1,full,drop,34
dataset_1,full,un,34
dataset_1,full,le,34
dataset_1,full,yo,34
dataset_1,full,miss,34
dataset_1,full,till,34
dataset_1,full,domain,34
dataset_1,full,worst,34
dataset_1,full,cal,34
dataset_1,full,harder,34
dataset_1,full,severe,34
dataset_1,full,trial,34
dataset_1,full,calls,34
dataset_1,full,allows,34
dataset_1,full,cure,34
dataset_1,full,jump,34
dataset_1,full,normally,34
dataset_1,full,attacks,34
dataset_1,full,dogs,34
dataset_1,full,equation,33
dataset_1,full,flow,33
dataset_1,full,express,33
dataset_1,full,laugh,33
dataset_1,full,comfortable,33
dataset_1,full,congress,33
dataset_1,full,powerful,33
dataset_1,full,canadian,33
dataset_1,full,method,33
dataset_1,full,wat,33
dataset_1,full,release,33
dataset_1,full,device,33
dataset_1,full,tool,33
dataset_1,full,explorer,33
dataset_1,full,member,33
dataset_1,full,highest,33
dataset_1,full,leaves,33
dataset_1,full,solar,33
dataset_1,full,species,33
dataset_1,full,environment,33
dataset_1,full,fake,33
dataset_1,full,levels,33
dataset_1,full,id,33
dataset_1,full,shot,33
dataset_1,full,includes,33
dataset_1,full,success,33
dataset_1,full,curious,33
dataset_1,full,ph,33
dataset_1,full,instance,33
dataset_1,full,amazing,33
dataset_1,full,learned,33
dataset_1,full,mr,33
dataset_1,full,further,33
dataset_1,full,marketing,33
dataset_1,full,conversation,33
dataset_1,full,leaving,33
dataset_1,full,turns,33
dataset_1,full,background,33
dataset_1,full,mouth,33
dataset_1,full,browser,33
dataset_1,full,pre,33
dataset_1,full,waste,33
dataset_1,full,religions,33
dataset_1,full,latin,33
dataset_1,full,strength,33
dataset_1,full,james,33
dataset_1,full,caught,33
dataset_1,full,millions,33
dataset_1,full,official,33
dataset_1,full,islam,33
dataset_1,full,workout,33
dataset_1,full,burning,33
dataset_1,full,gold,33
dataset_1,full,3rd,33
dataset_1,full,limited,33
dataset_1,full,tests,33
dataset_1,full,nhere,32
dataset_1,full,personality,32
dataset_1,full,successful,32
dataset_1,full,complex,32
dataset_1,full,former,32
dataset_1,full,legs,32
dataset_1,full,prayers,32
dataset_1,full,block,32
dataset_1,full,nobody,32
dataset_1,full,soil,32
dataset_1,full,direct,32
dataset_1,full,located,32
dataset_1,full,push,32
dataset_1,full,ahead,32
dataset_1,full,aliens,32
dataset_1,full,universe,32
dataset_1,full,ip,32
dataset_1,full,clothes,32
dataset_1,full,differences,32
dataset_1,full,administration,32
dataset_1,full,boss,32
dataset_1,full,cash,32
dataset_1,full,regarding,32
dataset_1,full,chemistry,32
dataset_1,full,yours,32
dataset_1,full,central,32
dataset_1,full,que,32
dataset_1,full,sad,32
dataset_1,full,majority,32
dataset_1,full,sides,32
dataset_1,full,catch,32
dataset_1,full,wearing,32
dataset_1,full,ocean,32
dataset_1,full,content,32
dataset_1,full,fans,32
dataset_1,full,definition,32
dataset_1,full,forward,32
dataset_1,full,sugar,32
dataset_1,full,became,32
dataset_1,full,nwho,32
dataset_1,full,helpful,32
dataset_1,full,here's,32
dataset_1,full,serve,32
dataset_1,full,convert,32
dataset_1,full,confidence,32
dataset_1,full,ratio,32
dataset_1,full,secret,32
dataset_1,full,conditions,31
dataset_1,full,putting,31
dataset_1,full,friendship,31
dataset_1,full,mode,31
dataset_1,full,core,31
dataset_1,full,ny,31
dataset_1,full,drivers,31
dataset_1,full,belief,31
dataset_1,full,expensive,31
dataset_1,full,june,31
dataset_1,full,suppose,31
dataset_1,full,update,31
dataset_1,full,killing,31
dataset_1,full,shape,31
dataset_1,full,cute,31
dataset_1,full,router,31
dataset_1,full,terrorist,31
dataset_1,full,confused,31
dataset_1,full,prison,31
dataset_1,full,adult,31
dataset_1,full,butt,31
dataset_1,full,inches,31
dataset_1,full,behavior,31
dataset_1,full,hasn't,31
dataset_1,full,steps,31
dataset_1,full,nall,31
dataset_1,full,divide,31
dataset_1,full,policy,31
dataset_1,full,missing,31
dataset_1,full,sexy,31
dataset_1,full,mortgage,31
dataset_1,full,muslim,31
dataset_1,full,mentioned,31
dataset_1,full,shop,31
dataset_1,full,coach,31
dataset_1,full,occur,31
dataset_1,full,thousand,31
dataset_1,full,sweet,31
dataset_1,full,spell,31
dataset_1,full,chest,31
dataset_1,full,keeping,31
dataset_1,full,35,31
dataset_1,full,kiss,31
dataset_1,full,eisenhower,31
dataset_1,full,benefits,30
dataset_1,full,dress,30
dataset_1,full,driving,30
dataset_1,full,crime,30
dataset_1,full,independent,30
dataset_1,full,understanding,30
dataset_1,full,somehow,30
dataset_1,full,2004,30
dataset_1,full,nuclear,30
dataset_1,full,hole,30
dataset_1,full,closer,30
dataset_1,full,cheating,30
dataset_1,full,additional,30
dataset_1,full,recent,30
dataset_1,full,upper,30
dataset_1,full,selling,30
dataset_1,full,driver,30
dataset_1,full,protection,30
dataset_1,full,ages,30
dataset_1,full,upset,30
dataset_1,full,request,30
dataset_1,full,applied,30
dataset_1,full,seven,30
dataset_1,full,nthat,30
dataset_1,full,unit,30
dataset_1,full,sales,30
dataset_1,full,younger,30
dataset_1,full,plate,30
dataset_1,full,medication,30
dataset_1,full,goal,30
dataset_1,full,tips,30
dataset_1,full,saved,30
dataset_1,full,responsible,30
dataset_1,full,destroy,30
dataset_1,full,pm,30
dataset_1,full,greek,30
dataset_1,full,agent,30
dataset_1,full,began,30
dataset_1,full,metabolism,30
dataset_1,full,inner,30
dataset_1,full,wireless,30
dataset_1,full,fee,30
dataset_1,full,finger,30
dataset_1,full,style,30
dataset_1,full,miles,30
dataset_1,full,hockey,30
dataset_1,full,helping,29
dataset_1,full,capital,29
dataset_1,full,300,29
dataset_1,full,aware,29
dataset_1,full,fully,29
dataset_1,full,sold,29
dataset_1,full,joke,29
dataset_1,full,benefit,29
dataset_1,full,jail,29
dataset_1,full,users,29
dataset_1,full,scale,29
dataset_1,full,wide,29
dataset_1,full,activities,29
dataset_1,full,street,29
dataset_1,full,da,29
dataset_1,full,plays,29
dataset_1,full,obtain,29
dataset_1,full,engine,29
dataset_1,full,tab,29
dataset_1,full,equipment,29
dataset_1,full,roots,29
dataset_1,full,oxygen,29
dataset_1,full,forces,29
dataset_1,full,immediately,29
dataset_1,full,beyond,29
dataset_1,full,transfer,29
dataset_1,full,images,29
dataset_1,full,scores,29
dataset_1,full,separate,29
dataset_1,full,nhowever,29
dataset_1,full,scientists,29
dataset_1,full,physics,29
dataset_1,full,worried,29
dataset_1,full,graduate,29
dataset_1,full,draft,29
dataset_1,full,tomorrow,29
dataset_1,full,master,29
dataset_1,full,dirty,29
dataset_1,full,invented,29
dataset_1,full,minute,29
dataset_1,full,iron,29
dataset_1,full,artist,29
dataset_1,full,chinese,29
dataset_1,full,comments,29
dataset_1,full,dance,29
dataset_1,full,materials,29
dataset_1,full,pure,29
dataset_1,full,bonds,29
dataset_1,full,agency,29
dataset_1,full,europe,29
dataset_1,full,stronger,29
dataset_1,full,happening,29
dataset_1,full,scientific,29
dataset_1,full,ppl,29
dataset_1,full,anger,29
dataset_1,full,road,29
dataset_1,full,et,29
dataset_1,full,ln,29
dataset_1,full,factor,28
dataset_1,full,records,28
dataset_1,full,neck,28
dataset_1,full,menu,28
dataset_1,full,stars,28
dataset_1,full,industry,28
dataset_1,full,items,28
dataset_1,full,pi,28
dataset_1,full,signs,28
dataset_1,full,response,28
dataset_1,full,repeat,28
dataset_1,full,wind,28
dataset_1,full,included,28
dataset_1,full,settings,28
dataset_1,full,developed,28
dataset_1,full,experienced,28
dataset_1,full,refer,28
dataset_1,full,tree,28
dataset_1,full,28,28
dataset_1,full,manager,28
dataset_1,full,concept,28
dataset_1,full,changing,28
dataset_1,full,increased,28
dataset_1,full,bacteria,28
dataset_1,full,concentration,28
dataset_1,full,toward,28
dataset_1,full,hopefully,28
dataset_1,full,29,28
dataset_1,full,guide,28
dataset_1,full,provided,28
dataset_1,full,effective,28
dataset_1,full,fellow,28
dataset_1,full,lets,28
dataset_1,full,dinner,28
dataset_1,full,event,28
dataset_1,full,apr,28
dataset_1,full,stated,28
dataset_1,full,closed,28
dataset_1,full,gun,28
dataset_1,full,appears,28
dataset_1,full,jewish,28
dataset_1,full,reach,28
dataset_1,full,african,28
dataset_1,full,clinton,28
dataset_1,full,chat,28
dataset_1,full,assuming,28
dataset_1,full,stuck,28
dataset_1,full,global,28
dataset_1,full,technical,28
dataset_1,full,shall,28
dataset_1,full,whom,28
dataset_1,full,emotional,28
dataset_1,full,jersey,28
dataset_1,full,prescription,28
dataset_1,full,inch,28
dataset_1,full,submit,28
dataset_1,full,australia,28
dataset_1,full,mac,28
dataset_1,full,commercial,28
dataset_1,full,beliefs,28
dataset_1,full,sat,28
dataset_1,full,hearing,28
dataset_1,full,david,28
dataset_1,full,arms,28
dataset_1,full,2002,28
dataset_1,full,stock,28
dataset_1,full,saddam,28
dataset_1,full,useful,28
dataset_1,full,nx,27
dataset_1,full,perfectly,27
dataset_1,full,structure,27
dataset_1,full,actions,27
dataset_1,full,alive,27
dataset_1,full,mess,27
dataset_1,full,respond,27
dataset_1,full,videos,27
dataset_1,full,necessarily,27
dataset_1,full,union,27
dataset_1,full,soul,27
dataset_1,full,maintain,27
dataset_1,full,catholic,27
dataset_1,full,electricity,27
dataset_1,full,apart,27
dataset_1,full,ugly,27
dataset_1,full,3x,27
dataset_1,full,golf,27
dataset_1,full,edition,27
dataset_1,full,film,27
dataset_1,full,opinions,27
dataset_1,full,investment,27
dataset_1,full,specifically,27
dataset_1,full,triangle,27
dataset_1,full,nno,27
dataset_1,full,excellent,27
dataset_1,full,2x,27
dataset_1,full,addition,27
dataset_1,full,pieces,27
dataset_1,full,proud,27
dataset_1,full,opportunity,27
dataset_1,full,fought,27
dataset_1,full,properties,27
dataset_1,full,j,27
dataset_1,full,everybody,27
dataset_1,full,spiritual,27
dataset_1,full,originally,27
dataset_1,full,mathematics,27
dataset_1,full,highly,27
dataset_1,full,meals,27
dataset_1,full,nhe,27
dataset_1,full,africa,27
dataset_1,full,cards,27
dataset_1,full,library,27
dataset_1,full,salt,27
dataset_1,full,fish,27
dataset_1,full,interview,27
dataset_1,full,easter,27
dataset_1,full,nose,27
dataset_1,full,offers,27
dataset_1,full,holding,27
dataset_1,full,republicans,27
dataset_1,full,spread,27
dataset_1,full,wow,27
dataset_1,full,nov,27
dataset_1,full,impact,26
dataset_1,full,returns,26
dataset_1,full,trade,26
dataset_1,full,adam,26
dataset_1,full,talked,26
dataset_1,full,port,26
dataset_1,full,businesses,26
dataset_1,full,recognize,26
dataset_1,full,fault,26
dataset_1,full,worship,26
dataset_1,full,wrote,26
dataset_1,full,motion,26
dataset_1,full,joint,26
dataset_1,full,advance,26
dataset_1,full,maximum,26
dataset_1,full,sky,26
dataset_1,full,blame,26
dataset_1,full,facts,26
dataset_1,full,dog,26
dataset_1,full,vehicle,26
dataset_1,full,wood,26
dataset_1,full,automatically,26
dataset_1,full,overall,26
dataset_1,full,dealing,26
dataset_1,full,bored,26
dataset_1,full,sitting,26
dataset_1,full,terrorists,26
dataset_1,full,smell,26
dataset_1,full,accepted,26
dataset_1,full,throw,26
dataset_1,full,kinda,26
dataset_1,full,july,26
dataset_1,full,du,26
dataset_1,full,paul,26
dataset_1,full,rates,26
dataset_1,full,focus,26
dataset_1,full,compared,26
dataset_1,full,immigration,26
dataset_1,full,70,26
dataset_1,full,persons,26
dataset_1,full,truck,26
dataset_1,full,begins,26
dataset_1,full,expected,26
dataset_1,full,27,26
dataset_1,full,atom,26
dataset_1,full,lottery,26
dataset_1,full,allah,26
dataset_1,full,rare,26
dataset_1,full,vary,26
dataset_1,full,fell,26
dataset_1,full,spent,26
dataset_1,full,32,26
dataset_1,full,you'd,26
dataset_1,full,funds,26
dataset_1,full,border,26
dataset_1,full,engines,26
dataset_1,full,ring,26
dataset_1,full,pair,26
dataset_1,full,agencies,26
dataset_1,full,orgasm,26
dataset_1,full,shirt,26
dataset_1,full,illegals,26
dataset_1,full,ndwight,26
dataset_1,full,n10,25
dataset_1,full,contain,25
dataset_1,full,attracted,25
dataset_1,full,taste,25
dataset_1,full,designed,25
dataset_1,full,brazil,25
dataset_1,full,politics,25
dataset_1,full,raised,25
dataset_1,full,ram,25
dataset_1,full,taught,25
dataset_1,full,sins,25
dataset_1,full,variety,25
dataset_1,full,payments,25
dataset_1,full,failed,25
dataset_1,full,document,25
dataset_1,full,procedure,25
dataset_1,full,profile,25
dataset_1,full,hang,25
dataset_1,full,metals,25
dataset_1,full,via,25
dataset_1,full,defense,25
dataset_1,full,msn,25
dataset_1,full,ngo,25
dataset_1,full,league,25
dataset_1,full,salary,25
dataset_1,full,opening,25
dataset_1,full,sore,25
dataset_1,full,bother,25
dataset_1,full,leg,25
dataset_1,full,hello,25
dataset_1,full,earn,25
dataset_1,full,treated,25
dataset_1,full,path,25
dataset_1,full,en,25
dataset_1,full,shut,25
dataset_1,full,magnetic,25
dataset_1,full,effort,25
dataset_1,full,gym,25
dataset_1,full,weekend,25
dataset_1,full,tissue,25
dataset_1,full,chicken,25
dataset_1,full,lived,25
dataset_1,full,century,25
dataset_1,full,colors,25
dataset_1,full,ride,25
dataset_1,full,patients,25
dataset_1,full,finish,25
dataset_1,full,nvs,25
dataset_1,full,rice,25
dataset_1,full,wash,25
dataset_1,full,river,25
dataset_1,full,ohio,25
dataset_1,full,slightly,25
dataset_1,full,impossible,25
dataset_1,full,excuse,25
dataset_1,full,spelling,25
dataset_1,full,wheel,25
dataset_1,full,status,25
dataset_1,full,mainly,25
dataset_1,full,dated,25
dataset_1,full,turkey,25
dataset_1,full,split,25
dataset_1,full,java,25
dataset_1,full,nq,25
dataset_1,full,islamic,25
dataset_1,full,installed,24
dataset_1,full,mutual,24
dataset_1,full,remain,24
dataset_1,full,customer,24
dataset_1,full,chain,24
dataset_1,full,sending,24
dataset_1,full,manage,24
dataset_1,full,yellow,24
dataset_1,full,mate,24
dataset_1,full,nthank,24
dataset_1,full,charges,24
dataset_1,full,famous,24
dataset_1,full,characters,24
dataset_1,full,watched,24
dataset_1,full,milk,24
dataset_1,full,trick,24
dataset_1,full,assistance,24
dataset_1,full,carbon,24
dataset_1,full,hydrogen,24
dataset_1,full,cycle,24
dataset_1,full,generation,24
dataset_1,full,define,24
dataset_1,full,toefl,24
dataset_1,full,considering,24
dataset_1,full,desire,24
dataset_1,full,depressed,24
dataset_1,full,mental,24
dataset_1,full,apparently,24
dataset_1,full,mexican,24
dataset_1,full,lying,24
dataset_1,full,thin,24
dataset_1,full,typically,24
dataset_1,full,divorce,24
dataset_1,full,ill,24
dataset_1,full,answering,24
dataset_1,full,they'll,24
dataset_1,full,justice,24
dataset_1,full,provides,24
dataset_1,full,atoms,24
dataset_1,full,aid,24
dataset_1,full,machines,24
dataset_1,full,accurate,24
dataset_1,full,moon,24
dataset_1,full,mountain,24
dataset_1,full,filled,24
dataset_1,full,referred,24
dataset_1,full,creating,24
dataset_1,full,nmaybe,24
dataset_1,full,native,24
dataset_1,full,properly,24
dataset_1,full,billion,24
dataset_1,full,empty,24
dataset_1,full,movement,24
dataset_1,full,careful,24
dataset_1,full,theres,24
dataset_1,full,balls,24
dataset_1,full,panel,24
dataset_1,full,offered,24
dataset_1,full,asks,24
dataset_1,full,ensure,24
dataset_1,full,nwell,24
dataset_1,full,october,24
dataset_1,full,rent,24
dataset_1,full,speech,24
dataset_1,full,axis,24
dataset_1,full,butter,24
dataset_1,full,advertising,24
dataset_1,full,attend,24
dataset_1,full,ft,24
dataset_1,full,dust,24
dataset_1,full,ruby,24
dataset_1,full,lease,23
dataset_1,full,recorded,23
dataset_1,full,corner,23
dataset_1,full,established,23
dataset_1,full,developing,23
dataset_1,full,languages,23
dataset_1,full,production,23
dataset_1,full,reduce,23
dataset_1,full,march,23
dataset_1,full,printer,23
dataset_1,full,nsome,23
dataset_1,full,charged,23
dataset_1,full,hence,23
dataset_1,full,thier,23
dataset_1,full,electrical,23
dataset_1,full,horrible,23
dataset_1,full,sweat,23
dataset_1,full,attempt,23
dataset_1,full,nright,23
dataset_1,full,contains,23
dataset_1,full,2nd,23
dataset_1,full,amounts,23
dataset_1,full,bay,23
dataset_1,full,phase,23
dataset_1,full,continues,23
dataset_1,full,supply,23
dataset_1,full,spring,23
dataset_1,full,90,23
dataset_1,full,silly,23
dataset_1,full,wonderful,23
dataset_1,full,throat,23
dataset_1,full,episode,23
dataset_1,full,bag,23
dataset_1,full,limit,23
dataset_1,full,valid,23
dataset_1,full,perform,23
dataset_1,full,lady,23
dataset_1,full,yesterday,23
dataset_1,full,measure,23
dataset_1,full,mid,23
dataset_1,full,indeed,23
dataset_1,full,sleeping,23
dataset_1,full,british,23
dataset_1,full,shoot,23
dataset_1,full,trees,23
dataset_1,full,henry,23
dataset_1,full,obvious,23
dataset_1,full,sucks,23
dataset_1,full,hes,23
dataset_1,full,limewire,23
dataset_1,full,task,23
dataset_1,full,nervous,23
dataset_1,full,hurts,23
dataset_1,full,relative,23
dataset_1,full,disorder,23
dataset_1,full,portion,23
dataset_1,full,pls,23
dataset_1,full,rise,23
dataset_1,full,meat,23
dataset_1,full,sum,23
dataset_1,full,heating,23
dataset_1,full,largest,23
dataset_1,full,2003,23
dataset_1,full,smile,23
dataset_1,full,searching,23
dataset_1,full,biological,23
dataset_1,full,tested,23
dataset_1,full,birthday,23
dataset_1,full,added,23
dataset_1,full,warm,23
dataset_1,full,instructions,23
dataset_1,full,thru,23
dataset_1,full,raise,23
dataset_1,full,cm,23
dataset_1,full,correctly,23
dataset_1,full,cities,23
dataset_1,full,false,23
dataset_1,full,shes,23
dataset_1,full,element,23
dataset_1,full,israel,23
dataset_1,full,counseling,23
dataset_1,full,economic,23
dataset_1,full,random,23
dataset_1,full,liver,23
dataset_1,full,dumb,23
dataset_1,full,nasty,23
dataset_1,full,scan,23
dataset_1,full,fastest,23
dataset_1,full,golden,23
dataset_1,full,employer,23
dataset_1,full,wave,23
dataset_1,full,safety,23
dataset_1,full,everytime,22
dataset_1,full,possibility,22
dataset_1,full,pants,22
dataset_1,full,communicate,22
dataset_1,full,increases,22
dataset_1,full,load,22
dataset_1,full,pool,22
dataset_1,full,bin,22
dataset_1,full,operation,22
dataset_1,full,yard,22
dataset_1,full,affair,22
dataset_1,full,april,22
dataset_1,full,flash,22
dataset_1,full,isnt,22
dataset_1,full,knee,22
dataset_1,full,decent,22
dataset_1,full,performance,22
dataset_1,full,lucky,22
dataset_1,full,rarely,22
dataset_1,full,ms,22
dataset_1,full,stands,22
dataset_1,full,election,22
dataset_1,full,checked,22
dataset_1,full,affected,22
dataset_1,full,train,22
dataset_1,full,talent,22
dataset_1,full,outlook,22
dataset_1,full,grown,22
dataset_1,full,nat,22
dataset_1,full,spending,22
dataset_1,full,existing,22
dataset_1,full,n9,22
dataset_1,full,sharing,22
dataset_1,full,usual,22
dataset_1,full,nerve,22
dataset_1,full,testing,22
dataset_1,full,damn,22
dataset_1,full,refers,22
dataset_1,full,tennis,22
dataset_1,full,suffer,22
dataset_1,full,theme,22
dataset_1,full,requirements,22
dataset_1,full,il,22
dataset_1,full,buyers,22
dataset_1,full,lazy,22
dataset_1,full,analysis,22
dataset_1,full,fairly,22
dataset_1,full,leader,22
dataset_1,full,wit,22
dataset_1,full,station,22
dataset_1,full,physician,22
dataset_1,full,monitor,22
dataset_1,full,thousands,22
dataset_1,full,aim,22
dataset_1,full,discovered,22
dataset_1,full,florida,22
dataset_1,full,reverse,22
dataset_1,full,downloaded,22
dataset_1,full,sings,22
dataset_1,full,sec,22
dataset_1,full,noh,22
dataset_1,full,pet,22
dataset_1,full,06,22
dataset_1,full,argentina,22
dataset_1,full,genetic,22
dataset_1,full,prime,22
dataset_1,full,nyour,22
dataset_1,full,appropriate,22
dataset_1,full,bike,22
dataset_1,full,winter,22
dataset_1,full,phrase,22
dataset_1,full,std,22
dataset_1,full,constant,22
dataset_1,full,racist,22
dataset_1,full,insulin,22
dataset_1,full,fiber,22
dataset_1,full,shame,22
dataset_1,full,carolina,22
dataset_1,full,events,22
dataset_1,full,capable,22
dataset_1,full,nget,22
dataset_1,full,ups,22
dataset_1,full,ladies,22
dataset_1,full,bid,22
dataset_1,full,easiest,22
dataset_1,full,convince,22
dataset_1,full,topic,22
dataset_1,full,pump,22
dataset_1,full,answered,22
dataset_1,full,failure,22
dataset_1,full,lunch,22
dataset_1,full,tube,22
dataset_1,full,shake,22
dataset_1,full,egg,22
dataset_1,full,swimming,22
dataset_1,full,breast,22
dataset_1,full,immune,22
dataset_1,full,patent,22
dataset_1,full,extreme,21
dataset_1,full,nuts,21
dataset_1,full,joe,21
dataset_1,full,we've,21
dataset_1,full,massive,21
dataset_1,full,heads,21
dataset_1,full,target,21
dataset_1,full,threat,21
dataset_1,full,processes,21
dataset_1,full,regularly,21
dataset_1,full,fixed,21
dataset_1,full,counter,21
dataset_1,full,weights,21
dataset_1,full,initial,21
dataset_1,full,vice,21
dataset_1,full,satan,21
dataset_1,full,magazine,21
dataset_1,full,liquid,21
dataset_1,full,dental,21
dataset_1,full,dentist,21
dataset_1,full,photo,21
dataset_1,full,provider,21
dataset_1,full,wwe,21
dataset_1,full,shy,21
dataset_1,full,resume,21
dataset_1,full,n11,21
dataset_1,full,whose,21
dataset_1,full,posted,21
dataset_1,full,essay,21
dataset_1,full,throughout,21
dataset_1,full,estate,21
dataset_1,full,wise,21
dataset_1,full,potassium,21
dataset_1,full,choices,21
dataset_1,full,qualify,21
dataset_1,full,album,21
dataset_1,full,weak,21
dataset_1,full,cry,21
dataset_1,full,stored,21
dataset_1,full,emails,21
dataset_1,full,region,21
dataset_1,full,coast,21
dataset_1,full,exam,21
dataset_1,full,honestly,21
dataset_1,full,cpu,21
dataset_1,full,hitler,21
dataset_1,full,pays,21
dataset_1,full,demand,21
dataset_1,full,dsl,21
dataset_1,full,origin,21
dataset_1,full,western,21
dataset_1,full,dry,21
dataset_1,full,electric,21
dataset_1,full,chose,21
dataset_1,full,nof,21
dataset_1,full,alternative,21
dataset_1,full,december,21
dataset_1,full,edit,21
dataset_1,full,rude,21
dataset_1,full,verb,21
dataset_1,full,schedule,21
dataset_1,full,homework,21
dataset_1,full,bottle,21
dataset_1,full,26,21
dataset_1,full,nfrom,21
dataset_1,full,immigrants,21
dataset_1,full,pregnancy,21
dataset_1,full,nba,21
dataset_1,full,tip,21
dataset_1,full,females,21
dataset_1,full,lists,21
dataset_1,full,audio,21
dataset_1,full,exercises,21
dataset_1,full,frequency,21
dataset_1,full,gene,21
dataset_1,full,mount,21
dataset_1,full,combination,21
dataset_1,full,cares,21
dataset_1,full,michigan,21
dataset_1,full,runs,21
dataset_1,full,liberal,21
dataset_1,full,heal,21
dataset_1,full,nwith,21
dataset_1,full,sue,21
dataset_1,full,drunk,21
dataset_1,full,cutting,21
dataset_1,full,therapy,21
dataset_1,full,ipod,21
dataset_1,full,explanation,21
dataset_1,full,spam,21
dataset_1,full,we'll,21
dataset_1,full,rural,21
dataset_1,full,quote,21
dataset_1,full,fifa,21
dataset_1,full,astrology,21
dataset_1,full,breathing,21
dataset_1,full,avatar,21
dataset_1,full,pisces,21
dataset_1,full,coconut,21
dataset_1,full,operating,20
dataset_1,full,showed,20
dataset_1,full,mix,20
dataset_1,full,ad,20
dataset_1,full,lasted,20
dataset_1,full,digital,20
dataset_1,full,bathroom,20
dataset_1,full,despite,20
dataset_1,full,council,20
dataset_1,full,italy,20
dataset_1,full,european,20
dataset_1,full,london,20
dataset_1,full,articles,20
dataset_1,full,brothers,20
dataset_1,full,dies,20
dataset_1,full,breaking,20
dataset_1,full,fail,20
dataset_1,full,bodies,20
dataset_1,full,accident,20
dataset_1,full,itunes,20
dataset_1,full,minimum,20
dataset_1,full,tom,20
dataset_1,full,hundred,20
dataset_1,full,channel,20
dataset_1,full,downloading,20
dataset_1,full,regions,20
dataset_1,full,clearly,20
dataset_1,full,produced,20
dataset_1,full,minor,20
dataset_1,full,weigh,20
dataset_1,full,percentage,20
dataset_1,full,adoption,20
dataset_1,full,moral,20
dataset_1,full,friendly,20
dataset_1,full,pr,20
dataset_1,full,courts,20
dataset_1,full,nope,20
dataset_1,full,sqrt,20
dataset_1,full,sand,20
dataset_1,full,chosen,20
dataset_1,full,exams,20
dataset_1,full,relatively,20
dataset_1,full,referring,20
dataset_1,full,williams,20
dataset_1,full,nany,20
dataset_1,full,pulled,20
dataset_1,full,arts,20
dataset_1,full,division,20
dataset_1,full,shoes,20
dataset_1,full,organized,20
dataset_1,full,je,20
dataset_1,full,ii,20
dataset_1,full,washington,20
dataset_1,full,citizenship,20
dataset_1,full,45,20
dataset_1,full,engineer,20
dataset_1,full,constantly,20
dataset_1,full,cars,20
dataset_1,full,compare,20
dataset_1,full,lift,20
dataset_1,full,ship,20
dataset_1,full,pray,20
dataset_1,full,39,20
dataset_1,full,tons,20
dataset_1,full,planets,20
dataset_1,full,concern,20
dataset_1,full,unable,20
dataset_1,full,sentences,20
dataset_1,full,tape,20
dataset_1,full,mba,20
dataset_1,full,banking,20
dataset_1,full,brand,20
dataset_1,full,protein,20
dataset_1,full,36,20
dataset_1,full,fruits,20
dataset_1,full,spain,20
dataset_1,full,pack,20
dataset_1,full,wake,20
dataset_1,full,rotation,20
dataset_1,full,havent,20
dataset_1,full,anxiety,20
dataset_1,full,resource,20
dataset_1,full,applications,20
dataset_1,full,capacity,20
dataset_1,full,reply,20
dataset_1,full,guilty,20
dataset_1,full,lifetime,20
dataset_1,full,flying,20
dataset_1,full,fiance,20
dataset_1,full,wouldnt,20
dataset_1,full,southern,20
dataset_1,full,michael,20
dataset_1,full,checking,20
dataset_1,full,processing,20
dataset_1,full,edge,20
dataset_1,full,flows,20
dataset_1,full,grant,20
dataset_1,full,stone,20
dataset_1,full,universal,20
dataset_1,full,legally,20
dataset_1,full,forced,20
dataset_1,full,herpes,20
dataset_1,full,tall,20
dataset_1,full,released,20
dataset_1,full,cloud,20
dataset_1,full,rehab,20
dataset_1,full,hire,20
dataset_1,full,goods,19
dataset_1,full,authority,19
dataset_1,full,elected,19
dataset_1,full,claims,19
dataset_1,full,discuss,19
dataset_1,full,collection,19
dataset_1,full,proven,19
dataset_1,full,exchange,19
dataset_1,full,brings,19
dataset_1,full,snow,19
dataset_1,full,voted,19
dataset_1,full,aids,19
dataset_1,full,matches,19
dataset_1,full,published,19
dataset_1,full,fly,19
dataset_1,full,velocity,19
dataset_1,full,eve,19
dataset_1,full,experiences,19
dataset_1,full,nby,19
dataset_1,full,internal,19
dataset_1,full,map,19
dataset_1,full,herself,19
dataset_1,full,listening,19
dataset_1,full,reasonable,19
dataset_1,full,employment,19
dataset_1,full,peter,19
dataset_1,full,claimed,19
dataset_1,full,conservative,19
dataset_1,full,fresh,19
dataset_1,full,flowers,19
dataset_1,full,ntry,19
dataset_1,full,invest,19
dataset_1,full,cook,19
dataset_1,full,features,19
dataset_1,full,raw,19
dataset_1,full,motor,19
dataset_1,full,annoying,19
dataset_1,full,technically,19
dataset_1,full,savings,19
dataset_1,full,wild,19
dataset_1,full,lay,19
dataset_1,full,monday,19
dataset_1,full,socks,19
dataset_1,full,one's,19
dataset_1,full,walked,19
dataset_1,full,greatly,19
dataset_1,full,teens,19
dataset_1,full,permanent,19
dataset_1,full,earlier,19
dataset_1,full,attraction,19
dataset_1,full,wisdom,19
dataset_1,full,moves,19
dataset_1,full,errors,19
dataset_1,full,attached,19
dataset_1,full,philosophy,19
dataset_1,full,comment,19
dataset_1,full,biology,19
dataset_1,full,commonly,19
dataset_1,full,el,19
dataset_1,full,flag,19
dataset_1,full,liberals,19
dataset_1,full,calculate,19
dataset_1,full,plug,19
dataset_1,full,iam,19
dataset_1,full,cast,19
dataset_1,full,november,19
dataset_1,full,kick,19
dataset_1,full,ain't,19
dataset_1,full,ni've,19
dataset_1,full,session,19
dataset_1,full,stays,19
dataset_1,full,writer,19
dataset_1,full,crash,19
dataset_1,full,soft,19
dataset_1,full,tongue,19
dataset_1,full,construction,19
dataset_1,full,measurement,19
dataset_1,full,clock,19
dataset_1,full,arm,19
dataset_1,full,falling,19
dataset_1,full,organization,19
dataset_1,full,ignore,19
dataset_1,full,whenever,19
dataset_1,full,cheated,19
dataset_1,full,stage,19
dataset_1,full,critical,19
dataset_1,full,tight,19
dataset_1,full,mood,19
dataset_1,full,spot,19
dataset_1,full,papers,19
dataset_1,full,governments,19
dataset_1,full,category,19
dataset_1,full,steel,19
dataset_1,full,orleans,19
dataset_1,full,mary,19
dataset_1,full,probability,19
dataset_1,full,profession,19
dataset_1,full,eight,19
dataset_1,full,icon,19
dataset_1,full,typing,19
dataset_1,full,survey,19
dataset_1,full,mar,19
dataset_1,full,irish,18
dataset_1,full,blank,18
dataset_1,full,review,18
dataset_1,full,workers,18
dataset_1,full,enforcement,18
dataset_1,full,officer,18
dataset_1,full,officers,18
dataset_1,full,everywhere,18
dataset_1,full,enemy,18
dataset_1,full,components,18
dataset_1,full,ear,18
dataset_1,full,russia,18
dataset_1,full,wanting,18
dataset_1,full,printing,18
dataset_1,full,clue,18
dataset_1,full,paris,18
dataset_1,full,crush,18
dataset_1,full,arizona,18
dataset_1,full,nshe,18
dataset_1,full,dose,18
dataset_1,full,organisms,18
dataset_1,full,singer,18
dataset_1,full,hotel,18
dataset_1,full,column,18
dataset_1,full,ray,18
dataset_1,full,usb,18
dataset_1,full,intelligent,18
dataset_1,full,dat,18
dataset_1,full,thick,18
dataset_1,full,moisture,18
dataset_1,full,methods,18
dataset_1,full,staff,18
dataset_1,full,operations,18
dataset_1,full,orange,18
dataset_1,full,dollar,18
dataset_1,full,missed,18
dataset_1,full,default,18
dataset_1,full,resulting,18
dataset_1,full,blind,18
dataset_1,full,powers,18
dataset_1,full,forum,18
dataset_1,full,courses,18
dataset_1,full,lawyer,18
dataset_1,full,2001,18
dataset_1,full,attractive,18
dataset_1,full,partners,18
dataset_1,full,overweight,18
dataset_1,full,coz,18
dataset_1,full,garden,18
dataset_1,full,covered,18
dataset_1,full,physically,18
dataset_1,full,supreme,18
dataset_1,full,innocent,18
dataset_1,full,angle,18
dataset_1,full,houses,18
dataset_1,full,attitude,18
dataset_1,full,tonight,18
dataset_1,full,turning,18
dataset_1,full,bless,18
dataset_1,full,processor,18
dataset_1,full,author,18
dataset_1,full,comp,18
dataset_1,full,diamonds,18
dataset_1,full,register,18
dataset_1,full,sake,18
dataset_1,full,advantage,18
dataset_1,full,falls,18
dataset_1,full,worker,18
dataset_1,full,substance,18
dataset_1,full,cat,18
dataset_1,full,kinetic,18
dataset_1,full,approximately,18
dataset_1,full,robert,18
dataset_1,full,400,18
dataset_1,full,ha,18
dataset_1,full,wikipedia,18
dataset_1,full,matters,18
dataset_1,full,signal,18
dataset_1,full,junior,18
dataset_1,full,colour,18
dataset_1,full,bills,18
dataset_1,full,increasing,18
dataset_1,full,passing,18
dataset_1,full,northern,18
dataset_1,full,typical,18
dataset_1,full,toe,18
dataset_1,full,mild,18
dataset_1,full,mistakes,18
dataset_1,full,basketball,18
dataset_1,full,antivirus,18
dataset_1,full,calm,18
dataset_1,full,advise,18
dataset_1,full,directory,18
dataset_1,full,males,18
dataset_1,full,41,18
dataset_1,full,buildings,18
dataset_1,full,ate,18
dataset_1,full,cleaning,18
dataset_1,full,latest,18
dataset_1,full,joined,18
dataset_1,full,nlet,18
dataset_1,full,kingdom,18
dataset_1,full,intended,18
dataset_1,full,parks,18
dataset_1,full,commands,18
dataset_1,full,viruses,18
dataset_1,full,temp,18
dataset_1,full,cos,18
dataset_1,full,pride,18
dataset_1,full,rose,18
dataset_1,full,plastic,18
dataset_1,full,75,18
dataset_1,full,ntell,18
dataset_1,full,voting,18
dataset_1,full,seat,18
dataset_1,full,guard,18
dataset_1,full,fired,18
dataset_1,full,blocks,18
dataset_1,full,cricket,18
dataset_1,full,geisha,18
dataset_1,full,density,18
dataset_1,full,worn,18
dataset_1,full,units,18
dataset_1,full,recall,18
dataset_1,full,index,18
dataset_1,full,sheet,18
dataset_1,full,angular,18
dataset_1,full,led,18
dataset_1,full,devil,18
dataset_1,full,rational,18
dataset_1,full,meal,18
dataset_1,full,seeking,18
dataset_1,full,acceleration,18
dataset_1,full,jehovah's,18
dataset_1,full,debate,17
dataset_1,full,smith,17
dataset_1,full,shift,17
dataset_1,full,models,17
dataset_1,full,democracy,17
dataset_1,full,terrorism,17
dataset_1,full,command,17
dataset_1,full,interests,17
dataset_1,full,modeling,17
dataset_1,full,programming,17
dataset_1,full,techniques,17
dataset_1,full,distribution,17
dataset_1,full,33,17
dataset_1,full,recovery,17
dataset_1,full,context,17
dataset_1,full,deeply,17
dataset_1,full,hundreds,17
dataset_1,full,recommended,17
dataset_1,full,loving,17
dataset_1,full,rejected,17
dataset_1,full,believed,17
dataset_1,full,stops,17
dataset_1,full,hurting,17
dataset_1,full,entirely,17
dataset_1,full,recording,17
dataset_1,full,noise,17
dataset_1,full,shell,17
dataset_1,full,crimes,17
dataset_1,full,island,17
dataset_1,full,braces,17
dataset_1,full,egypt,17
dataset_1,full,fatty,17
dataset_1,full,finished,17
dataset_1,full,hop,17
dataset_1,full,circumstances,17
dataset_1,full,iraqi,17
dataset_1,full,absolute,17
dataset_1,full,senior,17
dataset_1,full,burned,17
dataset_1,full,nt,17
dataset_1,full,prior,17
dataset_1,full,circuit,17
dataset_1,full,packet,17
dataset_1,full,existence,17
dataset_1,full,dying,17
dataset_1,full,slave,17
dataset_1,full,permission,17
dataset_1,full,folks,17
dataset_1,full,equivalent,17
dataset_1,full,regardless,17
dataset_1,full,latter,17
dataset_1,full,judgement,17
dataset_1,full,asleep,17
dataset_1,full,bleeding,17
dataset_1,full,compound,17
dataset_1,full,committed,17
dataset_1,full,significant,17
dataset_1,full,ourselves,17
dataset_1,full,communication,17
dataset_1,full,offense,17
dataset_1,full,con,17
dataset_1,full,se,17
dataset_1,full,aside,17
dataset_1,full,np,17
dataset_1,full,hanging,17
dataset_1,full,lungs,17
dataset_1,full,hardware,17
dataset_1,full,ticket,17
dataset_1,full,hide,17
dataset_1,full,cent,17
dataset_1,full,promote,17
dataset_1,full,scientist,17
dataset_1,full,purchased,17
dataset_1,full,defined,17
dataset_1,full,closing,17
dataset_1,full,whoever,17
dataset_1,full,followed,17
dataset_1,full,statistics,17
dataset_1,full,exists,17
dataset_1,full,tied,17
dataset_1,full,mails,17
dataset_1,full,nbest,17
dataset_1,full,bite,17
dataset_1,full,weather,17
dataset_1,full,beer,17
dataset_1,full,excess,17
dataset_1,full,kidney,17
dataset_1,full,pizza,17
dataset_1,full,august,17
dataset_1,full,boat,17
dataset_1,full,san,17
dataset_1,full,influence,17
dataset_1,full,parties,17
dataset_1,full,tea,17
dataset_1,full,friday,17
dataset_1,full,telephone,17
dataset_1,full,admit,17
dataset_1,full,awhile,17
dataset_1,full,ect,17
dataset_1,full,literally,17
dataset_1,full,wars,17
dataset_1,full,creative,17
dataset_1,full,nwhere,17
dataset_1,full,sample,17
dataset_1,full,frame,17
dataset_1,full,circle,17
dataset_1,full,standards,17
dataset_1,full,coffee,17
dataset_1,full,pill,17
dataset_1,full,desert,17
dataset_1,full,he'll,17
dataset_1,full,volunteer,17
dataset_1,full,os,17
dataset_1,full,chris,17
dataset_1,full,january,17
dataset_1,full,suck,17
dataset_1,full,cops,17
dataset_1,full,chocolate,17
dataset_1,full,broad,17
dataset_1,full,detail,17
dataset_1,full,drives,17
dataset_1,full,ndoes,17
dataset_1,full,tension,17
dataset_1,full,mature,17
dataset_1,full,genes,17
dataset_1,full,senate,17
dataset_1,full,oral,17
dataset_1,full,cultures,17
dataset_1,full,conference,17
dataset_1,full,filed,17
dataset_1,full,relax,17
dataset_1,full,danger,17
dataset_1,full,chronic,17
dataset_1,full,unknown,17
dataset_1,full,spider,17
dataset_1,full,korea,17
dataset_1,full,unlikely,17
dataset_1,full,atmosphere,17
dataset_1,full,1000,17
dataset_1,full,identity,17
dataset_1,full,thread,17
dataset_1,full,purposes,17
dataset_1,full,chlamydia,17
dataset_1,full,poker,17
dataset_1,full,welfare,16
dataset_1,full,nursing,16
dataset_1,full,affects,16
dataset_1,full,projects,16
dataset_1,full,98,16
dataset_1,full,divided,16
dataset_1,full,hitting,16
dataset_1,full,react,16
dataset_1,full,organizations,16
dataset_1,full,remaining,16
dataset_1,full,jews,16
dataset_1,full,myth,16
dataset_1,full,stories,16
dataset_1,full,connected,16
dataset_1,full,uninstall,16
dataset_1,full,opposed,16
dataset_1,full,organs,16
dataset_1,full,controlled,16
dataset_1,full,cds,16
dataset_1,full,thrown,16
dataset_1,full,clicking,16
dataset_1,full,shown,16
dataset_1,full,placed,16
dataset_1,full,humanity,16
dataset_1,full,desperate,16
dataset_1,full,allowing,16
dataset_1,full,uncle,16
dataset_1,full,frequently,16
dataset_1,full,sugars,16
dataset_1,full,soldiers,16
dataset_1,full,multi,16
dataset_1,full,vitamin,16
dataset_1,full,differently,16
dataset_1,full,grades,16
dataset_1,full,sets,16
dataset_1,full,continued,16
dataset_1,full,n12,16
dataset_1,full,gore,16
dataset_1,full,ideal,16
dataset_1,full,fashion,16
dataset_1,full,introduced,16
dataset_1,full,sees,16
dataset_1,full,decisions,16
dataset_1,full,replace,16
dataset_1,full,approved,16
dataset_1,full,lies,16
dataset_1,full,birds,16
dataset_1,full,lbs,16
dataset_1,full,fruit,16
dataset_1,full,clubs,16
dataset_1,full,firm,16
dataset_1,full,association,16
dataset_1,full,trip,16
dataset_1,full,suggestion,16
dataset_1,full,battery,16
dataset_1,full,plates,16
dataset_1,full,dealer,16
dataset_1,full,signed,16
dataset_1,full,pets,16
dataset_1,full,beach,16
dataset_1,full,medications,16
dataset_1,full,description,16
dataset_1,full,idol,16
dataset_1,full,irs,16
dataset_1,full,advanced,16
dataset_1,full,jewelry,16
dataset_1,full,described,16
dataset_1,full,naked,16
dataset_1,full,accounts,16
dataset_1,full,championship,16
dataset_1,full,apple,16
dataset_1,full,leaders,16
dataset_1,full,satellite,16
dataset_1,full,attract,16
dataset_1,full,molecules,16
dataset_1,full,fields,16
dataset_1,full,silver,16
dataset_1,full,clothing,16
dataset_1,full,philippines,16
dataset_1,full,gravitational,16
dataset_1,full,confusing,16
dataset_1,full,tech,16
dataset_1,full,dallas,16
dataset_1,full,families,16
dataset_1,full,varies,16
dataset_1,full,meeting,16
dataset_1,full,mice,16
dataset_1,full,grants,16
dataset_1,full,relationships,16
dataset_1,full,dropped,16
dataset_1,full,shooting,16
dataset_1,full,km,16
dataset_1,full,nanother,16
dataset_1,full,momentum,16
dataset_1,full,teen,16
dataset_1,full,balance,16
dataset_1,full,peoples,16
dataset_1,full,trend,16
dataset_1,full,painful,16
dataset_1,full,porn,16
dataset_1,full,tho,16
dataset_1,full,ash,16
dataset_1,full,suffering,16
dataset_1,full,invention,16
dataset_1,full,ending,16
dataset_1,full,priority,16
dataset_1,full,feature,16
dataset_1,full,yea,16
dataset_1,full,glasses,16
dataset_1,full,ireland,16
dataset_1,full,georgia,16
dataset_1,full,firefox,16
dataset_1,full,progress,16
dataset_1,full,dude,16
dataset_1,full,democrat,16
dataset_1,full,deny,16
dataset_1,full,depend,16
dataset_1,full,justify,16
dataset_1,full,darkness,16
dataset_1,full,budget,16
dataset_1,full,acids,16
dataset_1,full,buyer,16
dataset_1,full,appraiser,16
dataset_1,full,duty,16
dataset_1,full,nf,16
dataset_1,full,bases,16
dataset_1,full,nucleus,16
dataset_1,full,breathe,16
dataset_1,full,intercourse,16
dataset_1,full,japanese,16
dataset_1,full,hiv,16
dataset_1,full,characteristics,16
dataset_1,full,glucose,16
dataset_1,full,setup,16
dataset_1,full,stairs,16
dataset_1,full,registered,16
dataset_1,full,quarter,16
dataset_1,full,wing,16
dataset_1,full,sons,16
dataset_1,full,gods,16
dataset_1,full,fingers,16
dataset_1,full,mb,16
dataset_1,full,sexually,16
dataset_1,full,quiet,16
dataset_1,full,junk,16
dataset_1,full,href,16
dataset_1,full,capricorn,16
dataset_1,full,shots,16
dataset_1,full,strokes,16
dataset_1,full,associated,16
dataset_1,full,usage,16
dataset_1,full,collision,16
dataset_1,full,equity,16
dataset_1,full,dhea,16
dataset_1,full,cg,16
dataset_1,full,rip,15
dataset_1,full,entered,15
dataset_1,full,stream,15
dataset_1,full,reality,15
dataset_1,full,regulations,15
dataset_1,full,indians,15
dataset_1,full,crack,15
dataset_1,full,gf,15
dataset_1,full,steve,15
dataset_1,full,feed,15
dataset_1,full,bell,15
dataset_1,full,customers,15
dataset_1,full,va,15
dataset_1,full,procedures,15
dataset_1,full,linux,15
dataset_1,full,nbe,15
dataset_1,full,testament,15
dataset_1,full,forgiveness,15
dataset_1,full,suggested,15
dataset_1,full,discipline,15
dataset_1,full,shower,15
dataset_1,full,september,15
dataset_1,full,minister,15
dataset_1,full,controls,15
dataset_1,full,graph,15
dataset_1,full,ears,15
dataset_1,full,scene,15
dataset_1,full,host,15
dataset_1,full,youth,15
dataset_1,full,cooking,15
dataset_1,full,discover,15
dataset_1,full,installing,15
dataset_1,full,valuable,15
dataset_1,full,trained,15
dataset_1,full,vitamins,15
dataset_1,full,talks,15
dataset_1,full,bc,15
dataset_1,full,checks,15
dataset_1,full,paste,15
dataset_1,full,rely,15
dataset_1,full,requirement,15
dataset_1,full,reported,15
dataset_1,full,1997,15
dataset_1,full,diseases,15
dataset_1,full,rain,15
dataset_1,full,mentally,15
dataset_1,full,magnet,15
dataset_1,full,feedback,15
dataset_1,full,neighborhood,15
dataset_1,full,mi,15
dataset_1,full,women's,15
dataset_1,full,kissed,15
dataset_1,full,photos,15
dataset_1,full,containing,15
dataset_1,full,harry,15
dataset_1,full,gender,15
dataset_1,full,bob,15
dataset_1,full,huh,15
dataset_1,full,they'd,15
dataset_1,full,abuse,15
dataset_1,full,belive,15
dataset_1,full,kno,15
dataset_1,full,realized,15
dataset_1,full,resident,15
dataset_1,full,sensitive,15
dataset_1,full,label,15
dataset_1,full,nother,15
dataset_1,full,cheat,15
dataset_1,full,visiting,15
dataset_1,full,chapter,15
dataset_1,full,150,15
dataset_1,full,annual,15
dataset_1,full,dancing,15
dataset_1,full,van,15
dataset_1,full,translation,15
dataset_1,full,supports,15
dataset_1,full,mp3,15
dataset_1,full,challenge,15
dataset_1,full,establish,15
dataset_1,full,soup,15
dataset_1,full,rocks,15
dataset_1,full,formed,15
dataset_1,full,assets,15
dataset_1,full,psychology,15
dataset_1,full,evolved,15
dataset_1,full,peanut,15
dataset_1,full,pics,15
dataset_1,full,reports,15
dataset_1,full,row,15
dataset_1,full,panic,15
dataset_1,full,fees,15
dataset_1,full,juice,15
dataset_1,full,yr,15
dataset_1,full,abroad,15
dataset_1,full,headache,15
dataset_1,full,identify,15
dataset_1,full,deserves,15
dataset_1,full,hoping,15
dataset_1,full,concerns,15
dataset_1,full,bones,15
dataset_1,full,odd,15
dataset_1,full,habit,15
dataset_1,full,pushed,15
dataset_1,full,appearance,15
dataset_1,full,republic,15
dataset_1,full,selfish,15
dataset_1,full,policies,15
dataset_1,full,mouse,15
dataset_1,full,therapist,15
dataset_1,full,surprised,15
dataset_1,full,sing,15
dataset_1,full,ntake,15
dataset_1,full,wildlife,15
dataset_1,full,2007,15
dataset_1,full,desktop,15
dataset_1,full,virgin,15
dataset_1,full,republican,15
dataset_1,full,roman,15
dataset_1,full,pattern,15
dataset_1,full,elements,15
dataset_1,full,n25,15
dataset_1,full,deleted,15
dataset_1,full,socialism,15
dataset_1,full,measured,15
dataset_1,full,secure,15
dataset_1,full,dates,15
dataset_1,full,ejaculation,15
dataset_1,full,fuel,15
dataset_1,full,holds,15
dataset_1,full,directions,15
dataset_1,full,adobe,15
dataset_1,full,minds,15
dataset_1,full,switch,15
dataset_1,full,les,15
dataset_1,full,pas,15
dataset_1,full,drinks,15
dataset_1,full,scholarship,15
dataset_1,full,ads,15
dataset_1,full,rap,15
dataset_1,full,destruction,15
dataset_1,full,eggs,15
dataset_1,full,bucks,15
dataset_1,full,vietnam,15
dataset_1,full,victory,15
dataset_1,full,alien,15
dataset_1,full,passes,15
dataset_1,full,pour,15
dataset_1,full,crawl,15
dataset_1,full,spurs,15
dataset_1,full,cigarette,15
dataset_1,full,php,15
dataset_1,full,display,15
dataset_1,full,achieve,15
dataset_1,full,thomas,15
dataset_1,full,doc,15
dataset_1,full,crying,15
dataset_1,full,restart,15
dataset_1,full,bus,15
dataset_1,full,alright,15
dataset_1,full,headaches,15
dataset_1,full,pipe,15
dataset_1,full,witnesses,15
dataset_1,full,120,14
dataset_1,full,external,14
dataset_1,full,familiar,14
dataset_1,full,entering,14
dataset_1,full,streets,14
dataset_1,full,universities,14
dataset_1,full,guitar,14
dataset_1,full,resistance,14
dataset_1,full,plain,14
dataset_1,full,offensive,14
dataset_1,full,robots,14
dataset_1,full,votes,14
dataset_1,full,rolling,14
dataset_1,full,responsibility,14
dataset_1,full,atleast,14
dataset_1,full,revolution,14
dataset_1,full,guns,14
dataset_1,full,violence,14
dataset_1,full,99,14
dataset_1,full,sox,14
dataset_1,full,olympics,14
dataset_1,full,bound,14
dataset_1,full,divine,14
dataset_1,full,belong,14
dataset_1,full,experiment,14
dataset_1,full,kings,14
dataset_1,full,understood,14
dataset_1,full,updated,14
dataset_1,full,rank,14
dataset_1,full,adults,14
dataset_1,full,determined,14
dataset_1,full,ti,14
dataset_1,full,afghanistan,14
dataset_1,full,contracts,14
dataset_1,full,grand,14
dataset_1,full,cookie,14
dataset_1,full,finance,14
dataset_1,full,jack,14
dataset_1,full,installation,14
dataset_1,full,climate,14
dataset_1,full,habits,14
dataset_1,full,tiny,14
dataset_1,full,producing,14
dataset_1,full,reduced,14
dataset_1,full,produces,14
dataset_1,full,lifestyle,14
dataset_1,full,dictionary,14
dataset_1,full,whereas,14
dataset_1,full,intake,14
dataset_1,full,encourage,14
dataset_1,full,notes,14
dataset_1,full,algorithm,14
dataset_1,full,nnote,14
dataset_1,full,psychological,14
dataset_1,full,modem,14
dataset_1,full,addresses,14
dataset_1,full,else's,14
dataset_1,full,beauty,14
dataset_1,full,campus,14
dataset_1,full,centers,14
dataset_1,full,pleasure,14
dataset_1,full,evening,14
dataset_1,full,particularly,14
dataset_1,full,awesome,14
dataset_1,full,mrs,14
dataset_1,full,ca,14
dataset_1,full,bs,14
dataset_1,full,suitable,14
dataset_1,full,bright,14
dataset_1,full,explained,14
dataset_1,full,employees,14
dataset_1,full,sooner,14
dataset_1,full,illinois,14
dataset_1,full,cheaper,14
dataset_1,full,translate,14
dataset_1,full,los,14
dataset_1,full,forgive,14
dataset_1,full,chip,14
dataset_1,full,vagina,14
dataset_1,full,jr,14
dataset_1,full,nnot,14
dataset_1,full,42,14
dataset_1,full,connections,14
dataset_1,full,npeople,14
dataset_1,full,difficulties,14
dataset_1,full,divorced,14
dataset_1,full,bout,14
dataset_1,full,chicago,14
dataset_1,full,silent,14
dataset_1,full,tooth,14
dataset_1,full,settle,14
dataset_1,full,views,14
dataset_1,full,argument,14
dataset_1,full,illness,14
dataset_1,full,registration,14
dataset_1,full,eu,14
dataset_1,full,boiling,14
dataset_1,full,radiation,14
dataset_1,full,completed,14
dataset_1,full,staying,14
dataset_1,full,retire,14
dataset_1,full,earth's,14
dataset_1,full,practical,14
dataset_1,full,nthat's,14
dataset_1,full,surgeon,14
dataset_1,full,traffic,14
dataset_1,full,variables,14
dataset_1,full,reliable,14
dataset_1,full,reduction,14
dataset_1,full,performed,14
dataset_1,full,z,14
dataset_1,full,awareness,14
dataset_1,full,officials,14
dataset_1,full,min,14
dataset_1,full,waves,14
dataset_1,full,tone,14
dataset_1,full,nfl,14
dataset_1,full,roll,14
dataset_1,full,anyways,14
dataset_1,full,bubble,14
dataset_1,full,quotes,14
dataset_1,full,village,14
dataset_1,full,'s,14
dataset_1,full,plot,14
dataset_1,full,cooling,14
dataset_1,full,54,14
dataset_1,full,troops,14
dataset_1,full,compete,14
dataset_1,full,involve,14
dataset_1,full,proved,14
dataset_1,full,nexample,14
dataset_1,full,cheese,14
dataset_1,full,stroke,14
dataset_1,full,urban,14
dataset_1,full,nhave,14
dataset_1,full,bringing,14
dataset_1,full,neighbor,14
dataset_1,full,kentucky,14
dataset_1,full,resolution,14
dataset_1,full,forgot,14
dataset_1,full,glad,14
dataset_1,full,jumping,14
dataset_1,full,concert,14
dataset_1,full,polite,14
dataset_1,full,champions,14
dataset_1,full,infected,14
dataset_1,full,nsee,14
dataset_1,full,complain,14
dataset_1,full,complicated,14
dataset_1,full,keyboard,14
dataset_1,full,domestic,14
dataset_1,full,cartoon,14
dataset_1,full,asia,14
dataset_1,full,smurf,14
dataset_1,full,ran,14
dataset_1,full,healing,14
dataset_1,full,knees,14
dataset_1,full,instant,14
dataset_1,full,radius,14
dataset_1,full,clients,14
dataset_1,full,particles,14
dataset_1,full,hidden,14
dataset_1,full,shipping,14
dataset_1,full,celsius,14
dataset_1,full,ncheck,14
dataset_1,full,sadly,14
dataset_1,full,judaism,14
dataset_1,full,prepare,14
dataset_1,full,fifth,14
dataset_1,full,bonding,14
dataset_1,full,saudi,14
dataset_1,full,novel,14
dataset_1,full,fiction,14
dataset_1,full,offspring,14
dataset_1,full,rising,14
dataset_1,full,criminals,14
dataset_1,full,assignment,14
dataset_1,full,jury,14
dataset_1,full,nyc,14
dataset_1,full,client,14
dataset_1,full,grey,14
dataset_1,full,shared,14
dataset_1,full,elementary,14
dataset_1,full,voltage,14
dataset_1,full,sector,14
dataset_1,full,centre,14
dataset_1,full,flight,14
dataset_1,full,firewall,14
dataset_1,full,pissed,14
dataset_1,full,leather,14
dataset_1,full,leadership,14
dataset_1,full,vacation,14
dataset_1,full,rope,14
dataset_1,full,hatred,14
dataset_1,full,empires,14
dataset_1,full,exe,14
dataset_1,full,candle,14
dataset_1,full,deadly,14
dataset_1,full,disc,13
dataset_1,full,towns,13
dataset_1,full,hungry,13
dataset_1,full,strings,13
dataset_1,full,idiots,13
dataset_1,full,tha,13
dataset_1,full,jealous,13
dataset_1,full,suspect,13
dataset_1,full,blow,13
dataset_1,full,positions,13
dataset_1,full,concepts,13
dataset_1,full,tolerance,13
dataset_1,full,sells,13
dataset_1,full,cents,13
dataset_1,full,nan,13
dataset_1,full,camera,13
dataset_1,full,gays,13
dataset_1,full,lesbian,13
dataset_1,full,virtual,13
dataset_1,full,inmate,13
dataset_1,full,inmates,13
dataset_1,full,independence,13
dataset_1,full,jay,13
dataset_1,full,chemicals,13
dataset_1,full,dependent,13
dataset_1,full,mg,13
dataset_1,full,applying,13
dataset_1,full,survive,13
dataset_1,full,ignorant,13
dataset_1,full,bands,13
dataset_1,full,semi,13
dataset_1,full,fantasy,13
dataset_1,full,nclick,13
dataset_1,full,topics,13
dataset_1,full,protected,13
dataset_1,full,relief,13
dataset_1,full,nthese,13
dataset_1,full,grass,13
dataset_1,full,soldier,13
dataset_1,full,prepared,13
dataset_1,full,somewhat,13
dataset_1,full,purple,13
dataset_1,full,concerning,13
dataset_1,full,cousin,13
dataset_1,full,hint,13
dataset_1,full,chuck,13
dataset_1,full,follows,13
dataset_1,full,warning,13
dataset_1,full,n14,13
dataset_1,full,shirts,13
dataset_1,full,uniform,13
dataset_1,full,destroyed,13
dataset_1,full,aircraft,13
dataset_1,full,bi,13
dataset_1,full,journal,13
dataset_1,full,leading,13
dataset_1,full,vegetables,13
dataset_1,full,certified,13
dataset_1,full,lessons,13
dataset_1,full,virginia,13
dataset_1,full,largely,13
dataset_1,full,welcome,13
dataset_1,full,italian,13
dataset_1,full,sisters,13
dataset_1,full,mexicans,13
dataset_1,full,sometime,13
dataset_1,full,studied,13
dataset_1,full,kansas,13
dataset_1,full,trace,13
dataset_1,full,orders,13
dataset_1,full,injured,13
dataset_1,full,technique,13
dataset_1,full,recognized,13
dataset_1,full,shopping,13
dataset_1,full,filling,13
dataset_1,full,minded,13
dataset_1,full,expired,13
dataset_1,full,rush,13
dataset_1,full,tickets,13
dataset_1,full,spoken,13
dataset_1,full,malta,13
dataset_1,full,nafter,13
dataset_1,full,fluid,13
dataset_1,full,input,13
dataset_1,full,essentially,13
dataset_1,full,detroit,13
dataset_1,full,sight,13
dataset_1,full,devices,13
dataset_1,full,chief,13
dataset_1,full,mistake,13
dataset_1,full,resolve,13
dataset_1,full,visible,13
dataset_1,full,replaced,13
dataset_1,full,6th,13
dataset_1,full,bow,13
dataset_1,full,classic,13
dataset_1,full,charles,13
dataset_1,full,scored,13
dataset_1,full,stayed,13
dataset_1,full,7th,13
dataset_1,full,barely,13
dataset_1,full,31,13
dataset_1,full,fox,13
dataset_1,full,yards,13
dataset_1,full,primarily,13
dataset_1,full,amongst,13
dataset_1,full,they've,13
dataset_1,full,warming,13
dataset_1,full,longest,13
dataset_1,full,occasionally,13
dataset_1,full,chart,13
dataset_1,full,gout,13
dataset_1,full,needle,13
dataset_1,full,4th,13
dataset_1,full,steal,13
dataset_1,full,biblical,13
dataset_1,full,norton,13
dataset_1,full,expression,13
dataset_1,full,glycogen,13
dataset_1,full,carbs,13
dataset_1,full,awful,13
dataset_1,full,hd,13
dataset_1,full,boring,13
dataset_1,full,treatments,13
dataset_1,full,approaching,13
dataset_1,full,belly,13
dataset_1,full,lean,13
dataset_1,full,grab,13
dataset_1,full,beans,13
dataset_1,full,diabetes,13
dataset_1,full,ingredients,13
dataset_1,full,soap,13
dataset_1,full,television,13
dataset_1,full,pink,13
dataset_1,full,zone,13
dataset_1,full,chorus,13
dataset_1,full,stretch,13
dataset_1,full,aspects,13
dataset_1,full,guessing,13
dataset_1,full,ceo,13
dataset_1,full,mission,13
dataset_1,full,situations,13
dataset_1,full,kerry,13
dataset_1,full,miami,13
dataset_1,full,dirt,13
dataset_1,full,lights,13
dataset_1,full,nu,13
dataset_1,full,saturday,13
dataset_1,full,nmany,13
dataset_1,full,democrats,13
dataset_1,full,sponsor,13
dataset_1,full,communism,13
dataset_1,full,explains,13
dataset_1,full,bandwidth,13
dataset_1,full,specialist,13
dataset_1,full,reader,13
dataset_1,full,strange,13
dataset_1,full,em,13
dataset_1,full,speaks,13
dataset_1,full,loads,13
dataset_1,full,pole,13
dataset_1,full,plane,13
dataset_1,full,principles,13
dataset_1,full,babies,13
dataset_1,full,vacuum,13
dataset_1,full,tends,13
dataset_1,full,equations,13
dataset_1,full,indicate,13
dataset_1,full,fever,13
dataset_1,full,letting,13
dataset_1,full,au,13
dataset_1,full,idiot,13
dataset_1,full,pound,13
dataset_1,full,jaw,13
dataset_1,full,bowl,13
dataset_1,full,url,13
dataset_1,full,eg,13
dataset_1,full,corn,13
dataset_1,full,rough,13
dataset_1,full,auto,13
dataset_1,full,argue,13
dataset_1,full,masses,13
dataset_1,full,importance,13
dataset_1,full,returned,13
dataset_1,full,educational,13
dataset_1,full,snail,13
dataset_1,full,pagan,13
dataset_1,full,lately,13
dataset_1,full,opportunities,13
dataset_1,full,harm,13
dataset_1,full,horse,13
dataset_1,full,th,13
dataset_1,full,fund,13
dataset_1,full,opened,13
dataset_1,full,arabia,13
dataset_1,full,spelled,13
dataset_1,full,artists,13
dataset_1,full,bulb,13
dataset_1,full,cultural,13
dataset_1,full,denied,13
dataset_1,full,prehistoric,13
dataset_1,full,lab,13
dataset_1,full,yeast,13
dataset_1,full,veins,13
dataset_1,full,annuity,13
dataset_1,full,repair,13
dataset_1,full,celebrate,13
dataset_1,full,hr,13
dataset_1,full,russian,13
dataset_1,full,puerto,13
dataset_1,full,remote,13
dataset_1,full,lattice,13
dataset_1,full,mixed,12
dataset_1,full,wealth,12
dataset_1,full,wage,12
dataset_1,full,accent,12
dataset_1,full,blocked,12
dataset_1,full,flirt,12
dataset_1,full,equals,12
dataset_1,full,attacked,12
dataset_1,full,practices,12
dataset_1,full,multiply,12
dataset_1,full,empire,12
dataset_1,full,belt,12
dataset_1,full,trinity,12
dataset_1,full,occurred,12
dataset_1,full,jackson,12
dataset_1,full,360,12
dataset_1,full,newspaper,12
dataset_1,full,arrested,12
dataset_1,full,commit,12
dataset_1,full,removal,12
dataset_1,full,churches,12
dataset_1,full,funding,12
dataset_1,full,ndid,12
dataset_1,full,britain,12
dataset_1,full,consult,12
dataset_1,full,hormone,12
dataset_1,full,burner,12
dataset_1,full,terrible,12
dataset_1,full,crappy,12
dataset_1,full,choosing,12
dataset_1,full,receiving,12
dataset_1,full,retirement,12
dataset_1,full,bug,12
dataset_1,full,nstart,12
dataset_1,full,seemed,12
dataset_1,full,org,12
dataset_1,full,conservation,12
dataset_1,full,extended,12
dataset_1,full,recover,12
dataset_1,full,stem,12
dataset_1,full,seed,12
dataset_1,full,superior,12
dataset_1,full,identical,12
dataset_1,full,tattoos,12
dataset_1,full,unto,12
dataset_1,full,singing,12
dataset_1,full,declared,12
dataset_1,full,configuration,12
dataset_1,full,communications,12
dataset_1,full,carried,12
dataset_1,full,balanced,12
dataset_1,full,issued,12
dataset_1,full,surely,12
dataset_1,full,vast,12
dataset_1,full,ultimately,12
dataset_1,full,believes,12
dataset_1,full,consent,12
dataset_1,full,1998,12
dataset_1,full,versions,12
dataset_1,full,contrary,12
dataset_1,full,handed,12
dataset_1,full,suicide,12
dataset_1,full,qualified,12
dataset_1,full,drawn,12
dataset_1,full,facilities,12
dataset_1,full,ruled,12
dataset_1,full,studio,12
dataset_1,full,comfort,12
dataset_1,full,hotmail,12
dataset_1,full,wrist,12
dataset_1,full,restrictions,12
dataset_1,full,historical,12
dataset_1,full,puts,12
dataset_1,full,composition,12
dataset_1,full,bracket,12
dataset_1,full,diamond,12
dataset_1,full,broker,12
dataset_1,full,effectively,12
dataset_1,full,essential,12
dataset_1,full,genuine,12
dataset_1,full,spoke,12
dataset_1,full,taylor,12
dataset_1,full,cheney,12
dataset_1,full,privacy,12
dataset_1,full,creation,12
dataset_1,full,sub,12
dataset_1,full,arabic,12
dataset_1,full,saving,12
dataset_1,full,apartment,12
dataset_1,full,naturally,12
dataset_1,full,believers,12
dataset_1,full,grocery,12
dataset_1,full,friction,12
dataset_1,full,lewis,12
dataset_1,full,dear,12
dataset_1,full,afterwards,12
dataset_1,full,dedicated,12
dataset_1,full,storage,12
dataset_1,full,fonts,12
dataset_1,full,fancy,12
dataset_1,full,ronaldo,12
dataset_1,full,nim,12
dataset_1,full,ancient,12
dataset_1,full,sensory,12
dataset_1,full,nfirst,12
dataset_1,full,symbol,12
dataset_1,full,hits,12
dataset_1,full,exit,12
dataset_1,full,ann,12
dataset_1,full,educated,12
dataset_1,full,ongoing,12
dataset_1,full,65,12
dataset_1,full,woman's,12
dataset_1,full,grammar,12
dataset_1,full,executive,12
dataset_1,full,compatible,12
dataset_1,full,diameter,12
dataset_1,full,wishes,12
dataset_1,full,ink,12
dataset_1,full,adding,12
dataset_1,full,ton,12
dataset_1,full,37,12
dataset_1,full,promise,12
dataset_1,full,allergies,12
dataset_1,full,nok,12
dataset_1,full,copies,12
dataset_1,full,database,12
dataset_1,full,steroids,12
dataset_1,full,neat,12
dataset_1,full,riddle,12
dataset_1,full,daddy,12
dataset_1,full,reps,12
dataset_1,full,episodes,12
dataset_1,full,finds,12
dataset_1,full,inc,12
dataset_1,full,favourite,12
dataset_1,full,closest,12
dataset_1,full,nurse,12
dataset_1,full,agreed,12
dataset_1,full,democratic,12
dataset_1,full,bend,12
dataset_1,full,man's,12
dataset_1,full,ordered,12
dataset_1,full,returning,12
dataset_1,full,insert,12
dataset_1,full,hardly,12
dataset_1,full,encryption,12
dataset_1,full,prophets,12
dataset_1,full,presence,12
dataset_1,full,anytime,12
dataset_1,full,meters,12
dataset_1,full,ncaa,12
dataset_1,full,sensation,12
dataset_1,full,cellular,12
dataset_1,full,housing,12
dataset_1,full,swim,12
dataset_1,full,wore,12
dataset_1,full,holiday,12
dataset_1,full,creates,12
dataset_1,full,yelling,12
dataset_1,full,wrap,12
dataset_1,full,covalent,12
dataset_1,full,literature,12
dataset_1,full,exciting,12
dataset_1,full,tourist,12
dataset_1,full,consciousness,12
dataset_1,full,strongly,12
dataset_1,full,nebraska,12
dataset_1,full,functions,12
dataset_1,full,suit,12
dataset_1,full,infections,12
dataset_1,full,inflammation,12
dataset_1,full,strike,12
dataset_1,full,institutions,12
dataset_1,full,7x,12
dataset_1,full,periods,12
dataset_1,full,boot,12
dataset_1,full,phones,12
dataset_1,full,ma,12
dataset_1,full,4x,12
dataset_1,full,reunion,12
dataset_1,full,anatomy,12
dataset_1,full,loans,12
dataset_1,full,corporation,12
dataset_1,full,hussein,12
dataset_1,full,handling,12
dataset_1,full,selected,12
dataset_1,full,entry,12
dataset_1,full,itching,12
dataset_1,full,jurisdiction,12
dataset_1,full,rushmore,12
dataset_1,full,fibromyalgia,12
dataset_1,full,routine,12
dataset_1,full,horses,12
dataset_1,full,replacement,12
dataset_1,full,worldwide,12
dataset_1,full,coaches,12
dataset_1,full,prophet,12
dataset_1,full,meiosis,12
dataset_1,full,alphabet,12
dataset_1,full,medium,12
dataset_1,full,blacks,12
dataset_1,full,sap,12
dataset_1,full,excuses,12
dataset_1,full,ni'd,12
dataset_1,full,relation,11
dataset_1,full,agreement,11
dataset_1,full,deals,11
dataset_1,full,'em,11
dataset_1,full,asap,11
dataset_1,full,nps,11
dataset_1,full,hmm,11
dataset_1,full,uml,11
dataset_1,full,visual,11
dataset_1,full,04,11
dataset_1,full,minerals,11
dataset_1,full,bear,11
dataset_1,full,faces,11
dataset_1,full,gospel,11
dataset_1,full,lifted,11
dataset_1,full,blog,11
dataset_1,full,salvation,11
dataset_1,full,winner,11
dataset_1,full,perspective,11
dataset_1,full,ve,11
dataset_1,full,philadelphia,11
dataset_1,full,experiments,11
dataset_1,full,reputation,11
dataset_1,full,balloon,11
dataset_1,full,scroll,11
dataset_1,full,downloads,11
dataset_1,full,hunting,11
dataset_1,full,sharp,11
dataset_1,full,updates,11
dataset_1,full,81,11
dataset_1,full,proteins,11
dataset_1,full,removing,11
dataset_1,full,drain,11
dataset_1,full,colored,11
dataset_1,full,quantity,11
dataset_1,full,guidelines,11
dataset_1,full,entitled,11
dataset_1,full,bankruptcy,11
dataset_1,full,banks,11
dataset_1,full,spiders,11
dataset_1,full,facility,11
dataset_1,full,n13,11
dataset_1,full,neven,11
dataset_1,full,twin,11
dataset_1,full,measuring,11
dataset_1,full,linear,11
dataset_1,full,nsince,11
dataset_1,full,offering,11
dataset_1,full,intervals,11
dataset_1,full,academic,11
dataset_1,full,nlike,11
dataset_1,full,pencil,11
dataset_1,full,desk,11
dataset_1,full,pointing,11
dataset_1,full,ashamed,11
dataset_1,full,buried,11
dataset_1,full,acidic,11
dataset_1,full,murder,11
dataset_1,full,nwas,11
dataset_1,full,tank,11
dataset_1,full,nmost,11
dataset_1,full,seeds,11
dataset_1,full,organic,11
dataset_1,full,gained,11
dataset_1,full,injuries,11
dataset_1,full,emotions,11
dataset_1,full,jokes,11
dataset_1,full,somthing,11
dataset_1,full,chips,11
dataset_1,full,participate,11
dataset_1,full,salts,11
dataset_1,full,sodium,11
dataset_1,full,angles,11
dataset_1,full,delivery,11
dataset_1,full,kidding,11
dataset_1,full,deficit,11
dataset_1,full,carrying,11
dataset_1,full,rocky,11
dataset_1,full,weekly,11
dataset_1,full,interval,11
dataset_1,full,granted,11
dataset_1,full,usc,11
dataset_1,full,trojan,11
dataset_1,full,c'est,11
dataset_1,full,supplements,11
dataset_1,full,responses,11
dataset_1,full,temporary,11
dataset_1,full,affairs,11
dataset_1,full,800,11
dataset_1,full,invite,11
dataset_1,full,perception,11
dataset_1,full,rubbing,11
dataset_1,full,600,11
dataset_1,full,theories,11
dataset_1,full,hebrew,11
dataset_1,full,linked,11
dataset_1,full,eastern,11
dataset_1,full,hates,11
dataset_1,full,iranian,11
dataset_1,full,ounce,11
dataset_1,full,appointment,11
dataset_1,full,person's,11
dataset_1,full,masters,11
dataset_1,full,regret,11
dataset_1,full,algebra,11
dataset_1,full,numerous,11
dataset_1,full,invaded,11
dataset_1,full,disaster,11
dataset_1,full,tracks,11
dataset_1,full,calculated,11
dataset_1,full,neo,11
dataset_1,full,wasting,11
dataset_1,full,spouse,11
dataset_1,full,intense,11
dataset_1,full,penalties,11
dataset_1,full,elsewhere,11
dataset_1,full,grace,11
dataset_1,full,era,11
dataset_1,full,temperatures,11
dataset_1,full,variation,11
dataset_1,full,slope,11
dataset_1,full,limits,11
dataset_1,full,shoulders,11
dataset_1,full,loud,11
dataset_1,full,breakfast,11
dataset_1,full,managed,11
dataset_1,full,believing,11
dataset_1,full,messed,11
dataset_1,full,ultimate,11
dataset_1,full,toolbar,11
dataset_1,full,nhis,11
dataset_1,full,bread,11
dataset_1,full,honey,11
dataset_1,full,allergic,11
dataset_1,full,decrease,11
dataset_1,full,secondary,11
dataset_1,full,surveys,11
dataset_1,full,pdf,11
dataset_1,full,restriction,11
dataset_1,full,uncomfortable,11
dataset_1,full,syndrome,11
dataset_1,full,seperate,11
dataset_1,full,prone,11
dataset_1,full,boards,11
dataset_1,full,passion,11
dataset_1,full,potter,11
dataset_1,full,utah,11
dataset_1,full,employee,11
dataset_1,full,industries,11
dataset_1,full,tutorial,11
dataset_1,full,cigarettes,11
dataset_1,full,slower,11
dataset_1,full,supplies,11
dataset_1,full,felony,11
dataset_1,full,rings,11
dataset_1,full,assistant,11
dataset_1,full,ties,11
dataset_1,full,smooth,11
dataset_1,full,qb,11
dataset_1,full,incident,11
dataset_1,full,dump,11
dataset_1,full,prayer,11
dataset_1,full,safer,11
dataset_1,full,marines,11
dataset_1,full,jerk,11
dataset_1,full,lil,11
dataset_1,full,finals,11
dataset_1,full,chick,11
dataset_1,full,conflict,11
dataset_1,full,premature,11
dataset_1,full,kb,11
dataset_1,full,cruise,11
dataset_1,full,fraud,11
dataset_1,full,breaks,11
dataset_1,full,scholarships,11
dataset_1,full,audience,11
dataset_1,full,shoulder,11
dataset_1,full,differ,11
dataset_1,full,embassy,11
dataset_1,full,financially,11
dataset_1,full,locations,11
dataset_1,full,unity,11
dataset_1,full,houston,11
dataset_1,full,bladder,11
dataset_1,full,farm,11
dataset_1,full,fav,11
dataset_1,full,exposed,11
dataset_1,full,conclusion,11
dataset_1,full,exposure,11
dataset_1,full,competitive,11
dataset_1,full,scare,11
dataset_1,full,stations,11
dataset_1,full,coat,11
dataset_1,full,meds,11
dataset_1,full,fed,11
dataset_1,full,nine,11
dataset_1,full,harsh,11
dataset_1,full,nits,11
dataset_1,full,determination,11
dataset_1,full,sooo,11
dataset_1,full,breasts,11
dataset_1,full,estimate,11
dataset_1,full,atheist,11
dataset_1,full,drops,11
dataset_1,full,boost,11
dataset_1,full,thanksgiving,11
dataset_1,full,reactions,11
dataset_1,full,spybot,11
dataset_1,full,technologies,11
dataset_1,full,particle,11
dataset_1,full,nsometimes,11
dataset_1,full,immediate,11
dataset_1,full,spirituality,11
dataset_1,full,dos,11
dataset_1,full,fart,11
dataset_1,full,skate,11
dataset_1,full,55,11
dataset_1,full,nh,11
dataset_1,full,camp,11
dataset_1,full,scary,11
dataset_1,full,aspect,11
dataset_1,full,pops,11
dataset_1,full,dc,11
dataset_1,full,stripes,11
dataset_1,full,txt,11
dataset_1,full,dx,11
dataset_1,full,abilities,11
dataset_1,full,sink,11
dataset_1,full,relate,11
dataset_1,full,fusion,11
dataset_1,full,script,11
dataset_1,full,envelope,11
dataset_1,full,courage,11
dataset_1,full,sperm,11
dataset_1,full,generate,11
dataset_1,full,restore,11
dataset_1,full,immature,11
dataset_1,full,accessories,11
dataset_1,full,swollen,11
dataset_1,full,pot,11
dataset_1,full,cop,11
dataset_1,full,regional,11
dataset_1,full,pace,11
dataset_1,full,quitting,11
dataset_1,full,lender,11
dataset_1,full,intensity,11
dataset_1,full,endangered,11
dataset_1,full,co2,11
dataset_1,full,hippies,11
dataset_1,full,bb,11
dataset_1,full,nmax,11
dataset_1,full,thang,11
dataset_1,full,statements,10
dataset_1,full,corners,10
dataset_1,full,instrument,10
dataset_1,full,earned,10
dataset_1,full,petition,10
dataset_1,full,suggests,10
dataset_1,full,represents,10
dataset_1,full,extend,10
dataset_1,full,patterns,10
dataset_1,full,ncan,10
dataset_1,full,poverty,10
dataset_1,full,communist,10
dataset_1,full,remains,10
dataset_1,full,gates,10
dataset_1,full,laden,10
dataset_1,full,ban,10
dataset_1,full,hall,10
dataset_1,full,newspapers,10
dataset_1,full,benjamin,10
dataset_1,full,appointed,10
dataset_1,full,constitutional,10
dataset_1,full,suddenly,10
dataset_1,full,synthesis,10
dataset_1,full,lame,10
dataset_1,full,today's,10
dataset_1,full,incredible,10
dataset_1,full,excel,10
dataset_1,full,motherboard,10
dataset_1,full,locate,10
dataset_1,full,buddy,10
dataset_1,full,ruin,10
dataset_1,full,populations,10
dataset_1,full,omg,10
dataset_1,full,collect,10
dataset_1,full,dial,10
dataset_1,full,72,10
dataset_1,full,95,10
dataset_1,full,mechanism,10
dataset_1,full,mole,10
dataset_1,full,captain,10
dataset_1,full,romance,10
dataset_1,full,sole,10
dataset_1,full,interface,10
dataset_1,full,shortage,10
dataset_1,full,layer,10
dataset_1,full,generated,10
dataset_1,full,transmission,10
dataset_1,full,infinite,10
dataset_1,full,46,10
dataset_1,full,obese,10
dataset_1,full,probation,10
dataset_1,full,yep,10
dataset_1,full,picked,10
dataset_1,full,threw,10
dataset_1,full,providing,10
dataset_1,full,colleges,10
dataset_1,full,promised,10
dataset_1,full,hired,10
dataset_1,full,regard,10
dataset_1,full,pan,10
dataset_1,full,heated,10
dataset_1,full,acceptable,10
dataset_1,full,rivers,10
dataset_1,full,62,10
dataset_1,full,ncause,10
dataset_1,full,wins,10
dataset_1,full,imagination,10
dataset_1,full,giant,10
dataset_1,full,bush's,10
dataset_1,full,highschool,10
dataset_1,full,tasks,10
dataset_1,full,shock,10
dataset_1,full,hollywood,10
dataset_1,full,dvds,10
dataset_1,full,unlike,10
dataset_1,full,rash,10
dataset_1,full,bath,10
dataset_1,full,pts,10
dataset_1,full,grandmother,10
dataset_1,full,identification,10
dataset_1,full,verse,10
dataset_1,full,tastes,10
dataset_1,full,struggling,10
dataset_1,full,refused,10
dataset_1,full,manufacturer,10
dataset_1,full,weren't,10
dataset_1,full,statute,10
dataset_1,full,deposit,10
dataset_1,full,scams,10
dataset_1,full,laid,10
dataset_1,full,observe,10
dataset_1,full,throwing,10
dataset_1,full,marked,10
dataset_1,full,subjects,10
dataset_1,full,teenager,10
dataset_1,full,b4,10
dataset_1,full,patrol,10
dataset_1,full,cnn,10
dataset_1,full,investigation,10
dataset_1,full,hotter,10
dataset_1,full,haha,10
dataset_1,full,discount,10
dataset_1,full,manner,10
dataset_1,full,trivia,10
dataset_1,full,arrogant,10
dataset_1,full,joining,10
dataset_1,full,meditation,10
dataset_1,full,retired,10
dataset_1,full,watts,10
dataset_1,full,abraham,10
dataset_1,full,screw,10
dataset_1,full,residence,10
dataset_1,full,lesbians,10
dataset_1,full,aol,10
dataset_1,full,composed,10
dataset_1,full,94,10
dataset_1,full,appeared,10
dataset_1,full,ships,10
dataset_1,full,phenomena,10
dataset_1,full,owns,10
dataset_1,full,caring,10
dataset_1,full,conventional,10
dataset_1,full,planned,10
dataset_1,full,farther,10
dataset_1,full,digits,10
dataset_1,full,conduct,10
dataset_1,full,attach,10
dataset_1,full,involves,10
dataset_1,full,phd,10
dataset_1,full,genetics,10
dataset_1,full,variable,10
dataset_1,full,compounds,10
dataset_1,full,lasting,10
dataset_1,full,diagnosed,10
dataset_1,full,involving,10
dataset_1,full,symptom,10
dataset_1,full,mile,10
dataset_1,full,nonly,10
dataset_1,full,hillary,10
dataset_1,full,overseas,10
dataset_1,full,85,10
dataset_1,full,crystal,10
dataset_1,full,pee,10
dataset_1,full,pretend,10
dataset_1,full,labor,10
dataset_1,full,charlie,10
dataset_1,full,duke,10
dataset_1,full,iii,10
dataset_1,full,nearest,10
dataset_1,full,nthose,10
dataset_1,full,44,10
dataset_1,full,spots,10
dataset_1,full,screwed,10
dataset_1,full,sudden,10
dataset_1,full,legitimate,10
dataset_1,full,appeal,10
dataset_1,full,bull,10
dataset_1,full,cures,10
dataset_1,full,freely,10
dataset_1,full,dimensional,10
dataset_1,full,ml,10
dataset_1,full,forth,10
dataset_1,full,lasts,10
dataset_1,full,desires,10
dataset_1,full,childhood,10
dataset_1,full,absence,10
dataset_1,full,we'd,10
dataset_1,full,verizon,10
dataset_1,full,magazines,10
dataset_1,full,someone's,10
dataset_1,full,nmake,10
dataset_1,full,sql,10
dataset_1,full,reporting,10
dataset_1,full,represent,10
dataset_1,full,sticky,10
dataset_1,full,beta,10
dataset_1,full,dried,10
dataset_1,full,wheat,10
dataset_1,full,everest,10
dataset_1,full,scotland,10
dataset_1,full,angel,10
dataset_1,full,picking,10
dataset_1,full,ed,10
dataset_1,full,served,10
dataset_1,full,mall,10
dataset_1,full,nowadays,10
dataset_1,full,networks,10
dataset_1,full,kit,10
dataset_1,full,ripped,10
dataset_1,full,stating,10
dataset_1,full,foundation,10
dataset_1,full,senator,10
dataset_1,full,comprehensive,10
dataset_1,full,gradually,10
dataset_1,full,expecting,10
dataset_1,full,conception,10
dataset_1,full,bowling,10
dataset_1,full,weapon,10
dataset_1,full,drag,10
dataset_1,full,sunlight,10
dataset_1,full,tourism,10
dataset_1,full,psp,10
dataset_1,full,teachings,10
dataset_1,full,n24,10
dataset_1,full,lightning,10
dataset_1,full,woke,10
dataset_1,full,pollution,10
dataset_1,full,conservatives,10
dataset_1,full,homes,10
dataset_1,full,honesty,10
dataset_1,full,couldnt,10
dataset_1,full,she'll,10
dataset_1,full,ng,10
dataset_1,full,wire,10
dataset_1,full,3d,10
dataset_1,full,nremember,10
dataset_1,full,printed,10
dataset_1,full,jon,10
dataset_1,full,calendar,10
dataset_1,full,fails,10
dataset_1,full,smurfs,10
dataset_1,full,sabbath,10
dataset_1,full,nthink,10
dataset_1,full,paragraph,10
dataset_1,full,tilted,10
dataset_1,full,underwear,10
dataset_1,full,rays,10
dataset_1,full,runner,10
dataset_1,full,nights,10
dataset_1,full,molecule,10
dataset_1,full,instruments,10
dataset_1,full,beings,10
dataset_1,full,hubby,10
dataset_1,full,electron,10
dataset_1,full,penalty,10
dataset_1,full,thirty,10
dataset_1,full,differential,10
dataset_1,full,arrows,10
dataset_1,full,supported,10
dataset_1,full,fence,10
dataset_1,full,outer,10
dataset_1,full,hardest,10
dataset_1,full,fret,10
dataset_1,full,loaded,10
dataset_1,full,calculator,10
dataset_1,full,holes,10
dataset_1,full,hung,10
dataset_1,full,abdominal,10
dataset_1,full,bitter,10
dataset_1,full,sacred,10
dataset_1,full,squirrel,10
dataset_1,full,pulling,10
dataset_1,full,masturbation,10
dataset_1,full,fishing,10
dataset_1,full,references,10
dataset_1,full,cheerleading,10
dataset_1,full,transmitted,10
dataset_1,full,resurrection,10
dataset_1,full,amnesty,10
dataset_1,full,knot,10
dataset_1,full,startup,10
dataset_1,full,scoring,10
dataset_1,full,cheats,10
dataset_1,full,fraction,10
dataset_1,full,amendment,10
dataset_1,full,neighbors,10
dataset_1,full,hawaii,10
dataset_1,full,trusted,10
dataset_1,full,toronto,10
dataset_1,full,5th,10
dataset_1,full,judges,10
dataset_1,full,commission,10
dataset_1,full,premium,10
dataset_1,full,appeals,10
dataset_1,full,clinical,10
dataset_1,full,satellites,10
dataset_1,full,prize,10
dataset_1,full,presidents,10
dataset_1,full,officially,10
dataset_1,full,dns,10
dataset_1,full,query,10
dataset_1,full,hurricanes,10
dataset_1,full,bothered,10
dataset_1,full,jet,10
dataset_1,full,mountains,10
dataset_1,full,potato,10
dataset_1,full,examination,10
dataset_1,full,detailed,10
dataset_1,full,cache,10
dataset_1,full,branches,10
dataset_1,full,trata,10
dataset_1,full,sobre,10
dataset_1,full,sept,10
dataset_1,full,pursue,10
dataset_1,full,md,10
dataset_1,full,stadium,10
dataset_1,full,mitosis,10
dataset_1,full,pitcher,10
dataset_1,full,blah,10
dataset_1,full,swear,10
dataset_1,full,admin,10
dataset_1,full,coding,10
dataset_1,full,wings,10
dataset_1,full,inuyasha,10
dataset_1,full,territory,10
dataset_1,full,gray,10
dataset_1,full,pic,10
dataset_1,full,figures,10
dataset_1,full,pushing,10
dataset_1,full,cardio,10
dataset_1,full,prednisone,10
dataset_1,full,permutations,10
dataset_1,full,hdd,10
dataset_1,full,lenses,10
dataset_1,full,powder,10
dataset_1,full,overs,10
dataset_1,full,cyst,10
dataset_1,full,masons,10
dataset_1,full,nyou've,10
dataset_1,full,keene,10
dataset_1,full,wolves,10
dataset_1,full,gig,9
dataset_1,full,accounting,9
dataset_1,full,company's,9
dataset_1,full,economies,9
dataset_1,full,asian,9
dataset_1,full,races,9
dataset_1,full,contacts,9
dataset_1,full,friend's,9
dataset_1,full,fathers,9
dataset_1,full,capitalism,9
dataset_1,full,trophy,9
dataset_1,full,occured,9
dataset_1,full,gen,9
dataset_1,full,massachusetts,9
dataset_1,full,architectural,9
dataset_1,full,fourth,9
dataset_1,full,youtube,9
dataset_1,full,stopping,9
dataset_1,full,tie,9
dataset_1,full,concentrated,9
dataset_1,full,sacrifice,9
dataset_1,full,santa,9
dataset_1,full,historically,9
dataset_1,full,regulated,9
dataset_1,full,settlement,9
dataset_1,full,lock,9
dataset_1,full,codes,9
dataset_1,full,annually,9
dataset_1,full,ben,9
dataset_1,full,watches,9
dataset_1,full,slavery,9
dataset_1,full,kissing,9
dataset_1,full,consequences,9
dataset_1,full,repeated,9
dataset_1,full,keys,9
dataset_1,full,ridiculous,9
dataset_1,full,graphics,9
dataset_1,full,maps,9
dataset_1,full,searches,9
dataset_1,full,rises,9
dataset_1,full,contrast,9
dataset_1,full,chase,9
dataset_1,full,surprise,9
dataset_1,full,camps,9
dataset_1,full,smallest,9
dataset_1,full,dioxide,9
dataset_1,full,combine,9
dataset_1,full,oils,9
dataset_1,full,closely,9
dataset_1,full,leaf,9
dataset_1,full,productive,9
dataset_1,full,brad,9
dataset_1,full,miracle,9
dataset_1,full,mike,9
dataset_1,full,crew,9
dataset_1,full,terminal,9
dataset_1,full,static,9
dataset_1,full,addicted,9
dataset_1,full,skinny,9
dataset_1,full,confident,9
dataset_1,full,rugby,9
dataset_1,full,ref,9
dataset_1,full,introduction,9
dataset_1,full,optional,9
dataset_1,full,electronic,9
dataset_1,full,unfortunate,9
dataset_1,full,propaganda,9
dataset_1,full,verify,9
dataset_1,full,environmental,9
dataset_1,full,grows,9
dataset_1,full,lakes,9
dataset_1,full,wicked,9
dataset_1,full,drama,9
dataset_1,full,er,9
dataset_1,full,podcast,9
dataset_1,full,landlord,9
dataset_1,full,factory,9
dataset_1,full,tries,9
dataset_1,full,engage,9
dataset_1,full,amd,9
dataset_1,full,cream,9
dataset_1,full,garage,9
dataset_1,full,actor,9
dataset_1,full,extensive,9
dataset_1,full,flu,9
dataset_1,full,180,9
dataset_1,full,ac,9
dataset_1,full,girlfriends,9
dataset_1,full,amazed,9
dataset_1,full,world's,9
dataset_1,full,clouds,9
dataset_1,full,delay,9
dataset_1,full,traveling,9
dataset_1,full,orbit,9
dataset_1,full,teenagers,9
dataset_1,full,posting,9
dataset_1,full,rooney,9
dataset_1,full,nman,9
dataset_1,full,donate,9
dataset_1,full,behave,9
dataset_1,full,34,9
dataset_1,full,array,9
dataset_1,full,patriots,9
dataset_1,full,multiplication,9
dataset_1,full,uh,9
dataset_1,full,overcome,9
dataset_1,full,traits,9
dataset_1,full,yoga,9
dataset_1,full,geocities,9
dataset_1,full,upload,9
dataset_1,full,formerly,9
dataset_1,full,monde,9
dataset_1,full,alexander,9
dataset_1,full,permit,9
dataset_1,full,extent,9
dataset_1,full,carefully,9
dataset_1,full,beleive,9
dataset_1,full,marraige,9
dataset_1,full,wondered,9
dataset_1,full,amber,9
dataset_1,full,noah,9
dataset_1,full,owned,9
dataset_1,full,shit,9
dataset_1,full,hat,9
dataset_1,full,virtually,9
dataset_1,full,industrial,9
dataset_1,full,cowboys,9
dataset_1,full,bears,9
dataset_1,full,previously,9
dataset_1,full,volcano,9
dataset_1,full,eruption,9
dataset_1,full,excercise,9
dataset_1,full,variations,9
dataset_1,full,specialized,9
dataset_1,full,atlantic,9
dataset_1,full,partition,9
dataset_1,full,thyroid,9
dataset_1,full,risks,9
dataset_1,full,dare,9
dataset_1,full,organism,9
dataset_1,full,molecular,9
dataset_1,full,font,9
dataset_1,full,certificate,9
dataset_1,full,hindu,9
dataset_1,full,marriages,9
dataset_1,full,boxing,9
dataset_1,full,wonders,9
dataset_1,full,entertainment,9
dataset_1,full,artificial,9
dataset_1,full,painting,9
dataset_1,full,herbal,9
dataset_1,full,moses,9
dataset_1,full,queen,9
dataset_1,full,wierd,9
dataset_1,full,designer,9
dataset_1,full,selecting,9
dataset_1,full,builds,9
dataset_1,full,ni'll,9
dataset_1,full,valley,9
dataset_1,full,jupiter,9
dataset_1,full,soo,9
dataset_1,full,asteroids,9
dataset_1,full,oldest,9
dataset_1,full,bruce,9
dataset_1,full,irrational,9
dataset_1,full,grew,9
dataset_1,full,scenario,9
dataset_1,full,politicians,9
dataset_1,full,simplify,9
dataset_1,full,politically,9
dataset_1,full,diverse,9
dataset_1,full,mini,9
dataset_1,full,fl,9
dataset_1,full,brave,9
dataset_1,full,gear,9
dataset_1,full,wil,9
dataset_1,full,compromise,9
dataset_1,full,fried,9
dataset_1,full,si,9
dataset_1,full,innocence,9
dataset_1,full,satisfied,9
dataset_1,full,becuase,9
dataset_1,full,pairs,9
dataset_1,full,calorie,9
dataset_1,full,gulf,9
dataset_1,full,massage,9
dataset_1,full,atheists,9
dataset_1,full,messages,9
dataset_1,full,competition,9
dataset_1,full,f1,9
dataset_1,full,jesus',9
dataset_1,full,quantities,9
dataset_1,full,bat,9
dataset_1,full,peas,9
dataset_1,full,cereal,9
dataset_1,full,soda,9
dataset_1,full,violation,9
dataset_1,full,flame,9
dataset_1,full,sufficient,9
dataset_1,full,reached,9
dataset_1,full,1994,9
dataset_1,full,martin,9
dataset_1,full,murdered,9
dataset_1,full,instantly,9
dataset_1,full,airport,9
dataset_1,full,tumor,9
dataset_1,full,phentermine,9
dataset_1,full,hospitals,9
dataset_1,full,piano,9
dataset_1,full,versa,9
dataset_1,full,punishment,9
dataset_1,full,lung,9
dataset_1,full,tobacco,9
dataset_1,full,hook,9
dataset_1,full,burns,9
dataset_1,full,professor,9
dataset_1,full,thanx,9
dataset_1,full,sweaty,9
dataset_1,full,palms,9
dataset_1,full,safely,9
dataset_1,full,fi,9
dataset_1,full,erection,9
dataset_1,full,hill,9
dataset_1,full,scar,9
dataset_1,full,digit,9
dataset_1,full,nlast,9
dataset_1,full,tower,9
dataset_1,full,derivative,9
dataset_1,full,'i,9
dataset_1,full,affection,9
dataset_1,full,disable,9
dataset_1,full,prayed,9
dataset_1,full,hearts,9
dataset_1,full,ghost,9
dataset_1,full,founded,9
dataset_1,full,controlling,9
dataset_1,full,protecting,9
dataset_1,full,flip,9
dataset_1,full,rw,9
dataset_1,full,naccording,9
dataset_1,full,wages,9
dataset_1,full,outstanding,9
dataset_1,full,pcs,9
dataset_1,full,obtained,9
dataset_1,full,successfully,9
dataset_1,full,appraisal,9
dataset_1,full,engaged,9
dataset_1,full,void,9
dataset_1,full,evaluate,9
dataset_1,full,latitude,9
dataset_1,full,nthere's,9
dataset_1,full,excited,9
dataset_1,full,magic,9
dataset_1,full,calculus,9
dataset_1,full,tournament,9
dataset_1,full,vague,9
dataset_1,full,neach,9
dataset_1,full,bedroom,9
dataset_1,full,legislation,9
dataset_1,full,travelling,9
dataset_1,full,inexpensive,9
dataset_1,full,pocket,9
dataset_1,full,wherever,9
dataset_1,full,nkeep,9
dataset_1,full,strategy,9
dataset_1,full,beating,9
dataset_1,full,hw,9
dataset_1,full,subtract,9
dataset_1,full,commanded,9
dataset_1,full,borders,9
dataset_1,full,soooo,9
dataset_1,full,shorts,9
dataset_1,full,holidays,9
dataset_1,full,importantly,9
dataset_1,full,accuracy,9
dataset_1,full,manners,9
dataset_1,full,dans,9
dataset_1,full,mais,9
dataset_1,full,jeans,9
dataset_1,full,05,9
dataset_1,full,nanyway,9
dataset_1,full,pharmacy,9
dataset_1,full,dot,9
dataset_1,full,culvert,9
dataset_1,full,realy,9
dataset_1,full,washing,9
dataset_1,full,filing,9
dataset_1,full,performing,9
dataset_1,full,expenses,9
dataset_1,full,unfair,9
dataset_1,full,gov,9
dataset_1,full,wet,9
dataset_1,full,any1,9
dataset_1,full,muscular,9
dataset_1,full,defend,9
dataset_1,full,48,9
dataset_1,full,decreases,9
dataset_1,full,fool,9
dataset_1,full,olympic,9
dataset_1,full,radical,9
dataset_1,full,boyfriends,9
dataset_1,full,confirmed,9
dataset_1,full,bang,9
dataset_1,full,arrived,9
dataset_1,full,incorrect,9
dataset_1,full,lent,9
dataset_1,full,slide,9
dataset_1,full,scratch,9
dataset_1,full,owners,9
dataset_1,full,lover,9
dataset_1,full,cancel,9
dataset_1,full,people's,9
dataset_1,full,cocaine,9
dataset_1,full,opens,9
dataset_1,full,login,9
dataset_1,full,commitment,9
dataset_1,full,jumper,9
dataset_1,full,rom,9
dataset_1,full,confront,9
dataset_1,full,adds,9
dataset_1,full,heres,9
dataset_1,full,moi,9
dataset_1,full,atomic,9
dataset_1,full,supposedly,9
dataset_1,full,scream,9
dataset_1,full,naruto,9
dataset_1,full,torrent,9
dataset_1,full,awards,9
dataset_1,full,spin,9
dataset_1,full,lesson,9
dataset_1,full,violated,9
dataset_1,full,spine,9
dataset_1,full,reception,9
dataset_1,full,outta,9
dataset_1,full,principle,9
dataset_1,full,restricted,9
dataset_1,full,itch,9
dataset_1,full,alternate,9
dataset_1,full,candy,9
dataset_1,full,sen,9
dataset_1,full,campaign,9
dataset_1,full,district,9
dataset_1,full,favor,9
dataset_1,full,assumed,9
dataset_1,full,shed,9
dataset_1,full,stealing,9
dataset_1,full,headed,9
dataset_1,full,helmet,9
dataset_1,full,distinct,9
dataset_1,full,goodbye,9
dataset_1,full,max,9
dataset_1,full,selection,9
dataset_1,full,holocaust,9
dataset_1,full,movements,9
dataset_1,full,embarrassed,9
dataset_1,full,concentrate,9
dataset_1,full,9th,9
dataset_1,full,protest,9
dataset_1,full,freezing,9
dataset_1,full,_,9
dataset_1,full,singapore,9
dataset_1,full,airbag,9
dataset_1,full,ati,9
dataset_1,full,chooses,9
dataset_1,full,sharks,9
dataset_1,full,gaining,9
dataset_1,full,angels,9
dataset_1,full,venus,9
dataset_1,full,quicktime,9
dataset_1,full,cotton,9
dataset_1,full,wooden,9
dataset_1,full,cia,9
dataset_1,full,quran,9
dataset_1,full,melting,9
dataset_1,full,horror,9
dataset_1,full,cam,9
dataset_1,full,spectrum,9
dataset_1,full,lion,9
dataset_1,full,immunity,9
dataset_1,full,goto,9
dataset_1,full,spoiled,9
dataset_1,full,vpn,9
dataset_1,full,strippers,9
dataset_1,full,trading,9
dataset_1,full,alt,9
dataset_1,full,nsecond,9
dataset_1,full,patents,9
dataset_1,full,heck,9
dataset_1,full,loop,9
dataset_1,full,rico,9
dataset_1,full,spooler,9
dataset_1,full,fundamental,9
dataset_1,full,karate,9
dataset_1,full,colours,9
dataset_1,full,magnesium,9
dataset_1,full,refractive,9
dataset_1,full,howard,9
dataset_1,full,tennessee,9
dataset_1,full,hydraulic,9
dataset_1,full,jade,9
dataset_1,full,wwii,9
dataset_1,full,floppy,9
dataset_1,full,ionic,9
dataset_1,full,splits,9
dataset_1,full,flames,9
dataset_1,full,microwave,9
dataset_1,full,shark,9
dataset_1,full,gallbladder,9
dataset_1,full,pe,9
dataset_1,full,nbecause,8
dataset_1,full,consumer,8
dataset_1,full,alternatives,8
dataset_1,full,nboth,8
dataset_1,full,representatives,8
dataset_1,full,intentions,8
dataset_1,full,beginner,8
dataset_1,full,acoustic,8
dataset_1,full,arabs,8
dataset_1,full,america's,8
dataset_1,full,dave,8
dataset_1,full,disabled,8
dataset_1,full,consume,8
dataset_1,full,corporations,8
dataset_1,full,restaurant,8
dataset_1,full,passionate,8
dataset_1,full,trusts,8
dataset_1,full,yield,8
dataset_1,full,interaction,8
dataset_1,full,oriented,8
dataset_1,full,component,8
dataset_1,full,refund,8
dataset_1,full,converted,8
dataset_1,full,1992,8
dataset_1,full,addressed,8
dataset_1,full,pope,8
dataset_1,full,newer,8
dataset_1,full,ours,8
dataset_1,full,osama,8
dataset_1,full,priest,8
dataset_1,full,reject,8
dataset_1,full,institution,8
dataset_1,full,liverpool,8
dataset_1,full,bully,8
dataset_1,full,funniest,8
dataset_1,full,pins,8
dataset_1,full,supplement,8
dataset_1,full,consideration,8
dataset_1,full,arrest,8
dataset_1,full,pathetic,8
dataset_1,full,highway,8
dataset_1,full,kevin,8
dataset_1,full,talented,8
dataset_1,full,genesis,8
dataset_1,full,impression,8
dataset_1,full,cups,8
dataset_1,full,obey,8
dataset_1,full,jennifer,8
dataset_1,full,fats,8
dataset_1,full,identified,8
dataset_1,full,integers,8
dataset_1,full,stems,8
dataset_1,full,reproduce,8
dataset_1,full,reserves,8
dataset_1,full,joints,8
dataset_1,full,upward,8
dataset_1,full,nutrition,8
dataset_1,full,appearing,8
dataset_1,full,useless,8
dataset_1,full,printers,8
dataset_1,full,chatting,8
dataset_1,full,20's,8
dataset_1,full,threatening,8
dataset_1,full,facing,8
dataset_1,full,combined,8
dataset_1,full,sizes,8
dataset_1,full,partial,8
dataset_1,full,incoming,8
dataset_1,full,specified,8
dataset_1,full,n15,8
dataset_1,full,explosion,8
dataset_1,full,positively,8
dataset_1,full,urge,8
dataset_1,full,hosting,8
dataset_1,full,goddess,8
dataset_1,full,sized,8
dataset_1,full,understands,8
dataset_1,full,walks,8
dataset_1,full,eyed,8
dataset_1,full,romantic,8
dataset_1,full,admission,8
dataset_1,full,admissions,8
dataset_1,full,rating,8
dataset_1,full,nfinally,8
dataset_1,full,quicker,8
dataset_1,full,employers,8
dataset_1,full,eric,8
dataset_1,full,survived,8
dataset_1,full,claiming,8
dataset_1,full,attacking,8
dataset_1,full,weddings,8
dataset_1,full,laboratory,8
dataset_1,full,nutrients,8
dataset_1,full,skill,8
dataset_1,full,grandma,8
dataset_1,full,tear,8
dataset_1,full,majors,8
dataset_1,full,copyright,8
dataset_1,full,mandatory,8
dataset_1,full,michelle,8
dataset_1,full,twins,8
dataset_1,full,contribute,8
dataset_1,full,por,8
dataset_1,full,generic,8
dataset_1,full,replies,8
dataset_1,full,aka,8
dataset_1,full,presidential,8
dataset_1,full,candidates,8
dataset_1,full,equipped,8
dataset_1,full,displayed,8
dataset_1,full,piss,8
dataset_1,full,apt,8
dataset_1,full,secretary,8
dataset_1,full,contents,8
dataset_1,full,rem,8
dataset_1,full,dressed,8
dataset_1,full,sang,8
dataset_1,full,semester,8
dataset_1,full,68,8
dataset_1,full,reviews,8
dataset_1,full,wednesday,8
dataset_1,full,canal,8
dataset_1,full,handled,8
dataset_1,full,ford,8
dataset_1,full,labeled,8
dataset_1,full,ranking,8
dataset_1,full,permitted,8
dataset_1,full,username,8
dataset_1,full,esteem,8
dataset_1,full,martial,8
dataset_1,full,hills,8
dataset_1,full,prince,8
dataset_1,full,sorts,8
dataset_1,full,permits,8
dataset_1,full,visitors,8
dataset_1,full,timing,8
dataset_1,full,centuries,8
dataset_1,full,poles,8
dataset_1,full,humor,8
dataset_1,full,noted,8
dataset_1,full,output,8
dataset_1,full,recieved,8
dataset_1,full,shapes,8
dataset_1,full,consumption,8
dataset_1,full,formation,8
dataset_1,full,networking,8
dataset_1,full,titles,8
dataset_1,full,nhere's,8
dataset_1,full,occasion,8
dataset_1,full,creature,8
dataset_1,full,bypass,8
dataset_1,full,refuses,8
dataset_1,full,gifts,8
dataset_1,full,nwhile,8
dataset_1,full,arguing,8
dataset_1,full,arkansas,8
dataset_1,full,remind,8
dataset_1,full,86,8
dataset_1,full,mates,8
dataset_1,full,bureau,8
dataset_1,full,magnitude,8
dataset_1,full,failing,8
dataset_1,full,muhammad,8
dataset_1,full,kindly,8
dataset_1,full,n16,8
dataset_1,full,43,8
dataset_1,full,flags,8
dataset_1,full,screwing,8
dataset_1,full,throws,8
dataset_1,full,refuse,8
dataset_1,full,alcoholic,8
dataset_1,full,tire,8
dataset_1,full,rains,8
dataset_1,full,nonce,8
dataset_1,full,grams,8
dataset_1,full,buttigliera,8
dataset_1,full,mechanics,8
dataset_1,full,nearby,8
dataset_1,full,collisions,8
dataset_1,full,locked,8
dataset_1,full,partying,8
dataset_1,full,cats,8
dataset_1,full,figured,8
dataset_1,full,mississippi,8
dataset_1,full,odds,8
dataset_1,full,existed,8
dataset_1,full,classroom,8
dataset_1,full,covers,8
dataset_1,full,uric,8
dataset_1,full,swelling,8
dataset_1,full,pin,8
dataset_1,full,oc,8
dataset_1,full,sequence,8
dataset_1,full,avg,8
dataset_1,full,proportional,8
dataset_1,full,survival,8
dataset_1,full,remained,8
dataset_1,full,listing,8
dataset_1,full,sunshine,8
dataset_1,full,trials,8
dataset_1,full,hated,8
dataset_1,full,eachother,8
dataset_1,full,jan,8
dataset_1,full,'cause,8
dataset_1,full,exponential,8
dataset_1,full,unwanted,8
dataset_1,full,bananas,8
dataset_1,full,cloning,8
dataset_1,full,pains,8
dataset_1,full,grain,8
dataset_1,full,shocked,8
dataset_1,full,strain,8
dataset_1,full,beneficial,8
dataset_1,full,lump,8
dataset_1,full,hero,8
dataset_1,full,sticks,8
dataset_1,full,sung,8
dataset_1,full,phoenix,8
dataset_1,full,maryland,8
dataset_1,full,functioning,8
dataset_1,full,fireworks,8
dataset_1,full,photoshop,8
dataset_1,full,rooms,8
dataset_1,full,proxy,8
dataset_1,full,isp,8
dataset_1,full,motivated,8
dataset_1,full,passive,8
dataset_1,full,semen,8
dataset_1,full,metric,8
dataset_1,full,realise,8
dataset_1,full,measurements,8
dataset_1,full,candidate,8
dataset_1,full,1996,8
dataset_1,full,reasoning,8
dataset_1,full,marijuana,8
dataset_1,full,tuesday,8
dataset_1,full,economically,8
dataset_1,full,structures,8
dataset_1,full,supportive,8
dataset_1,full,angeles,8
dataset_1,full,tubes,8
dataset_1,full,dissolve,8
dataset_1,full,slim,8
dataset_1,full,rib,8
dataset_1,full,anxious,8
dataset_1,full,polar,8
dataset_1,full,routers,8
dataset_1,full,chapters,8
dataset_1,full,apostles,8
dataset_1,full,nusing,8
dataset_1,full,navy,8
dataset_1,full,gains,8
dataset_1,full,morales,8
dataset_1,full,antonio,8
dataset_1,full,evolve,8
dataset_1,full,rated,8
dataset_1,full,efforts,8
dataset_1,full,nwhich,8
dataset_1,full,arab,8
dataset_1,full,woods,8
dataset_1,full,stats,8
dataset_1,full,complaint,8
dataset_1,full,monitoring,8
dataset_1,full,longitude,8
dataset_1,full,arsenal,8
dataset_1,full,bomb,8
dataset_1,full,inventions,8
dataset_1,full,nw,8
dataset_1,full,celebrity,8
dataset_1,full,rebel,8
dataset_1,full,chromosomes,8
dataset_1,full,maximize,8
dataset_1,full,lamp,8
dataset_1,full,mirror,8
dataset_1,full,worlds,8
dataset_1,full,burst,8
dataset_1,full,condom,8
dataset_1,full,corp,8
dataset_1,full,gross,8
dataset_1,full,labour,8
dataset_1,full,maroney,8
dataset_1,full,meetings,8
dataset_1,full,battles,8
dataset_1,full,passage,8
dataset_1,full,grid,8
dataset_1,full,morons,8
dataset_1,full,expand,8
dataset_1,full,tense,8
dataset_1,full,destiny,8
dataset_1,full,toilet,8
dataset_1,full,sweating,8
dataset_1,full,11th,8
dataset_1,full,prob,8
dataset_1,full,banned,8
dataset_1,full,analyze,8
dataset_1,full,catholics,8
dataset_1,full,elections,8
dataset_1,full,regards,8
dataset_1,full,upcoming,8
dataset_1,full,matt,8
dataset_1,full,ditch,8
dataset_1,full,proposal,8
dataset_1,full,popped,8
dataset_1,full,whos,8
dataset_1,full,ke,8
dataset_1,full,knw,8
dataset_1,full,lesser,8
dataset_1,full,47,8
dataset_1,full,estimated,8
dataset_1,full,plural,8
dataset_1,full,urinary,8
dataset_1,full,urine,8
dataset_1,full,frozen,8
dataset_1,full,corrupt,8
dataset_1,full,disorders,8
dataset_1,full,johnny,8
dataset_1,full,licensed,8
dataset_1,full,muster,8
dataset_1,full,pcos,8
dataset_1,full,enemies,8
dataset_1,full,watt,8
dataset_1,full,nfind,8
dataset_1,full,efficient,8
dataset_1,full,exception,8
dataset_1,full,tissues,8
dataset_1,full,span,8
dataset_1,full,yell,8
dataset_1,full,sincere,8
dataset_1,full,counting,8
dataset_1,full,sheep,8
dataset_1,full,newly,8
dataset_1,full,marks,8
dataset_1,full,scam,8
dataset_1,full,shine,8
dataset_1,full,expire,8
dataset_1,full,civilian,8
dataset_1,full,judgment,8
dataset_1,full,opposition,8
dataset_1,full,institute,8
dataset_1,full,exercising,8
dataset_1,full,attempting,8
dataset_1,full,solutions,8
dataset_1,full,blade,8
dataset_1,full,bust,8
dataset_1,full,quickest,8
dataset_1,full,solo,8
dataset_1,full,origins,8
dataset_1,full,2010,8
dataset_1,full,australian,8
dataset_1,full,pen,8
dataset_1,full,unite,8
dataset_1,full,hindi,8
dataset_1,full,labs,8
dataset_1,full,condoms,8
dataset_1,full,speeds,8
dataset_1,full,honor,8
dataset_1,full,ce,8
dataset_1,full,surrounding,8
dataset_1,full,250,8
dataset_1,full,nwhether,8
dataset_1,full,hiring,8
dataset_1,full,designing,8
dataset_1,full,quantum,8
dataset_1,full,viewed,8
dataset_1,full,creditors,8
dataset_1,full,rape,8
dataset_1,full,similarities,8
dataset_1,full,strict,8
dataset_1,full,icons,8
dataset_1,full,distinction,8
dataset_1,full,subscribe,8
dataset_1,full,fighter,8
dataset_1,full,turbines,8
dataset_1,full,strep,8
dataset_1,full,pork,8
dataset_1,full,worrying,8
dataset_1,full,hep,8
dataset_1,full,ozone,8
dataset_1,full,viral,8
dataset_1,full,charity,8
dataset_1,full,speaker,8
dataset_1,full,mpeg,8
dataset_1,full,nbtw,8
dataset_1,full,winners,8
dataset_1,full,node,8
dataset_1,full,funded,8
dataset_1,full,electronics,8
dataset_1,full,lovely,8
dataset_1,full,apples,8
dataset_1,full,cord,8
dataset_1,full,adopted,8
dataset_1,full,c1,8
dataset_1,full,forehead,8
dataset_1,full,sits,8
dataset_1,full,3000,8
dataset_1,full,islands,8
dataset_1,full,memorial,8
dataset_1,full,maintenance,8
dataset_1,full,assure,8
dataset_1,full,fatal,8
dataset_1,full,births,8
dataset_1,full,fits,8
dataset_1,full,dynamic,8
dataset_1,full,pagebuilder,8
dataset_1,full,blocker,8
dataset_1,full,atp,8
dataset_1,full,happily,8
dataset_1,full,pasta,8
dataset_1,full,invited,8
dataset_1,full,graduated,8
dataset_1,full,chair,8
dataset_1,full,kenya,8
dataset_1,full,surge,8
dataset_1,full,tiger,8
dataset_1,full,slot,8
dataset_1,full,chlorine,8
dataset_1,full,debts,8
dataset_1,full,prompt,8
dataset_1,full,emergency,8
dataset_1,full,leads,8
dataset_1,full,doors,8
dataset_1,full,nhl,8
dataset_1,full,proclaimed,8
dataset_1,full,monkey,8
dataset_1,full,lips,8
dataset_1,full,serial,8
dataset_1,full,comparison,8
dataset_1,full,copper,8
dataset_1,full,medieval,8
dataset_1,full,cc,8
dataset_1,full,qualities,8
dataset_1,full,counts,8
dataset_1,full,riding,8
dataset_1,full,tht,8
dataset_1,full,nationality,8
dataset_1,full,satisfaction,8
dataset_1,full,abs,8
dataset_1,full,hymen,8
dataset_1,full,tricks,8
dataset_1,full,atlanta,8
dataset_1,full,frequencies,8
dataset_1,full,bird,8
dataset_1,full,filter,8
dataset_1,full,administrator,8
dataset_1,full,erase,8
dataset_1,full,boil,8
dataset_1,full,lan,8
dataset_1,full,oj,8
dataset_1,full,korean,8
dataset_1,full,12th,8
dataset_1,full,potentially,8
dataset_1,full,aunt,8
dataset_1,full,hehe,8
dataset_1,full,strand,8
dataset_1,full,gb,8
dataset_1,full,february,8
dataset_1,full,buttons,8
dataset_1,full,proclamation,8
dataset_1,full,slaves,8
dataset_1,full,technicians,8
dataset_1,full,barry,8
dataset_1,full,asp,8
dataset_1,full,struggle,8
dataset_1,full,rumour,8
dataset_1,full,mm,8
dataset_1,full,couples,8
dataset_1,full,cpus,8
dataset_1,full,shortly,8
dataset_1,full,kkk,8
dataset_1,full,couch,8
dataset_1,full,cathode,8
dataset_1,full,adjust,8
dataset_1,full,recycle,8
dataset_1,full,substitution,8
dataset_1,full,abt,8
dataset_1,full,b2,8
dataset_1,full,substances,8
dataset_1,full,tweens,8
dataset_1,full,actuaries,8
dataset_1,full,jelly,8
dataset_1,full,pat,8
dataset_1,full,nindia,8
dataset_1,full,injective,8
dataset_1,full,advantages,8
dataset_1,full,bees,8
dataset_1,full,acute,8
dataset_1,full,chin,8
dataset_1,full,oct,8
dataset_1,full,watchtower,8
dataset_1,full,devils,8
dataset_1,full,tmj,8
dataset_1,full,overhaul,8
dataset_1,full,doll,8
dataset_1,full,vcl,8
dataset_1,full,mp4,8
dataset_1,full,esr,8
dataset_1,full,mudflows,8
dataset_1,full,fielders,8
dataset_1,full,10x,7
dataset_1,full,arrangement,7
dataset_1,full,economics,7
dataset_1,full,goverment,7
dataset_1,full,beats,7
dataset_1,full,guts,7
dataset_1,full,tops,7
dataset_1,full,seller,7
dataset_1,full,governor,7
dataset_1,full,rookie,7
dataset_1,full,serving,7
dataset_1,full,gov't,7
dataset_1,full,formal,7
dataset_1,full,scope,7
dataset_1,full,n0,7
dataset_1,full,56,7
dataset_1,full,extracted,7
dataset_1,full,producers,7
dataset_1,full,gap,7
dataset_1,full,pittsburgh,7
dataset_1,full,badly,7
dataset_1,full,jones,7
dataset_1,full,achieved,7
dataset_1,full,route,7
dataset_1,full,liable,7
dataset_1,full,richard,7
dataset_1,full,travels,7
dataset_1,full,declaration,7
dataset_1,full,magnets,7
dataset_1,full,peel,7
dataset_1,full,mum,7
dataset_1,full,outcome,7
dataset_1,full,reaching,7
dataset_1,full,creatures,7
dataset_1,full,package,7
dataset_1,full,confirm,7
dataset_1,full,hp,7
dataset_1,full,packs,7
dataset_1,full,hunters,7
dataset_1,full,liquids,7
dataset_1,full,soils,7
dataset_1,full,fibers,7
dataset_1,full,mowing,7
dataset_1,full,vital,7
dataset_1,full,elevated,7
dataset_1,full,iraqis,7
dataset_1,full,cancers,7
dataset_1,full,nunless,7
dataset_1,full,climb,7
dataset_1,full,smiling,7
dataset_1,full,verbal,7
dataset_1,full,attempted,7
dataset_1,full,logical,7
dataset_1,full,reveal,7
dataset_1,full,swallow,7
dataset_1,full,whatsoever,7
dataset_1,full,olds,7
dataset_1,full,enable,7
dataset_1,full,weekends,7
dataset_1,full,cbt,7
dataset_1,full,ease,7
dataset_1,full,widespread,7
dataset_1,full,preparation,7
dataset_1,full,nalthough,7
dataset_1,full,blunt,7
dataset_1,full,accomplishments,7
dataset_1,full,awake,7
dataset_1,full,lust,7
dataset_1,full,conscious,7
dataset_1,full,carries,7
dataset_1,full,peanuts,7
dataset_1,full,poisoning,7
dataset_1,full,instructor,7
dataset_1,full,um,7
dataset_1,full,1967,7
dataset_1,full,relevant,7
dataset_1,full,decides,7
dataset_1,full,perceived,7
dataset_1,full,releases,7
dataset_1,full,nme,7
dataset_1,full,erik,7
dataset_1,full,provisions,7
dataset_1,full,licensing,7
dataset_1,full,broadcast,7
dataset_1,full,coupon,7
dataset_1,full,xx,7
dataset_1,full,toast,7
dataset_1,full,glue,7
dataset_1,full,lo,7
dataset_1,full,it'll,7
dataset_1,full,suits,7
dataset_1,full,intel,7
dataset_1,full,shaving,7
dataset_1,full,sends,7
dataset_1,full,dj,7
dataset_1,full,joseph,7
dataset_1,full,1999,7
dataset_1,full,piercings,7
dataset_1,full,generations,7
dataset_1,full,chloride,7
dataset_1,full,deliver,7
dataset_1,full,lonely,7
dataset_1,full,paypal,7
dataset_1,full,shore,7
dataset_1,full,mri,7
dataset_1,full,diagnosis,7
dataset_1,full,tradition,7
dataset_1,full,accomplished,7
dataset_1,full,discharge,7
dataset_1,full,arent,7
dataset_1,full,wayne,7
dataset_1,full,40x,7
dataset_1,full,fate,7
dataset_1,full,boom,7
dataset_1,full,accepting,7
dataset_1,full,dropping,7
dataset_1,full,ftp,7
dataset_1,full,ucla,7
dataset_1,full,knock,7
dataset_1,full,tongues,7
dataset_1,full,louis,7
dataset_1,full,lincoln,7
dataset_1,full,permanently,7
dataset_1,full,subsequently,7
dataset_1,full,assumption,7
dataset_1,full,greeks,7
dataset_1,full,vessels,7
dataset_1,full,roger,7
dataset_1,full,maker,7
dataset_1,full,independently,7
dataset_1,full,netherlands,7
dataset_1,full,stat,7
dataset_1,full,57,7
dataset_1,full,tim,7
dataset_1,full,chewing,7
dataset_1,full,genius,7
dataset_1,full,markets,7
dataset_1,full,cease,7
dataset_1,full,zip,7
dataset_1,full,rub,7
dataset_1,full,truely,7
dataset_1,full,bias,7
dataset_1,full,threats,7
dataset_1,full,volcanoes,7
dataset_1,full,nare,7
dataset_1,full,alter,7
dataset_1,full,volcanic,7
dataset_1,full,drown,7
dataset_1,full,realtor,7
dataset_1,full,retain,7
dataset_1,full,racism,7
dataset_1,full,layers,7
dataset_1,full,shallow,7
dataset_1,full,vivo,7
dataset_1,full,vitro,7
dataset_1,full,manufacturing,7
dataset_1,full,stages,7
dataset_1,full,singles,7
dataset_1,full,palestinian,7
dataset_1,full,pledge,7
dataset_1,full,ap,7
dataset_1,full,tyson,7
dataset_1,full,legend,7
dataset_1,full,lens,7
dataset_1,full,brazilian,7
dataset_1,full,roughly,7
dataset_1,full,a2,7
dataset_1,full,ecuador,7
dataset_1,full,medicines,7
dataset_1,full,syria,7
dataset_1,full,n17,7
dataset_1,full,publicly,7
dataset_1,full,hoped,7
dataset_1,full,contacting,7
dataset_1,full,freak,7
dataset_1,full,daughters,7
dataset_1,full,jordan,7
dataset_1,full,tour,7
dataset_1,full,forgotten,7
dataset_1,full,seasons,7
dataset_1,full,driven,7
dataset_1,full,fortunately,7
dataset_1,full,eternal,7
dataset_1,full,manually,7
dataset_1,full,kilograms,7
dataset_1,full,residential,7
dataset_1,full,entrance,7
dataset_1,full,forest,7
dataset_1,full,stable,7
dataset_1,full,donald,7
dataset_1,full,complaints,7
dataset_1,full,hemisphere,7
dataset_1,full,nevery,7
dataset_1,full,sh,7
dataset_1,full,regulate,7
dataset_1,full,fertilization,7
dataset_1,full,cakes,7
dataset_1,full,motto,7
dataset_1,full,ghana,7
dataset_1,full,publishers,7
dataset_1,full,popularity,7
dataset_1,full,peppers,7
dataset_1,full,depressing,7
dataset_1,full,hrs,7
dataset_1,full,christ's,7
dataset_1,full,stocks,7
dataset_1,full,bloodstream,7
dataset_1,full,saves,7
dataset_1,full,pleased,7
dataset_1,full,63,7
dataset_1,full,kindness,7
dataset_1,full,cake,7
dataset_1,full,mother's,7
dataset_1,full,steady,7
dataset_1,full,intellectual,7
dataset_1,full,strangers,7
dataset_1,full,wmd,7
dataset_1,full,revenge,7
dataset_1,full,wht,7
dataset_1,full,parallel,7
dataset_1,full,nch,7
dataset_1,full,'the,7
dataset_1,full,wine,7
dataset_1,full,crucified,7
dataset_1,full,membership,7
dataset_1,full,18th,7
dataset_1,full,19th,7
dataset_1,full,pulls,7
dataset_1,full,evaluation,7
dataset_1,full,waist,7
dataset_1,full,oracle,7
dataset_1,full,dev,7
dataset_1,full,thou,7
dataset_1,full,oklahoma,7
dataset_1,full,nitric,7
dataset_1,full,bench,7
dataset_1,full,hormones,7
dataset_1,full,testosterone,7
dataset_1,full,dietary,7
dataset_1,full,smells,7
dataset_1,full,closet,7
dataset_1,full,laxatives,7
dataset_1,full,nyes,7
dataset_1,full,storm,7
dataset_1,full,par,7
dataset_1,full,wisconsin,7
dataset_1,full,borrow,7
dataset_1,full,becoz,7
dataset_1,full,legit,7
dataset_1,full,qualifications,7
dataset_1,full,aggressive,7
dataset_1,full,punk,7
dataset_1,full,serpent,7
dataset_1,full,amazon,7
dataset_1,full,physicians,7
dataset_1,full,dunno,7
dataset_1,full,decline,7
dataset_1,full,gram,7
dataset_1,full,participation,7
dataset_1,full,committee,7
dataset_1,full,mart,7
dataset_1,full,mercury,7
dataset_1,full,kennedy,7
dataset_1,full,relies,7
dataset_1,full,drawing,7
dataset_1,full,1946,7
dataset_1,full,plasma,7
dataset_1,full,belongs,7
dataset_1,full,undergo,7
dataset_1,full,erect,7
dataset_1,full,texts,7
dataset_1,full,lane,7
dataset_1,full,documented,7
dataset_1,full,interference,7
dataset_1,full,billy,7
dataset_1,full,calculations,7
dataset_1,full,shops,7
dataset_1,full,burp,7
dataset_1,full,caffeine,7
dataset_1,full,gum,7
dataset_1,full,happier,7
dataset_1,full,occupied,7
dataset_1,full,respectable,7
dataset_1,full,revelation,7
dataset_1,full,corrupted,7
dataset_1,full,corruption,7
dataset_1,full,repeatedly,7
dataset_1,full,montana,7
dataset_1,full,pricing,7
dataset_1,full,eddie,7
dataset_1,full,practicing,7
dataset_1,full,discs,7
dataset_1,full,plotter,7
dataset_1,full,buddhist,7
dataset_1,full,profits,7
dataset_1,full,mumbai,7
dataset_1,full,lee,7
dataset_1,full,denver,7
dataset_1,full,omega,7
dataset_1,full,sf,7
dataset_1,full,indicates,7
dataset_1,full,significantly,7
dataset_1,full,experiencing,7
dataset_1,full,nj,7
dataset_1,full,nowhere,7
dataset_1,full,hamstring,7
dataset_1,full,mins,7
dataset_1,full,frustrating,7
dataset_1,full,n18,7
dataset_1,full,oprah,7
dataset_1,full,separation,7
dataset_1,full,happend,7
dataset_1,full,ion,7
dataset_1,full,shelf,7
dataset_1,full,crunches,7
dataset_1,full,blocking,7
dataset_1,full,untill,7
dataset_1,full,altered,7
dataset_1,full,logo,7
dataset_1,full,backing,7
dataset_1,full,overly,7
dataset_1,full,coats,7
dataset_1,full,dam,7
dataset_1,full,jew,7
dataset_1,full,curriculum,7
dataset_1,full,nnext,7
dataset_1,full,existance,7
dataset_1,full,acrobat,7
dataset_1,full,sixth,7
dataset_1,full,underground,7
dataset_1,full,traditions,7
dataset_1,full,disagree,7
dataset_1,full,256,7
dataset_1,full,bits,7
dataset_1,full,whichever,7
dataset_1,full,inclined,7
dataset_1,full,pillow,7
dataset_1,full,vous,7
dataset_1,full,violent,7
dataset_1,full,skirt,7
dataset_1,full,excessive,7
dataset_1,full,frnd,7
dataset_1,full,yippie,7
dataset_1,full,yi,7
dataset_1,full,faithful,7
dataset_1,full,inspired,7
dataset_1,full,intimate,7
dataset_1,full,nsorry,7
dataset_1,full,weed,7
dataset_1,full,automatic,7
dataset_1,full,collapse,7
dataset_1,full,delivered,7
dataset_1,full,bittorrent,7
dataset_1,full,laying,7
dataset_1,full,concrete,7
dataset_1,full,explode,7
dataset_1,full,documentary,7
dataset_1,full,pronunciation,7
dataset_1,full,yankees,7
dataset_1,full,bridge,7
dataset_1,full,expressed,7
dataset_1,full,cloth,7
dataset_1,full,btw,7
dataset_1,full,divination,7
dataset_1,full,announced,7
dataset_1,full,crop,7
dataset_1,full,solving,7
dataset_1,full,backwards,7
dataset_1,full,pad,7
dataset_1,full,helium,7
dataset_1,full,bearing,7
dataset_1,full,crossed,7
dataset_1,full,aged,7
dataset_1,full,definately,7
dataset_1,full,continuous,7
dataset_1,full,moist,7
dataset_1,full,organisation,7
dataset_1,full,bipolar,7
dataset_1,full,61,7
dataset_1,full,ocd,7
dataset_1,full,nyou're,7
dataset_1,full,buddhism,7
dataset_1,full,fantastic,7
dataset_1,full,extension,7
dataset_1,full,faulty,7
dataset_1,full,conclude,7
dataset_1,full,spreading,7
dataset_1,full,insure,7
dataset_1,full,fools,7
dataset_1,full,elderly,7
dataset_1,full,meaningless,7
dataset_1,full,polynomial,7
dataset_1,full,loser,7
dataset_1,full,ordering,7
dataset_1,full,civilians,7
dataset_1,full,physiology,7
dataset_1,full,sociology,7
dataset_1,full,lighter,7
dataset_1,full,passport,7
dataset_1,full,marine,7
dataset_1,full,blessed,7
dataset_1,full,wording,7
dataset_1,full,grip,7
dataset_1,full,eats,7
dataset_1,full,ans,7
dataset_1,full,revealed,7
dataset_1,full,deeper,7
dataset_1,full,triple,7
dataset_1,full,ejaculate,7
dataset_1,full,relativity,7
dataset_1,full,ethernet,7
dataset_1,full,adress,7
dataset_1,full,antibiotics,7
dataset_1,full,spare,7
dataset_1,full,zealand,7
dataset_1,full,responsibilities,7
dataset_1,full,theirs,7
dataset_1,full,harmful,7
dataset_1,full,grabbed,7
dataset_1,full,flirting,7
dataset_1,full,doctrine,7
dataset_1,full,dell,7
dataset_1,full,shorter,7
dataset_1,full,estimates,7
dataset_1,full,profiles,7
dataset_1,full,freezer,7
dataset_1,full,alittle,7
dataset_1,full,teaches,7
dataset_1,full,approve,7
dataset_1,full,curse,7
dataset_1,full,softwares,7
dataset_1,full,slang,7
dataset_1,full,sur,7
dataset_1,full,proton,7
dataset_1,full,consists,7
dataset_1,full,conduction,7
dataset_1,full,authorized,7
dataset_1,full,how's,7
dataset_1,full,peaceful,7
dataset_1,full,household,7
dataset_1,full,theoretical,7
dataset_1,full,p2p,7
dataset_1,full,descent,7
dataset_1,full,sphere,7
dataset_1,full,nhey,7
dataset_1,full,basics,7
dataset_1,full,1966,7
dataset_1,full,laser,7
dataset_1,full,trades,7
dataset_1,full,loses,7
dataset_1,full,savior,7
dataset_1,full,purchasing,7
dataset_1,full,reserve,7
dataset_1,full,nwow,7
dataset_1,full,corporate,7
dataset_1,full,exclusive,7
dataset_1,full,punish,7
dataset_1,full,pea,7
dataset_1,full,absorption,7
dataset_1,full,shells,7
dataset_1,full,twisted,7
dataset_1,full,roof,7
dataset_1,full,stressed,7
dataset_1,full,diploma,7
dataset_1,full,guaranteed,7
dataset_1,full,influenced,7
dataset_1,full,pancreas,7
dataset_1,full,ballot,7
dataset_1,full,smoker,7
dataset_1,full,gps,7
dataset_1,full,struck,7
dataset_1,full,c2,7
dataset_1,full,bobbin,7
dataset_1,full,manual,7
dataset_1,full,brush,7
dataset_1,full,mt,7
dataset_1,full,wasnt,7
dataset_1,full,mtv,7
dataset_1,full,nascar,7
dataset_1,full,borglum,7
dataset_1,full,1991,7
dataset_1,full,widow,7
dataset_1,full,cleaned,7
dataset_1,full,karma,7
dataset_1,full,http,7
dataset_1,full,sneeze,7
dataset_1,full,civilization,7
dataset_1,full,obesity,7
dataset_1,full,dishes,7
dataset_1,full,climax,7
dataset_1,full,unusual,7
dataset_1,full,watson,7
dataset_1,full,pile,7
dataset_1,full,juliet,7
dataset_1,full,zulu,7
dataset_1,full,wipe,7
dataset_1,full,6x,7
dataset_1,full,meantime,7
dataset_1,full,crunch,7
dataset_1,full,interfere,7
dataset_1,full,inelastic,7
dataset_1,full,ins,7
dataset_1,full,cardinals,7
dataset_1,full,bullets,7
dataset_1,full,busted,7
dataset_1,full,applies,7
dataset_1,full,ladder,7
dataset_1,full,disability,7
dataset_1,full,genital,7
dataset_1,full,1989,7
dataset_1,full,employed,7
dataset_1,full,accomplish,7
dataset_1,full,boston,7
dataset_1,full,garbage,7
dataset_1,full,cramps,7
dataset_1,full,koran,7
dataset_1,full,emphasis,7
dataset_1,full,sba,7
dataset_1,full,neighbour,7
dataset_1,full,rebels,7
dataset_1,full,nukes,7
dataset_1,full,equator,7
dataset_1,full,allen,7
dataset_1,full,geography,7
dataset_1,full,administrative,7
dataset_1,full,mysql,7
dataset_1,full,faq,7
dataset_1,full,separated,7
dataset_1,full,capability,7
dataset_1,full,encounter,7
dataset_1,full,fiancee,7
dataset_1,full,stephen,7
dataset_1,full,objective,7
dataset_1,full,versus,7
dataset_1,full,rubber,7
dataset_1,full,dissent,7
dataset_1,full,tch,7
dataset_1,full,202,7
dataset_1,full,realised,7
dataset_1,full,opponent,7
dataset_1,full,detect,7
dataset_1,full,decreasing,7
dataset_1,full,suspicious,7
dataset_1,full,upgrade,7
dataset_1,full,collector,7
dataset_1,full,vanadium,7
dataset_1,full,witness,7
dataset_1,full,whites,7
dataset_1,full,communities,7
dataset_1,full,slight,7
dataset_1,full,frog,7
dataset_1,full,weighs,7
dataset_1,full,cubic,7
dataset_1,full,rental,7
dataset_1,full,poltergeist,7
dataset_1,full,astral,7
dataset_1,full,passwords,7
dataset_1,full,dems,7
dataset_1,full,pressed,7
dataset_1,full,expansion,7
dataset_1,full,spy,7
dataset_1,full,coefficient,7
dataset_1,full,te,7
dataset_1,full,strait,7
dataset_1,full,nik,7
dataset_1,full,pakistan,7
dataset_1,full,ll,7
dataset_1,full,desired,7
dataset_1,full,derived,7
dataset_1,full,rep,7
dataset_1,full,smtp,7
dataset_1,full,aluminum,7
dataset_1,full,gallon,7
dataset_1,full,computing,7
dataset_1,full,nrx,7
dataset_1,full,nlaunch,7
dataset_1,full,kitty,7
dataset_1,full,aerobic,7
dataset_1,full,2x12,7
dataset_1,full,spaces,7
dataset_1,full,49,7
dataset_1,full,diapers,7
dataset_1,full,nwed,7
dataset_1,full,b1,7
dataset_1,full,bartender,7
dataset_1,full,freestyle,7
dataset_1,full,ranked,7
dataset_1,full,ut,7
dataset_1,full,fills,7
dataset_1,full,conch,7
dataset_1,full,indonesia,7
dataset_1,full,disney,7
dataset_1,full,qui,7
dataset_1,full,metallic,7
dataset_1,full,pie,7
dataset_1,full,waters,7
dataset_1,full,liberale,7
dataset_1,full,dylan,7
dataset_1,full,uterus,7
dataset_1,full,ionization,7
dataset_1,full,adventure,7
dataset_1,full,powerpoint,7
dataset_1,full,dvr,7
dataset_1,full,varicose,7
dataset_1,full,cav,7
dataset_1,full,degc,7
dataset_1,full,airports,7
dataset_1,full,bluetooth,7
dataset_1,full,airlines,7
dataset_1,full,aviation,7
dataset_1,full,regulation,6
dataset_1,full,coordinated,6
dataset_1,full,brands,6
dataset_1,full,loosing,6
dataset_1,full,whilst,6
dataset_1,full,hacker,6
dataset_1,full,proves,6
dataset_1,full,taco,6
dataset_1,full,buddies,6
dataset_1,full,ignored,6
dataset_1,full,kernel,6
dataset_1,full,designs,6
dataset_1,full,additionally,6
dataset_1,full,66,6
dataset_1,full,cashier,6
dataset_1,full,mineral,6
dataset_1,full,necessity,6
dataset_1,full,ethanol,6
dataset_1,full,myths,6
dataset_1,full,rabbits,6
dataset_1,full,covering,6
dataset_1,full,creed,6
dataset_1,full,hiding,6
dataset_1,full,reinstall,6
dataset_1,full,bbc,6
dataset_1,full,repeating,6
dataset_1,full,mis,6
dataset_1,full,spontaneous,6
dataset_1,full,console,6
dataset_1,full,preferably,6
dataset_1,full,gaming,6
dataset_1,full,clues,6
dataset_1,full,damages,6
dataset_1,full,colonies,6
dataset_1,full,adams,6
dataset_1,full,serves,6
dataset_1,full,needles,6
dataset_1,full,injection,6
dataset_1,full,nask,6
dataset_1,full,incomplete,6
dataset_1,full,prokaryotic,6
dataset_1,full,notherwise,6
dataset_1,full,curve,6
dataset_1,full,embarrassing,6
dataset_1,full,nick,6
dataset_1,full,nominated,6
dataset_1,full,dumped,6
dataset_1,full,mainstream,6
dataset_1,full,neutral,6
dataset_1,full,wolf,6
dataset_1,full,ot,6
dataset_1,full,deleting,6
dataset_1,full,approval,6
dataset_1,full,browsing,6
dataset_1,full,heading,6
dataset_1,full,float,6
dataset_1,full,fluids,6
dataset_1,full,gases,6
dataset_1,full,escape,6
dataset_1,full,subscription,6
dataset_1,full,owed,6
dataset_1,full,remedies,6
dataset_1,full,listened,6
dataset_1,full,conjunction,6
dataset_1,full,nusually,6
dataset_1,full,afternoon,6
dataset_1,full,peptide,6
dataset_1,full,64,6
dataset_1,full,ind,6
dataset_1,full,preferences,6
dataset_1,full,hav,6
dataset_1,full,offs,6
dataset_1,full,lap,6
dataset_1,full,insight,6
dataset_1,full,contacted,6
dataset_1,full,requesting,6
dataset_1,full,invalid,6
dataset_1,full,encountered,6
dataset_1,full,musical,6
dataset_1,full,merely,6
dataset_1,full,renewed,6
dataset_1,full,hardy,6
dataset_1,full,rounded,6
dataset_1,full,mold,6
dataset_1,full,makers,6
dataset_1,full,interpretation,6
dataset_1,full,1960,6
dataset_1,full,1990,6
dataset_1,full,pbt,6
dataset_1,full,recommendations,6
dataset_1,full,duties,6
dataset_1,full,prospective,6
dataset_1,full,ndate,6
dataset_1,full,prevalent,6
dataset_1,full,threaten,6
dataset_1,full,footballer,6
dataset_1,full,vulgar,6
dataset_1,full,bloody,6
dataset_1,full,51,6
dataset_1,full,invasion,6
dataset_1,full,130,6
dataset_1,full,airplanes,6
dataset_1,full,abundant,6
dataset_1,full,bare,6
dataset_1,full,wut,6
dataset_1,full,experts,6
dataset_1,full,bugs,6
dataset_1,full,critically,6
dataset_1,full,tag,6
dataset_1,full,cleaner,6
dataset_1,full,demanding,6
dataset_1,full,tricky,6
dataset_1,full,clips,6
dataset_1,full,broadcasting,6
dataset_1,full,renting,6
dataset_1,full,choir,6
dataset_1,full,seminars,6
dataset_1,full,associations,6
dataset_1,full,amanda,6
dataset_1,full,eliminated,6
dataset_1,full,graphic,6
dataset_1,full,guinea,6
dataset_1,full,enhance,6
dataset_1,full,pentium,6
dataset_1,full,processors,6
dataset_1,full,kitchen,6
dataset_1,full,electoral,6
dataset_1,full,elimination,6
dataset_1,full,confuse,6
dataset_1,full,240,6
dataset_1,full,measures,6
dataset_1,full,mounted,6
dataset_1,full,investing,6
dataset_1,full,dictator,6
dataset_1,full,postal,6
dataset_1,full,starving,6
dataset_1,full,beaches,6
dataset_1,full,adhd,6
dataset_1,full,tide,6
dataset_1,full,children's,6
dataset_1,full,mothers,6
dataset_1,full,patience,6
dataset_1,full,puzzle,6
dataset_1,full,hairs,6
dataset_1,full,museum,6
dataset_1,full,kicked,6
dataset_1,full,waking,6
dataset_1,full,sellers,6
dataset_1,full,abnormal,6
dataset_1,full,dreamweaver,6
dataset_1,full,coupe,6
dataset_1,full,theatre,6
dataset_1,full,discouraged,6
dataset_1,full,preach,6
dataset_1,full,secured,6
dataset_1,full,toshiba,6
dataset_1,full,elevation,6
dataset_1,full,calculation,6
dataset_1,full,factual,6
dataset_1,full,saint,6
dataset_1,full,magnetism,6
dataset_1,full,fur,6
dataset_1,full,straw,6
dataset_1,full,mathematician,6
dataset_1,full,tribe,6
dataset_1,full,gilbert,6
dataset_1,full,distinguished,6
dataset_1,full,politician,6
dataset_1,full,caps,6
dataset_1,full,parameters,6
dataset_1,full,ncheers,6
dataset_1,full,cud,6
dataset_1,full,secretion,6
dataset_1,full,develops,6
dataset_1,full,visited,6
dataset_1,full,slit,6
dataset_1,full,apologize,6
dataset_1,full,liar,6
dataset_1,full,bonus,6
dataset_1,full,decimal,6
dataset_1,full,yahweh,6
dataset_1,full,witch,6
dataset_1,full,pacific,6
dataset_1,full,entity,6
dataset_1,full,cared,6
dataset_1,full,respected,6
dataset_1,full,30's,6
dataset_1,full,intestine,6
dataset_1,full,absorb,6
dataset_1,full,ideals,6
dataset_1,full,lava,6
dataset_1,full,attain,6
dataset_1,full,construct,6
dataset_1,full,subtle,6
dataset_1,full,agents,6
dataset_1,full,discovery,6
dataset_1,full,breeding,6
dataset_1,full,rats,6
dataset_1,full,preserve,6
dataset_1,full,buys,6
dataset_1,full,presents,6
dataset_1,full,ware,6
dataset_1,full,malware,6
dataset_1,full,fights,6
dataset_1,full,billions,6
dataset_1,full,gentleman,6
dataset_1,full,smiles,6
dataset_1,full,concentrations,6
dataset_1,full,recognizes,6
dataset_1,full,kidneys,6
dataset_1,full,dignity,6
dataset_1,full,blues,6
dataset_1,full,8th,6
dataset_1,full,isaiah,6
dataset_1,full,defeated,6
dataset_1,full,treats,6
dataset_1,full,philip,6
dataset_1,full,lawyers,6
dataset_1,full,womens,6
dataset_1,full,chicks,6
dataset_1,full,hannity,6
dataset_1,full,conclusions,6
dataset_1,full,oz,6
dataset_1,full,operate,6
dataset_1,full,homeland,6
dataset_1,full,20th,6
dataset_1,full,suns,6
dataset_1,full,approx,6
dataset_1,full,pose,6
dataset_1,full,mankind,6
dataset_1,full,buffalo,6
dataset_1,full,youve,6
dataset_1,full,guest,6
dataset_1,full,coulter,6
dataset_1,full,seizures,6
dataset_1,full,charts,6
dataset_1,full,poster,6
dataset_1,full,crystals,6
dataset_1,full,vinegar,6
dataset_1,full,herbs,6
dataset_1,full,ntherefore,6
dataset_1,full,incorporate,6
dataset_1,full,wished,6
dataset_1,full,ankle,6
dataset_1,full,healthier,6
dataset_1,full,blown,6
dataset_1,full,crucial,6
dataset_1,full,poem,6
dataset_1,full,complications,6
dataset_1,full,anemia,6
dataset_1,full,operated,6
dataset_1,full,accessible,6
dataset_1,full,nabout,6
dataset_1,full,touching,6
dataset_1,full,challenges,6
dataset_1,full,inform,6
dataset_1,full,precise,6
dataset_1,full,shares,6
dataset_1,full,deaf,6
dataset_1,full,memories,6
dataset_1,full,beloved,6
dataset_1,full,grave,6
dataset_1,full,disciples,6
dataset_1,full,allergy,6
dataset_1,full,alike,6
dataset_1,full,parenting,6
dataset_1,full,underneath,6
dataset_1,full,architecture,6
dataset_1,full,equally,6
dataset_1,full,jam,6
dataset_1,full,plasmid,6
dataset_1,full,assist,6
dataset_1,full,nickname,6
dataset_1,full,bowel,6
dataset_1,full,breads,6
dataset_1,full,cereals,6
dataset_1,full,flavor,6
dataset_1,full,seal,6
dataset_1,full,fran,6
dataset_1,full,sam,6
dataset_1,full,odor,6
dataset_1,full,underlying,6
dataset_1,full,criteria,6
dataset_1,full,rod,6
dataset_1,full,walter,6
dataset_1,full,armed,6
dataset_1,full,torn,6
dataset_1,full,grateful,6
dataset_1,full,narrow,6
dataset_1,full,cordless,6
dataset_1,full,fixing,6
dataset_1,full,macromedia,6
dataset_1,full,respiratory,6
dataset_1,full,skateboarding,6
dataset_1,full,babe,6
dataset_1,full,harper,6
dataset_1,full,eden,6
dataset_1,full,hips,6
dataset_1,full,stink,6
dataset_1,full,sinus,6
dataset_1,full,crooked,6
dataset_1,full,increasingly,6
dataset_1,full,accurately,6
dataset_1,full,extinct,6
dataset_1,full,conviction,6
dataset_1,full,wrestlers,6
dataset_1,full,arguments,6
dataset_1,full,antarctica,6
dataset_1,full,diagrams,6
dataset_1,full,beatles,6
dataset_1,full,platform,6
dataset_1,full,logic,6
dataset_1,full,bent,6
dataset_1,full,findings,6
dataset_1,full,societies,6
dataset_1,full,hypothesis,6
dataset_1,full,int,6
dataset_1,full,chiropractor,6
dataset_1,full,classics,6
dataset_1,full,adultery,6
dataset_1,full,hime,6
dataset_1,full,sounding,6
dataset_1,full,freaking,6
dataset_1,full,n26,6
dataset_1,full,rapid,6
dataset_1,full,rapidly,6
dataset_1,full,collected,6
dataset_1,full,ctrl,6
dataset_1,full,bridges,6
dataset_1,full,reminded,6
dataset_1,full,pacquiao,6
dataset_1,full,hm,6
dataset_1,full,difficulty,6
dataset_1,full,nl,6
dataset_1,full,ethics,6
dataset_1,full,dui,6
dataset_1,full,robotics,6
dataset_1,full,convenient,6
dataset_1,full,nanything,6
dataset_1,full,njohn,6
dataset_1,full,william,6
dataset_1,full,ciara,6
dataset_1,full,favorites,6
dataset_1,full,differentiate,6
dataset_1,full,cap,6
dataset_1,full,n19,6
dataset_1,full,n22,6
dataset_1,full,n30,6
dataset_1,full,sunny,6
dataset_1,full,lake,6
dataset_1,full,pt,6
dataset_1,full,transportation,6
dataset_1,full,tap,6
dataset_1,full,drew,6
dataset_1,full,perfume,6
dataset_1,full,floors,6
dataset_1,full,daycare,6
dataset_1,full,seldom,6
dataset_1,full,advert,6
dataset_1,full,blew,6
dataset_1,full,envy,6
dataset_1,full,strongest,6
dataset_1,full,equilibrium,6
dataset_1,full,africans,6
dataset_1,full,rb,6
dataset_1,full,portable,6
dataset_1,full,nred,6
dataset_1,full,practiced,6
dataset_1,full,greedy,6
dataset_1,full,papa,6
dataset_1,full,laughing,6
dataset_1,full,circulation,6
dataset_1,full,healed,6
dataset_1,full,ants,6
dataset_1,full,touched,6
dataset_1,full,nanyone,6
dataset_1,full,chili,6
dataset_1,full,improved,6
dataset_1,full,barcelona,6
dataset_1,full,categories,6
dataset_1,full,parking,6
dataset_1,full,attitudes,6
dataset_1,full,behaviors,6
dataset_1,full,512,6
dataset_1,full,phrases,6
dataset_1,full,uni,6
dataset_1,full,father's,6
dataset_1,full,girly,6
dataset_1,full,hobbies,6
dataset_1,full,ss,6
dataset_1,full,purely,6
dataset_1,full,recieve,6
dataset_1,full,skip,6
dataset_1,full,beast,6
dataset_1,full,doggy,6
dataset_1,full,actors,6
dataset_1,full,1200,6
dataset_1,full,secular,6
dataset_1,full,rotational,6
dataset_1,full,horizontal,6
dataset_1,full,apparent,6
dataset_1,full,cuts,6
dataset_1,full,pres,6
dataset_1,full,starch,6
dataset_1,full,argued,6
dataset_1,full,apes,6
dataset_1,full,stationary,6
dataset_1,full,portfolio,6
dataset_1,full,rebellion,6
dataset_1,full,stamp,6
dataset_1,full,03,6
dataset_1,full,acquired,6
dataset_1,full,inventory,6
dataset_1,full,untreated,6
dataset_1,full,conscience,6
dataset_1,full,principal,6
dataset_1,full,unions,6
dataset_1,full,coastal,6
dataset_1,full,ethical,6
dataset_1,full,anorexia,6
dataset_1,full,respective,6
dataset_1,full,exploring,6
dataset_1,full,arrow,6
dataset_1,full,pistons,6
dataset_1,full,teddy,6
dataset_1,full,cannon,6
dataset_1,full,ovarian,6
dataset_1,full,diagram,6
dataset_1,full,elaborate,6
dataset_1,full,proposed,6
dataset_1,full,essays,6
dataset_1,full,winds,6
dataset_1,full,obsessive,6
dataset_1,full,deaths,6
dataset_1,full,mentions,6
dataset_1,full,slept,6
dataset_1,full,med,6
dataset_1,full,sewing,6
dataset_1,full,oven,6
dataset_1,full,goin,6
dataset_1,full,eligible,6
dataset_1,full,occupation,6
dataset_1,full,discussion,6
dataset_1,full,committing,6
dataset_1,full,compliance,6
dataset_1,full,aloof,6
dataset_1,full,yup,6
dataset_1,full,gauge,6
dataset_1,full,palm,6
dataset_1,full,nsun,6
dataset_1,full,transcript,6
dataset_1,full,gonzalez,6
dataset_1,full,aired,6
dataset_1,full,liberty,6
dataset_1,full,freeze,6
dataset_1,full,phil,6
dataset_1,full,worms,6
dataset_1,full,limitations,6
dataset_1,full,cruel,6
dataset_1,full,chairman,6
dataset_1,full,rumor,6
dataset_1,full,expressing,6
dataset_1,full,palestine,6
dataset_1,full,adapter,6
dataset_1,full,duh,6
dataset_1,full,destroys,6
dataset_1,full,prevents,6
dataset_1,full,awarded,6
dataset_1,full,workplace,6
dataset_1,full,hourly,6
dataset_1,full,gentle,6
dataset_1,full,flower,6
dataset_1,full,tel,6
dataset_1,full,sender,6
dataset_1,full,netscape,6
dataset_1,full,integrated,6
dataset_1,full,festival,6
dataset_1,full,happiness,6
dataset_1,full,nn,6
dataset_1,full,defender,6
dataset_1,full,autistic,6
dataset_1,full,designation,6
dataset_1,full,literary,6
dataset_1,full,supporting,6
dataset_1,full,dick,6
dataset_1,full,steam,6
dataset_1,full,msconfig,6
dataset_1,full,nlook,6
dataset_1,full,signing,6
dataset_1,full,binding,6
dataset_1,full,une,6
dataset_1,full,genre,6
dataset_1,full,nazi,6
dataset_1,full,harddisk,6
dataset_1,full,noble,6
dataset_1,full,convenience,6
dataset_1,full,veggies,6
dataset_1,full,reducing,6
dataset_1,full,custody,6
dataset_1,full,mcdonald's,6
dataset_1,full,homeschooling,6
dataset_1,full,kindergarten,6
dataset_1,full,cyber,6
dataset_1,full,astronomy,6
dataset_1,full,organize,6
dataset_1,full,lied,6
dataset_1,full,enjoying,6
dataset_1,full,embedded,6
dataset_1,full,bum,6
dataset_1,full,terrific,6
dataset_1,full,johnson,6
dataset_1,full,autopsy,6
dataset_1,full,psg,6
dataset_1,full,wagon,6
dataset_1,full,inland,6
dataset_1,full,iceland,6
dataset_1,full,overhead,6
dataset_1,full,dunk,6
dataset_1,full,basket,6
dataset_1,full,spinning,6
dataset_1,full,rotate,6
dataset_1,full,treadmill,6
dataset_1,full,succeed,6
dataset_1,full,tendency,6
dataset_1,full,highlight,6
dataset_1,full,hemoglobin,6
dataset_1,full,offline,6
dataset_1,full,10th,6
dataset_1,full,graduation,6
dataset_1,full,classmates,6
dataset_1,full,resultant,6
dataset_1,full,trash,6
dataset_1,full,actively,6
dataset_1,full,micro,6
dataset_1,full,lending,6
dataset_1,full,satisfy,6
dataset_1,full,fitness,6
dataset_1,full,poetry,6
dataset_1,full,smash,6
dataset_1,full,aries,6
dataset_1,full,vinci,6
dataset_1,full,yugoslavia,6
dataset_1,full,mars,6
dataset_1,full,eh,6
dataset_1,full,toes,6
dataset_1,full,hmo,6
dataset_1,full,respectively,6
dataset_1,full,unlimited,6
dataset_1,full,flashes,6
dataset_1,full,jurisdictions,6
dataset_1,full,judicial,6
dataset_1,full,consumers,6
dataset_1,full,focusing,6
dataset_1,full,associate,6
dataset_1,full,impress,6
dataset_1,full,toll,6
dataset_1,full,entries,6
dataset_1,full,scans,6
dataset_1,full,tumors,6
dataset_1,full,athletic,6
dataset_1,full,trigger,6
dataset_1,full,endurance,6
dataset_1,full,flavored,6
dataset_1,full,rides,6
dataset_1,full,integration,6
dataset_1,full,paint,6
dataset_1,full,prank,6
dataset_1,full,controversy,6
dataset_1,full,conducted,6
dataset_1,full,cleanup,6
dataset_1,full,bra,6
dataset_1,full,trailer,6
dataset_1,full,tna,6
dataset_1,full,88,6
dataset_1,full,didn,6
dataset_1,full,tony,6
dataset_1,full,solvent,6
dataset_1,full,depth,6
dataset_1,full,minus,6
dataset_1,full,homepage,6
dataset_1,full,crowd,6
dataset_1,full,foul,6
dataset_1,full,precious,6
dataset_1,full,adopt,6
dataset_1,full,eliminate,6
dataset_1,full,stole,6
dataset_1,full,penny,6
dataset_1,full,divx,6
dataset_1,full,cameras,6
dataset_1,full,cab,6
dataset_1,full,papaya,6
dataset_1,full,bubbles,6
dataset_1,full,brief,6
dataset_1,full,delta,6
dataset_1,full,nbring,6
dataset_1,full,5x,6
dataset_1,full,technician,6
dataset_1,full,diagonal,6
dataset_1,full,acerca,6
dataset_1,full,attempts,6
dataset_1,full,child's,6
dataset_1,full,gorgeous,6
dataset_1,full,pointless,6
dataset_1,full,superhero,6
dataset_1,full,replacing,6
dataset_1,full,maradona,6
dataset_1,full,pele,6
dataset_1,full,tigers,6
dataset_1,full,astronomical,6
dataset_1,full,bags,6
dataset_1,full,summit,6
dataset_1,full,coma,6
dataset_1,full,husbands,6
dataset_1,full,fold,6
dataset_1,full,essence,6
dataset_1,full,seventh,6
dataset_1,full,directories,6
dataset_1,full,malaysia,6
dataset_1,full,01,6
dataset_1,full,unemployment,6
dataset_1,full,warnings,6
dataset_1,full,noon,6
dataset_1,full,rx,6
dataset_1,full,comparing,6
dataset_1,full,binary,6
dataset_1,full,pa,6
dataset_1,full,nvidia,6
dataset_1,full,dancers,6
dataset_1,full,nyusufali,6
dataset_1,full,daylight,6
dataset_1,full,intend,6
dataset_1,full,hunt,6
dataset_1,full,gry,6
dataset_1,full,twenty,6
dataset_1,full,retarded,6
dataset_1,full,dilute,6
dataset_1,full,praise,6
dataset_1,full,container,6
dataset_1,full,reccomend,6
dataset_1,full,thumb,6
dataset_1,full,cousins,6
dataset_1,full,nausea,6
dataset_1,full,sponsored,6
dataset_1,full,nasal,6
dataset_1,full,characteristic,6
dataset_1,full,5000,6
dataset_1,full,scorer,6
dataset_1,full,royal,6
dataset_1,full,deed,6
dataset_1,full,1982,6
dataset_1,full,beside,6
dataset_1,full,bastard,6
dataset_1,full,wavelength,6
dataset_1,full,radicals,6
dataset_1,full,luke,6
dataset_1,full,magnify,6
dataset_1,full,sim,6
dataset_1,full,comedy,6
dataset_1,full,contest,6
dataset_1,full,unhappy,6
dataset_1,full,ruling,6
dataset_1,full,attended,6
dataset_1,full,frantz,6
dataset_1,full,mob,6
dataset_1,full,carlos,6
dataset_1,full,violet,6
dataset_1,full,bizarre,6
dataset_1,full,recycled,6
dataset_1,full,mechanic,6
dataset_1,full,krishna,6
dataset_1,full,attire,6
dataset_1,full,silk,6
dataset_1,full,jacket,6
dataset_1,full,feast,6
dataset_1,full,substitute,6
dataset_1,full,pitch,6
dataset_1,full,blockbuster,6
dataset_1,full,possibilities,6
dataset_1,full,malaria,6
dataset_1,full,prom,6
dataset_1,full,triangular,6
dataset_1,full,shelter,6
dataset_1,full,toolbars,6
dataset_1,full,cope,6
dataset_1,full,cervix,6
dataset_1,full,pronouns,6
dataset_1,full,animations,6
dataset_1,full,starvation,6
dataset_1,full,jargon,6
dataset_1,full,contributions,6
dataset_1,full,oak,6
dataset_1,full,unclear,6
dataset_1,full,portland,6
dataset_1,full,earthquake,6
dataset_1,full,earthquakes,6
dataset_1,full,mere,6
dataset_1,full,stolen,6
dataset_1,full,intermediate,6
dataset_1,full,njan,6
dataset_1,full,severity,6
dataset_1,full,presentation,6
dataset_1,full,styles,6
dataset_1,full,netc,6
dataset_1,full,souls,6
dataset_1,full,beam,6
dataset_1,full,portal,6
dataset_1,full,moments,6
dataset_1,full,reasonably,6
dataset_1,full,wax,6
dataset_1,full,splitting,6
dataset_1,full,peak,6
dataset_1,full,es,6
dataset_1,full,davinci,6
dataset_1,full,pretending,6
dataset_1,full,boots,6
dataset_1,full,nonsense,6
dataset_1,full,stepparent,6
dataset_1,full,noncustodial,6
dataset_1,full,preventing,6
dataset_1,full,raising,6
dataset_1,full,dreamed,6
dataset_1,full,graham,6
dataset_1,full,proportion,6
dataset_1,full,soluble,6
dataset_1,full,screensaver,6
dataset_1,full,manufacturers,6
dataset_1,full,60's,6
dataset_1,full,ranger,6
dataset_1,full,ass,6
dataset_1,full,n1024,6
dataset_1,full,detection,6
dataset_1,full,manufactured,6
dataset_1,full,socialist,6
dataset_1,full,parole,6
dataset_1,full,ntue,6
dataset_1,full,nsat,6
dataset_1,full,d2,6
dataset_1,full,a1,6
dataset_1,full,d1,6
dataset_1,full,wmds,6
dataset_1,full,famine,6
dataset_1,full,charlotte,6
dataset_1,full,kong,6
dataset_1,full,hexadecimal,6
dataset_1,full,ndon,6
dataset_1,full,nhelp,6
dataset_1,full,strombus,6
dataset_1,full,privilege,6
dataset_1,full,soad,6
dataset_1,full,hilary,6
dataset_1,full,duff,6
dataset_1,full,furniture,6
dataset_1,full,liter,6
dataset_1,full,79,6
dataset_1,full,spellbound,6
dataset_1,full,nspellbound,6
dataset_1,full,manufacture,6
dataset_1,full,folders,6
dataset_1,full,wis,6
dataset_1,full,dense,6
dataset_1,full,suppliers,6
dataset_1,full,contracting,6
dataset_1,full,baked,6
dataset_1,full,medecine,6
dataset_1,full,tattoo,6
dataset_1,full,vaginal,6
dataset_1,full,icu,6
dataset_1,full,hygienist,6
dataset_1,full,gif,6
dataset_1,full,dante's,6
dataset_1,full,nshow,6
dataset_1,full,regedit,6
dataset_1,full,scu,6
dataset_1,full,ngotta,6
dataset_1,full,depriciation,6
dataset_1,full,chime,6
dataset_1,full,goddamn,6
dataset_1,full,abrasion,6
dataset_1,full,hvac,6
dataset_1,full,quadratic,5
dataset_1,full,nero,5
dataset_1,full,leases,5
dataset_1,full,dictate,5
dataset_1,full,negatively,5
dataset_1,full,import,5
dataset_1,full,export,5
dataset_1,full,purchases,5
dataset_1,full,infrastructure,5
dataset_1,full,demands,5
dataset_1,full,discrimination,5
dataset_1,full,losers,5
dataset_1,full,ndont,5
dataset_1,full,sorta,5
dataset_1,full,dig,5
dataset_1,full,convinced,5
dataset_1,full,wealthy,5
dataset_1,full,elite,5
dataset_1,full,joking,5
dataset_1,full,enforce,5
dataset_1,full,unrest,5
dataset_1,full,stereotype,5
dataset_1,full,offenders,5
dataset_1,full,emphasize,5
dataset_1,full,aggression,5
dataset_1,full,improving,5
dataset_1,full,maintaining,5
dataset_1,full,mechanisms,5
dataset_1,full,directed,5
dataset_1,full,smartest,5
dataset_1,full,personalities,5
dataset_1,full,servlets,5
dataset_1,full,stood,5
dataset_1,full,leak,5
dataset_1,full,monster,5
dataset_1,full,accepts,5
dataset_1,full,fairy,5
dataset_1,full,furthermore,5
dataset_1,full,protestant,5
dataset_1,full,nregards,5
dataset_1,full,fame,5
dataset_1,full,wound,5
dataset_1,full,publish,5
dataset_1,full,wii,5
dataset_1,full,gimme,5
dataset_1,full,famed,5
dataset_1,full,ho,5
dataset_1,full,poorly,5
dataset_1,full,presented,5
dataset_1,full,dresses,5
dataset_1,full,1790,5
dataset_1,full,ben's,5
dataset_1,full,pennsylvania,5
dataset_1,full,assembly,5
dataset_1,full,convention,5
dataset_1,full,treaty,5
dataset_1,full,consist,5
dataset_1,full,printable,5
dataset_1,full,demons,5
dataset_1,full,musician,5
dataset_1,full,stones,5
dataset_1,full,nmicrosoft,5
dataset_1,full,widely,5
dataset_1,full,boyz,5
dataset_1,full,grader,5
dataset_1,full,gi,5
dataset_1,full,ulcers,5
dataset_1,full,authorities,5
dataset_1,full,waits,5
dataset_1,full,lovers,5
dataset_1,full,hunter,5
dataset_1,full,hunger,5
dataset_1,full,meets,5
dataset_1,full,ibrahim,5
dataset_1,full,suited,5
dataset_1,full,mucus,5
dataset_1,full,protocol,5
dataset_1,full,graze,5
dataset_1,full,productivity,5
dataset_1,full,perennial,5
dataset_1,full,angelina,5
dataset_1,full,celebrities,5
dataset_1,full,bump,5
dataset_1,full,climbed,5
dataset_1,full,catches,5
dataset_1,full,hahaha,5
dataset_1,full,ascended,5
dataset_1,full,pop3,5
dataset_1,full,frustrated,5
dataset_1,full,assigned,5
dataset_1,full,specify,5
dataset_1,full,sheer,5
dataset_1,full,modems,5
dataset_1,full,fo,5
dataset_1,full,explicit,5
dataset_1,full,glory,5
dataset_1,full,arguement,5
dataset_1,full,tables,5
dataset_1,full,relations,5
dataset_1,full,subscores,5
dataset_1,full,affecting,5
dataset_1,full,nv,5
dataset_1,full,310,5
dataset_1,full,magical,5
dataset_1,full,nhaving,5
dataset_1,full,determining,5
dataset_1,full,tail,5
dataset_1,full,shorten,5
dataset_1,full,punch,5
dataset_1,full,functional,5
dataset_1,full,denmark,5
dataset_1,full,charter,5
dataset_1,full,heavier,5
dataset_1,full,personnel,5
dataset_1,full,microbiology,5
dataset_1,full,nitrogen,5
dataset_1,full,nitrate,5
dataset_1,full,streams,5
dataset_1,full,mclaren,5
dataset_1,full,enzymes,5
dataset_1,full,diabetic,5
dataset_1,full,abusive,5
dataset_1,full,protective,5
dataset_1,full,blows,5
dataset_1,full,snaps,5
dataset_1,full,secondly,5
dataset_1,full,insects,5
dataset_1,full,wan,5
dataset_1,full,phantom,5
dataset_1,full,intro,5
dataset_1,full,confirmation,5
dataset_1,full,penguin,5
dataset_1,full,visits,5
dataset_1,full,speakers,5
dataset_1,full,americas,5
dataset_1,full,giggle,5
dataset_1,full,jus,5
dataset_1,full,blender,5
dataset_1,full,pig,5
dataset_1,full,dish,5
dataset_1,full,las,5
dataset_1,full,diego,5
dataset_1,full,su,5
dataset_1,full,das,5
dataset_1,full,hug,5
dataset_1,full,kisses,5
dataset_1,full,ghz,5
dataset_1,full,beg,5
dataset_1,full,mira,5
dataset_1,full,craigslist,5
dataset_1,full,actress,5
dataset_1,full,andrew,5
dataset_1,full,pastor,5
dataset_1,full,enzyme,5
dataset_1,full,acceptance,5
dataset_1,full,ions,5
dataset_1,full,theorem,5
dataset_1,full,hypotenuse,5
dataset_1,full,sponge,5
dataset_1,full,dealers,5
dataset_1,full,kits,5
dataset_1,full,adequate,5
dataset_1,full,stimulate,5
dataset_1,full,nnew,5
dataset_1,full,medicated,5
dataset_1,full,validation,5
dataset_1,full,mama,5
dataset_1,full,gluten,5
dataset_1,full,indiana,5
dataset_1,full,credits,5
dataset_1,full,completion,5
dataset_1,full,trips,5
dataset_1,full,donation,5
dataset_1,full,sp,5
dataset_1,full,8x,5
dataset_1,full,contained,5
dataset_1,full,relatives,5
dataset_1,full,nour,5
dataset_1,full,sacrifices,5
dataset_1,full,70's,5
dataset_1,full,analyst,5
dataset_1,full,sustainable,5
dataset_1,full,interact,5
dataset_1,full,nthats,5
dataset_1,full,coworker,5
dataset_1,full,nlets,5
dataset_1,full,respectful,5
dataset_1,full,considers,5
dataset_1,full,relating,5
dataset_1,full,hints,5
dataset_1,full,grandfather,5
dataset_1,full,labels,5
dataset_1,full,hopes,5
dataset_1,full,yearly,5
dataset_1,full,lcd,5
dataset_1,full,visas,5
dataset_1,full,ministry,5
dataset_1,full,valued,5
dataset_1,full,settled,5
dataset_1,full,commercials,5
dataset_1,full,salinity,5
dataset_1,full,observation,5
dataset_1,full,observed,5
dataset_1,full,900,5
dataset_1,full,lodestone,5
dataset_1,full,navigation,5
dataset_1,full,foil,5
dataset_1,full,dean,5
dataset_1,full,bmp,5
dataset_1,full,descriptions,5
dataset_1,full,absurd,5
dataset_1,full,strip,5
dataset_1,full,dividing,5
dataset_1,full,emotion,5
dataset_1,full,hackers,5
dataset_1,full,moms,5
dataset_1,full,fission,5
dataset_1,full,vision,5
dataset_1,full,colts,5
dataset_1,full,giants,5
dataset_1,full,homosexuality,5
dataset_1,full,isolated,5
dataset_1,full,timothy,5
dataset_1,full,promotion,5
dataset_1,full,spears,5
dataset_1,full,spiderman,5
dataset_1,full,iran's,5
dataset_1,full,contributed,5
dataset_1,full,nkevin,5
dataset_1,full,proceed,5
dataset_1,full,agrees,5
dataset_1,full,grandparents,5
dataset_1,full,molten,5
dataset_1,full,compacted,5
dataset_1,full,master's,5
dataset_1,full,experimental,5
dataset_1,full,bind,5
dataset_1,full,polls,5
dataset_1,full,israeli,5
dataset_1,full,kills,5
dataset_1,full,spinal,5
dataset_1,full,adware,5
dataset_1,full,nad,5
dataset_1,full,espn,5
dataset_1,full,knocked,5
dataset_1,full,kaka,5
dataset_1,full,undergraduate,5
dataset_1,full,notably,5
dataset_1,full,ngod,5
dataset_1,full,assault,5
dataset_1,full,ca2,5
dataset_1,full,bolivian,5
dataset_1,full,honors,5
dataset_1,full,conversations,5
dataset_1,full,abused,5
dataset_1,full,sleepy,5
dataset_1,full,38,5
dataset_1,full,preaching,5
dataset_1,full,87,5
dataset_1,full,daniel,5
dataset_1,full,gut,5
dataset_1,full,beginners,5
dataset_1,full,harassment,5
dataset_1,full,jst,5
dataset_1,full,13th,5
dataset_1,full,squats,5
dataset_1,full,vince,5
dataset_1,full,contemplating,5
dataset_1,full,17k,5
dataset_1,full,o'reilly,5
dataset_1,full,poll,5
dataset_1,full,boundaries,5
dataset_1,full,gambling,5
dataset_1,full,incorporated,5
dataset_1,full,worthy,5
dataset_1,full,vector,5
dataset_1,full,hobby,5
dataset_1,full,tenant,5
dataset_1,full,sensible,5
dataset_1,full,chargers,5
dataset_1,full,suffers,5
dataset_1,full,guesses,5
dataset_1,full,temps,5
dataset_1,full,planetary,5
dataset_1,full,arthritis,5
dataset_1,full,eaten,5
dataset_1,full,flush,5
dataset_1,full,volts,5
dataset_1,full,beacuse,5
dataset_1,full,ugh,5
dataset_1,full,pros,5
dataset_1,full,majoring,5
dataset_1,full,strive,5
dataset_1,full,mcafee,5
dataset_1,full,fingernails,5
dataset_1,full,cried,5
dataset_1,full,colon,5
dataset_1,full,punctuation,5
dataset_1,full,implies,5
dataset_1,full,inflation,5
dataset_1,full,converts,5
dataset_1,full,imbalance,5
dataset_1,full,maintains,5
dataset_1,full,htn,5
dataset_1,full,coastline,5
dataset_1,full,poke,5
dataset_1,full,urself,5
dataset_1,full,realizing,5
dataset_1,full,landline,5
dataset_1,full,surfaces,5
dataset_1,full,violating,5
dataset_1,full,tragic,5
dataset_1,full,stranger,5
dataset_1,full,attending,5
dataset_1,full,tenants,5
dataset_1,full,condemned,5
dataset_1,full,recognizing,5
dataset_1,full,ch,5
dataset_1,full,baker,5
dataset_1,full,temple,5
dataset_1,full,effectiveness,5
dataset_1,full,freelance,5
dataset_1,full,editor,5
dataset_1,full,eternity,5
dataset_1,full,diagnose,5
dataset_1,full,temporarily,5
dataset_1,full,antibiotic,5
dataset_1,full,sp2,5
dataset_1,full,overnight,5
dataset_1,full,potatoes,5
dataset_1,full,beaten,5
dataset_1,full,irritable,5
dataset_1,full,cholesterol,5
dataset_1,full,cooked,5
dataset_1,full,infusion,5
dataset_1,full,spices,5
dataset_1,full,moderate,5
dataset_1,full,jean,5
dataset_1,full,n2000,5
dataset_1,full,scalp,5
dataset_1,full,wales,5
dataset_1,full,clinic,5
dataset_1,full,morris,5
dataset_1,full,vampire,5
dataset_1,full,correction,5
dataset_1,full,drill,5
dataset_1,full,dept,5
dataset_1,full,bold,5
dataset_1,full,logically,5
dataset_1,full,connecticut,5
dataset_1,full,upto,5
dataset_1,full,xanga,5
dataset_1,full,resort,5
dataset_1,full,collective,5
dataset_1,full,terror,5
dataset_1,full,switching,5
dataset_1,full,skateboard,5
dataset_1,full,neil,5
dataset_1,full,instinct,5
dataset_1,full,comprehend,5
dataset_1,full,undertaking,5
dataset_1,full,degenerated,5
dataset_1,full,fist,5
dataset_1,full,disappeared,5
dataset_1,full,possession,5
dataset_1,full,convicted,5
dataset_1,full,thirteen,5
dataset_1,full,righteousness,5
dataset_1,full,wal,5
dataset_1,full,nmichael,5
dataset_1,full,arenas,5
dataset_1,full,forcing,5
dataset_1,full,romeo,5
dataset_1,full,donations,5
dataset_1,full,extremists,5
dataset_1,full,accumulate,5
dataset_1,full,nlol,5
dataset_1,full,bends,5
dataset_1,full,dolphins,5
dataset_1,full,moss,5
dataset_1,full,shaped,5
dataset_1,full,bogus,5
dataset_1,full,reside,5
dataset_1,full,peer,5
dataset_1,full,probable,5
dataset_1,full,betty,5
dataset_1,full,retrieve,5
dataset_1,full,consultant,5
dataset_1,full,dull,5
dataset_1,full,gate,5
dataset_1,full,worthless,5
dataset_1,full,grounds,5
dataset_1,full,agriculture,5
dataset_1,full,128,5
dataset_1,full,wep,5
dataset_1,full,firmware,5
dataset_1,full,saints,5
dataset_1,full,apostasy,5
dataset_1,full,drove,5
dataset_1,full,doctrines,5
dataset_1,full,praying,5
dataset_1,full,fasting,5
dataset_1,full,graffiti,5
dataset_1,full,grief,5
dataset_1,full,ribs,5
dataset_1,full,pubic,5
dataset_1,full,nevada,5
dataset_1,full,paragraphs,5
dataset_1,full,fundamentalists,5
dataset_1,full,enormous,5
dataset_1,full,hostility,5
dataset_1,full,coin,5
dataset_1,full,16x,5
dataset_1,full,someones,5
dataset_1,full,schooling,5
dataset_1,full,accordance,5
dataset_1,full,sail,5
dataset_1,full,tad,5
dataset_1,full,incentive,5
dataset_1,full,wud,5
dataset_1,full,insulting,5
dataset_1,full,denial,5
dataset_1,full,tears,5
dataset_1,full,avoided,5
dataset_1,full,chelsea,5
dataset_1,full,strengthening,5
dataset_1,full,miserable,5
dataset_1,full,someday,5
dataset_1,full,sims,5
dataset_1,full,npersonally,5
dataset_1,full,guidance,5
dataset_1,full,suspended,5
dataset_1,full,sealed,5
dataset_1,full,n20,5
dataset_1,full,meteor,5
dataset_1,full,160,5
dataset_1,full,ya',5
dataset_1,full,ntoo,5
dataset_1,full,nrun,5
dataset_1,full,advancement,5
dataset_1,full,lawrence,5
dataset_1,full,exceptional,5
dataset_1,full,pressing,5
dataset_1,full,quiz,5
dataset_1,full,nest,5
dataset_1,full,admitted,5
dataset_1,full,haliburton,5
dataset_1,full,portrayed,5
dataset_1,full,sucked,5
dataset_1,full,heritage,5
dataset_1,full,skilled,5
dataset_1,full,cautious,5
dataset_1,full,breed,5
dataset_1,full,dvd's,5
dataset_1,full,jazz,5
dataset_1,full,photosynthesis,5
dataset_1,full,burden,5
dataset_1,full,conditioning,5
dataset_1,full,damaged,5
dataset_1,full,strikes,5
dataset_1,full,incredibly,5
dataset_1,full,smurfette,5
dataset_1,full,feminine,5
dataset_1,full,frustration,5
dataset_1,full,frankly,5
dataset_1,full,preference,5
dataset_1,full,expressions,5
dataset_1,full,miracles,5
dataset_1,full,intervention,5
dataset_1,full,ns,5
dataset_1,full,toilets,5
dataset_1,full,ceremony,5
dataset_1,full,diets,5
dataset_1,full,insist,5
dataset_1,full,owe,5
dataset_1,full,broadband,5
dataset_1,full,perpendicular,5
dataset_1,full,robin,5
dataset_1,full,portugal,5
dataset_1,full,greasy,5
dataset_1,full,aint,5
dataset_1,full,mans,5
dataset_1,full,ndrop,5
dataset_1,full,violate,5
dataset_1,full,acc,5
dataset_1,full,cheek,5
dataset_1,full,'best,5
dataset_1,full,polysaccharides,5
dataset_1,full,linkage,5
dataset_1,full,structural,5
dataset_1,full,a's,5
dataset_1,full,staring,5
dataset_1,full,entertaining,5
dataset_1,full,iliad,5
dataset_1,full,stretched,5
dataset_1,full,flowing,5
dataset_1,full,coarse,5
dataset_1,full,submitted,5
dataset_1,full,tomato,5
dataset_1,full,screams,5
dataset_1,full,screaming,5
dataset_1,full,fridge,5
dataset_1,full,teenage,5
dataset_1,full,arranged,5
dataset_1,full,squad,5
dataset_1,full,welsh,5
dataset_1,full,scottish,5
dataset_1,full,anniversary,5
dataset_1,full,paganism,5
dataset_1,full,elbow,5
dataset_1,full,ir,5
dataset_1,full,hispanic,5
dataset_1,full,uti,5
dataset_1,full,tract,5
dataset_1,full,coughing,5
dataset_1,full,snack,5
dataset_1,full,bars,5
dataset_1,full,shouldnt,5
dataset_1,full,garment,5
dataset_1,full,populated,5
dataset_1,full,comparable,5
dataset_1,full,volleyball,5
dataset_1,full,ty,5
dataset_1,full,country's,5
dataset_1,full,builder,5
dataset_1,full,fbd,5
dataset_1,full,constitute,5
dataset_1,full,2d,5
dataset_1,full,67,5
dataset_1,full,grasp,5
dataset_1,full,pointed,5
dataset_1,full,nthird,5
dataset_1,full,behaving,5
dataset_1,full,yu,5
dataset_1,full,advisor,5
dataset_1,full,makeup,5
dataset_1,full,nightmares,5
dataset_1,full,trauma,5
dataset_1,full,mist,5
dataset_1,full,insomnia,5
dataset_1,full,offices,5
dataset_1,full,ancestors,5
dataset_1,full,nstay,5
dataset_1,full,sbc,5
dataset_1,full,nshould,5
dataset_1,full,bowls,5
dataset_1,full,northeast,5
dataset_1,full,lat,5
dataset_1,full,ripping,5
dataset_1,full,searched,5
dataset_1,full,treason,5
dataset_1,full,violations,5
dataset_1,full,casualties,5
dataset_1,full,spying,5
dataset_1,full,informed,5
dataset_1,full,surgical,5
dataset_1,full,whine,5
dataset_1,full,jerusalem,5
dataset_1,full,jesse,5
dataset_1,full,protests,5
dataset_1,full,prevented,5
dataset_1,full,bothers,5
dataset_1,full,arabian,5
dataset_1,full,elegant,5
dataset_1,full,earning,5
dataset_1,full,jane,5
dataset_1,full,flaw,5
dataset_1,full,body's,5
dataset_1,full,lining,5
dataset_1,full,analogy,5
dataset_1,full,socket,5
dataset_1,full,binds,5
dataset_1,full,bacterial,5
dataset_1,full,thereof,5
dataset_1,full,determines,5
dataset_1,full,focused,5
dataset_1,full,enema,5
dataset_1,full,nbasically,5
dataset_1,full,establishment,5
dataset_1,full,lowest,5
dataset_1,full,ballon,5
dataset_1,full,spotting,5
dataset_1,full,bleed,5
dataset_1,full,nails,5
dataset_1,full,entities,5
dataset_1,full,rendered,5
dataset_1,full,costly,5
dataset_1,full,nuke,5
dataset_1,full,taxation,5
dataset_1,full,hotels,5
dataset_1,full,signals,5
dataset_1,full,1973,5
dataset_1,full,sigh,5
dataset_1,full,illusion,5
dataset_1,full,matthew,5
dataset_1,full,foster,5
dataset_1,full,neocons,5
dataset_1,full,nixon,5
dataset_1,full,adsl2,5
dataset_1,full,provision,5
dataset_1,full,theoretically,5
dataset_1,full,intent,5
dataset_1,full,indigenous,5
dataset_1,full,purse,5
dataset_1,full,hairy,5
dataset_1,full,counselor,5
dataset_1,full,secrets,5
dataset_1,full,beef,5
dataset_1,full,gorilla,5
dataset_1,full,notebook,5
dataset_1,full,believer,5
dataset_1,full,ultra,5
dataset_1,full,significance,5
dataset_1,full,packed,5
dataset_1,full,protonation,5
dataset_1,full,spite,5
dataset_1,full,nicole,5
dataset_1,full,transit,5
dataset_1,full,tragedy,5
dataset_1,full,1938,5
dataset_1,full,emotionally,5
dataset_1,full,nightmare,5
dataset_1,full,meanings,5
dataset_1,full,webpage,5
dataset_1,full,dummies,5
dataset_1,full,embassies,5
dataset_1,full,alaska,5
dataset_1,full,divides,5
dataset_1,full,farming,5
dataset_1,full,configure,5
dataset_1,full,codec,5
dataset_1,full,tender,5
dataset_1,full,mechanical,5
dataset_1,full,colorado,5
dataset_1,full,cow,5
dataset_1,full,rotating,5
dataset_1,full,docs,5
dataset_1,full,confederate,5
dataset_1,full,confederacy,5
dataset_1,full,abnormalities,5
dataset_1,full,yankee,5
dataset_1,full,surrounded,5
dataset_1,full,venture,5
dataset_1,full,collateral,5
dataset_1,full,climbing,5
dataset_1,full,bids,5
dataset_1,full,destructive,5
dataset_1,full,jumped,5
dataset_1,full,disturbing,5
dataset_1,full,acted,5
dataset_1,full,witnessed,5
dataset_1,full,strap,5
dataset_1,full,roses,5
dataset_1,full,databases,5
dataset_1,full,graphs,5
dataset_1,full,tracking,5
dataset_1,full,poop,5
dataset_1,full,wen,5
dataset_1,full,earnings,5
dataset_1,full,depreciation,5
dataset_1,full,blindness,5
dataset_1,full,marathon,5
dataset_1,full,quoted,5
dataset_1,full,singh,5
dataset_1,full,steelers,5
dataset_1,full,butts,5
dataset_1,full,province,5
dataset_1,full,prisons,5
dataset_1,full,applicable,5
dataset_1,full,congressional,5
dataset_1,full,wilson,5
dataset_1,full,fifty,5
dataset_1,full,jerks,5
dataset_1,full,portsmouth,5
dataset_1,full,runners,5
dataset_1,full,becasue,5
dataset_1,full,fibre,5
dataset_1,full,smoked,5
dataset_1,full,rudi,5
dataset_1,full,chains,5
dataset_1,full,editing,5
dataset_1,full,grad,5
dataset_1,full,eagles,5
dataset_1,full,integrity,5
dataset_1,full,bachelors,5
dataset_1,full,nsomething,5
dataset_1,full,kelly,5
dataset_1,full,trapped,5
dataset_1,full,youre,5
dataset_1,full,employ,5
dataset_1,full,greenwich,5
dataset_1,full,ep,5
dataset_1,full,masturbating,5
dataset_1,full,guilt,5
dataset_1,full,hmmm,5
dataset_1,full,nottingham,5
dataset_1,full,sciences,5
dataset_1,full,nuk,5
dataset_1,full,ntel,5
dataset_1,full,115,5
dataset_1,full,pronoun,5
dataset_1,full,galaxy,5
dataset_1,full,curls,5
dataset_1,full,towels,5
dataset_1,full,consisting,5
dataset_1,full,saturated,5
dataset_1,full,globe,5
dataset_1,full,jefferson,5
dataset_1,full,1937,5
dataset_1,full,1939,5
dataset_1,full,02,5
dataset_1,full,distances,5
dataset_1,full,suffered,5
dataset_1,full,scientifically,5
dataset_1,full,similarly,5
dataset_1,full,loudly,5
dataset_1,full,pg,5
dataset_1,full,tropical,5
dataset_1,full,gal,5
dataset_1,full,guy's,5
dataset_1,full,curiosity,5
dataset_1,full,saddam's,5
dataset_1,full,connecting,5
dataset_1,full,intimacy,5
dataset_1,full,documentation,5
dataset_1,full,humble,5
dataset_1,full,nwithout,5
dataset_1,full,nedit,5
dataset_1,full,unavailable,5
dataset_1,full,sections,5
dataset_1,full,forums,5
dataset_1,full,southpaw,5
dataset_1,full,biotechnology,5
dataset_1,full,adp,5
dataset_1,full,phosphate,5
dataset_1,full,ryan,5
dataset_1,full,diff,5
dataset_1,full,neopets,5
dataset_1,full,petpets,5
dataset_1,full,bottled,5
dataset_1,full,faerie,5
dataset_1,full,petty,5
dataset_1,full,psychic,5
dataset_1,full,dubai,5
dataset_1,full,125,5
dataset_1,full,lions,5
dataset_1,full,yields,5
dataset_1,full,safemode,5
dataset_1,full,registry,5
dataset_1,full,slippery,5
dataset_1,full,sailor,5
dataset_1,full,roller,5
dataset_1,full,stump,5
dataset_1,full,inn,5
dataset_1,full,turmoil,5
dataset_1,full,dedication,5
dataset_1,full,placement,5
dataset_1,full,torah,5
dataset_1,full,agenda,5
dataset_1,full,programme,5
dataset_1,full,144,5
dataset_1,full,width,5
dataset_1,full,centimeters,5
dataset_1,full,requests,5
dataset_1,full,nshe's,5
dataset_1,full,thickness,5
dataset_1,full,berlin,5
dataset_1,full,turbo,5
dataset_1,full,armies,5
dataset_1,full,accelerate,5
dataset_1,full,membrane,5
dataset_1,full,kline,5
dataset_1,full,symbols,5
dataset_1,full,trainer,5
dataset_1,full,willie,5
dataset_1,full,ted,5
dataset_1,full,priorities,5
dataset_1,full,rabbit,5
dataset_1,full,warrant,5
dataset_1,full,rolled,5
dataset_1,full,locking,5
dataset_1,full,lionel,5
dataset_1,full,dl,5
dataset_1,full,craft,5
dataset_1,full,award,5
dataset_1,full,ngoogle,5
dataset_1,full,scripts,5
dataset_1,full,nnever,5
dataset_1,full,remembering,5
dataset_1,full,psychologist,5
dataset_1,full,fluent,5
dataset_1,full,thesis,5
dataset_1,full,droplets,5
dataset_1,full,accused,5
dataset_1,full,td,5
dataset_1,full,combo,5
dataset_1,full,reproduction,5
dataset_1,full,cytokinesis,5
dataset_1,full,forming,5
dataset_1,full,haters,5
dataset_1,full,allowance,5
dataset_1,full,attorneys,5
dataset_1,full,stitch,5
dataset_1,full,innovative,5
dataset_1,full,coverage,5
dataset_1,full,initially,5
dataset_1,full,treating,5
dataset_1,full,harrison,5
dataset_1,full,gud,5
dataset_1,full,rituals,5
dataset_1,full,skull,5
dataset_1,full,archaic,5
dataset_1,full,owen,5
dataset_1,full,outdoor,5
dataset_1,full,reacting,5
dataset_1,full,improvement,5
dataset_1,full,crushed,5
dataset_1,full,she'd,5
dataset_1,full,togo,5
dataset_1,full,afterward,5
dataset_1,full,dreaming,5
dataset_1,full,indicated,5
dataset_1,full,graduating,5
dataset_1,full,deferred,5
dataset_1,full,defining,5
dataset_1,full,sucessful,5
dataset_1,full,nlove,5
dataset_1,full,florida's,5
dataset_1,full,thc,5
dataset_1,full,nerves,5
dataset_1,full,80's,5
dataset_1,full,toss,5
dataset_1,full,scheduled,5
dataset_1,full,denying,5
dataset_1,full,dichotomous,5
dataset_1,full,bottles,5
dataset_1,full,funnel,5
dataset_1,full,transferred,5
dataset_1,full,compact,5
dataset_1,full,tires,5
dataset_1,full,followers,5
dataset_1,full,warfare,5
dataset_1,full,estrogen,5
dataset_1,full,possess,5
dataset_1,full,scrap,5
dataset_1,full,freshman,5
dataset_1,full,worm,5
dataset_1,full,holder,5
dataset_1,full,replied,5
dataset_1,full,bark,5
dataset_1,full,nam,5
dataset_1,full,impressive,5
dataset_1,full,fallen,5
dataset_1,full,willingness,5
dataset_1,full,messanger,5
dataset_1,full,2c,5
dataset_1,full,21c,5
dataset_1,full,5c,5
dataset_1,full,pka,5
dataset_1,full,runny,5
dataset_1,full,technological,5
dataset_1,full,engineers,5
dataset_1,full,nextel,5
dataset_1,full,stretching,5
dataset_1,full,twist,5
dataset_1,full,hardcore,5
dataset_1,full,cherry,5
dataset_1,full,nwater,5
dataset_1,full,playoff,5
dataset_1,full,niece,5
dataset_1,full,hybrid,5
dataset_1,full,airplane,5
dataset_1,full,aide,5
dataset_1,full,tout,5
dataset_1,full,lez,5
dataset_1,full,bureaus,5
dataset_1,full,shield,5
dataset_1,full,epilepsy,5
dataset_1,full,fabric,5
dataset_1,full,trousers,5
dataset_1,full,informative,5
dataset_1,full,dominant,5
dataset_1,full,candles,5
dataset_1,full,wounded,5
dataset_1,full,dieting,5
dataset_1,full,carborundum,5
dataset_1,full,poltergeists,5
dataset_1,full,noting,5
dataset_1,full,lateral,5
dataset_1,full,feeding,5
dataset_1,full,pest,5
dataset_1,full,nwould,5
dataset_1,full,hcv,5
dataset_1,full,midfield,5
dataset_1,full,hpv,5
dataset_1,full,periodic,5
dataset_1,full,superman,5
dataset_1,full,capricorn's,5
dataset_1,full,enjoys,5
dataset_1,full,flies,5
dataset_1,full,southwest,5
dataset_1,full,nwill,5
dataset_1,full,emancipation,5
dataset_1,full,loyal,5
dataset_1,full,ira,5
dataset_1,full,thinnest,5
dataset_1,full,attributed,5
dataset_1,full,striped,5
dataset_1,full,oceans,5
dataset_1,full,seas,5
dataset_1,full,portions,5
dataset_1,full,slides,5
dataset_1,full,clicked,5
dataset_1,full,sentencing,5
dataset_1,full,tickle,5
dataset_1,full,obligations,5
dataset_1,full,mammals,5
dataset_1,full,dialogue,5
dataset_1,full,reform,5
dataset_1,full,subduction,5
dataset_1,full,cracks,5
dataset_1,full,zones,5
dataset_1,full,sensitivity,5
dataset_1,full,recount,5
dataset_1,full,blooded,5
dataset_1,full,sms,5
dataset_1,full,npull,5
dataset_1,full,misery,5
dataset_1,full,avi,5
dataset_1,full,generalized,5
dataset_1,full,hs,5
dataset_1,full,colorful,5
dataset_1,full,bio,5
dataset_1,full,attachments,5
dataset_1,full,m2,5
dataset_1,full,vocabulary,5
dataset_1,full,nr,5
dataset_1,full,obsessed,5
dataset_1,full,pine,5
dataset_1,full,implants,5
dataset_1,full,debit,5
dataset_1,full,scanner,5
dataset_1,full,f2,5
dataset_1,full,multitasking,5
dataset_1,full,execute,5
dataset_1,full,strikers,5
dataset_1,full,realistic,5
dataset_1,full,dizziness,5
dataset_1,full,ndrug,5
dataset_1,full,filament,5
dataset_1,full,gurl,5
dataset_1,full,pharmaceutical,5
dataset_1,full,migraines,5
dataset_1,full,reward,5
dataset_1,full,fullest,5
dataset_1,full,invested,5
dataset_1,full,escrow,5
dataset_1,full,scoliosis,5
dataset_1,full,lmao,5
dataset_1,full,anode,5
dataset_1,full,ceramic,5
dataset_1,full,intercept,5
dataset_1,full,epson,5
dataset_1,full,fda,5
dataset_1,full,msg,5
dataset_1,full,boxes,5
dataset_1,full,webhosting,5
dataset_1,full,animated,5
dataset_1,full,mercenary,5
dataset_1,full,supporters,5
dataset_1,full,pilots,5
dataset_1,full,titleist,5
dataset_1,full,cylinder,5
dataset_1,full,cowboy,5
dataset_1,full,nthu,5
dataset_1,full,nfri,5
dataset_1,full,arctic,5
dataset_1,full,redneck,5
dataset_1,full,tackles,5
dataset_1,full,1984,5
dataset_1,full,classified,5
dataset_1,full,reboost,5
dataset_1,full,salads,5
dataset_1,full,piston,5
dataset_1,full,iv,5
dataset_1,full,leap,5
dataset_1,full,fishbowl,5
dataset_1,full,actuary,5
dataset_1,full,deer,5
dataset_1,full,doesn,5
dataset_1,full,saddle,5
dataset_1,full,merry,5
dataset_1,full,korn,5
dataset_1,full,bullet,5
dataset_1,full,nirvana,5
dataset_1,full,jimmy,5
dataset_1,full,heh,5
dataset_1,full,walt,5
dataset_1,full,59,5
dataset_1,full,mo,5
dataset_1,full,isolation,5
dataset_1,full,dysfunction,5
dataset_1,full,janot,5
dataset_1,full,nsap,5
dataset_1,full,developer,5
dataset_1,full,tsunami,5
dataset_1,full,thursday,5
dataset_1,full,lopez,5
dataset_1,full,producer,5
dataset_1,full,tac,5
dataset_1,full,nsymptoms,5
dataset_1,full,a8,5
dataset_1,full,a5,5
dataset_1,full,methane,5
dataset_1,full,bulletin,5
dataset_1,full,dislike,5
dataset_1,full,crafts,5
dataset_1,full,katie,5
dataset_1,full,omnipotent,5
dataset_1,full,pga,5
dataset_1,full,nurses,5
dataset_1,full,zircon,5
dataset_1,full,ceramics,5
dataset_1,full,zircons,5
dataset_1,full,efficiently,5
dataset_1,full,nbaby,5
dataset_1,full,n'cause,5
dataset_1,full,periodically,5
dataset_1,full,dots,5
dataset_1,full,coke,5
dataset_1,full,bogut,5
dataset_1,full,usga,5
dataset_1,full,a_b,5
dataset_1,full,botched,5
dataset_1,full,crate,5
dataset_1,full,catching,5
dataset_1,full,graft,5
dataset_1,full,satanic,5
dataset_1,full,typhoons,5
dataset_1,full,elevator,5
dataset_1,full,pelicans,5
dataset_1,full,wrestling,5
dataset_1,full,rob,5
dataset_1,full,renal,5
dataset_1,full,neurons,5
dataset_1,full,rez,5
dataset_1,full,lha,5
dataset_1,full,gears,5
dataset_1,full,ncop,5
dataset_1,full,duck,5
dataset_1,full,differentiable,5
dataset_1,full,inks,5
dataset_1,full,carriers,5
dataset_1,full,gangully,5
dataset_1,full,cartridges,5
dataset_1,full,protesters,5
dataset_1,full,tickled,5
dataset_1,full,ecstasy,5
dataset_1,full,monogram,5
dataset_1,full,poise,5
dataset_1,full,rationality,5
dataset_1,full,ferry,5
dataset_1,full,uruguay,5
dataset_1,full,humpty,5
dataset_1,full,dumpty,5
dataset_1,full,nchlamydia,5
dataset_1,full,swissport,5
dataset_1,full,newton,5
dataset_1,full,autopsies,5
dataset_1,full,zeros,4
dataset_1,full,2a,4
dataset_1,full,decrypter,4
dataset_1,full,auditor,4
dataset_1,full,leasing,4
dataset_1,full,discussed,4
dataset_1,full,invisible,4
dataset_1,full,transactions,4
dataset_1,full,popup,4
dataset_1,full,converse,4
dataset_1,full,adn,4
dataset_1,full,wounds,4
dataset_1,full,distracted,4
dataset_1,full,meaningful,4
dataset_1,full,struggles,4
dataset_1,full,thinkers,4
dataset_1,full,medals,4
dataset_1,full,amended,4
dataset_1,full,year's,4
dataset_1,full,voter,4
dataset_1,full,interpret,4
dataset_1,full,paranoid,4
dataset_1,full,departments,4
dataset_1,full,noone,4
dataset_1,full,infact,4
dataset_1,full,nuniversity,4
dataset_1,full,validate,4
dataset_1,full,replication,4
dataset_1,full,ndivide,4
dataset_1,full,transferring,4
dataset_1,full,prominent,4
dataset_1,full,feat,4
dataset_1,full,blowing,4
dataset_1,full,dan,4
dataset_1,full,init,4
dataset_1,full,config,4
dataset_1,full,worries,4
dataset_1,full,chew,4
dataset_1,full,tribes,4
dataset_1,full,priests,4
dataset_1,full,universally,4
dataset_1,full,disappear,4
dataset_1,full,scandal,4
dataset_1,full,disappears,4
dataset_1,full,unplug,4
dataset_1,full,pending,4
dataset_1,full,puritans,4
dataset_1,full,suggesting,4
dataset_1,full,lockdown,4
dataset_1,full,notices,4
dataset_1,full,1732,4
dataset_1,full,francis,4
dataset_1,full,franklin,4
dataset_1,full,retiring,4
dataset_1,full,philosophical,4
dataset_1,full,receives,4
dataset_1,full,continental,4
dataset_1,full,confederation,4
dataset_1,full,negotiates,4
dataset_1,full,promoting,4
dataset_1,full,secretly,4
dataset_1,full,state's,4
dataset_1,full,girth,4
dataset_1,full,allways,4
dataset_1,full,bah,4
dataset_1,full,bumps,4
dataset_1,full,sony,4
dataset_1,full,96,4
dataset_1,full,halfway,4
dataset_1,full,managers,4
dataset_1,full,opt,4
dataset_1,full,expense,4
dataset_1,full,theft,4
dataset_1,full,libraries,4
dataset_1,full,afloat,4
dataset_1,full,luv,4
dataset_1,full,adhesive,4
dataset_1,full,cement,4
dataset_1,full,edges,4
dataset_1,full,frames,4
dataset_1,full,disasters,4
dataset_1,full,protocols,4
dataset_1,full,integer,4
dataset_1,full,squared,4
dataset_1,full,grazing,4
dataset_1,full,hay,4
dataset_1,full,seasonal,4
dataset_1,full,progresses,4
dataset_1,full,stalk,4
dataset_1,full,nutritionist,4
dataset_1,full,expert,4
dataset_1,full,patient's,4
dataset_1,full,moles,4
dataset_1,full,melanoma,4
dataset_1,full,dermatologist,4
dataset_1,full,synthetic,4
dataset_1,full,rack,4
dataset_1,full,mailing,4
dataset_1,full,messy,4
dataset_1,full,google's,4
dataset_1,full,gmail,4
dataset_1,full,undertaker,4
dataset_1,full,defeat,4
dataset_1,full,wrestle,4
dataset_1,full,ck,4
dataset_1,full,adverse,4
dataset_1,full,credited,4
dataset_1,full,woodchuck,4
dataset_1,full,configured,4
dataset_1,full,cleared,4
dataset_1,full,compression,4
dataset_1,full,buffer,4
dataset_1,full,outgoing,4
dataset_1,full,compressed,4
dataset_1,full,cum,4
dataset_1,full,cluster,4
dataset_1,full,dialup,4
dataset_1,full,revealing,4
dataset_1,full,pornography,4
dataset_1,full,boned,4
dataset_1,full,diminish,4
dataset_1,full,isn,4
dataset_1,full,microphone,4
dataset_1,full,disagreement,4
dataset_1,full,director,4
dataset_1,full,summary,4
dataset_1,full,aura,4
dataset_1,full,aggregate,4
dataset_1,full,consequence,4
dataset_1,full,temptation,4
dataset_1,full,paycheck,4
dataset_1,full,placing,4
dataset_1,full,premiership,4
dataset_1,full,nback,4
dataset_1,full,rival,4
dataset_1,full,breeze,4
dataset_1,full,philippine,4
dataset_1,full,thrive,4
dataset_1,full,atmospheric,4
dataset_1,full,alfalfa,4
dataset_1,full,crops,4
dataset_1,full,commits,4
dataset_1,full,babysitting,4
dataset_1,full,coordination,4
dataset_1,full,challenging,4
dataset_1,full,gifted,4
dataset_1,full,unconstitutional,4
dataset_1,full,nperson,4
dataset_1,full,dryer,4
dataset_1,full,puzzled,4
dataset_1,full,expectations,4
dataset_1,full,horns,4
dataset_1,full,exterior,4
dataset_1,full,blogs,4
dataset_1,full,briefly,4
dataset_1,full,commentary,4
dataset_1,full,condo,4
dataset_1,full,psycho,4
dataset_1,full,factories,4
dataset_1,full,prevention,4
dataset_1,full,lengths,4
dataset_1,full,valence,4
dataset_1,full,usd,4
dataset_1,full,godfather,4
dataset_1,full,monsters,4
dataset_1,full,guests,4
dataset_1,full,gabriela,4
dataset_1,full,michel,4
dataset_1,full,sera,4
dataset_1,full,quiero,4
dataset_1,full,responding,4
dataset_1,full,centrino,4
dataset_1,full,anyhow,4
dataset_1,full,baking,4
dataset_1,full,flour,4
dataset_1,full,imdb,4
dataset_1,full,elect,4
dataset_1,full,scholars,4
dataset_1,full,centered,4
dataset_1,full,sin56,4
dataset_1,full,sin62,4
dataset_1,full,pythagorean,4
dataset_1,full,2b,4
dataset_1,full,floating,4
dataset_1,full,nthough,4
dataset_1,full,lowered,4
dataset_1,full,waited,4
dataset_1,full,noften,4
dataset_1,full,tidal,4
dataset_1,full,tread,4
dataset_1,full,tat,4
dataset_1,full,hicks,4
dataset_1,full,millionaire,4
dataset_1,full,satisfactory,4
dataset_1,full,honorable,4
dataset_1,full,museums,4
dataset_1,full,shaking,4
dataset_1,full,noisy,4
dataset_1,full,cracked,4
dataset_1,full,opposing,4
dataset_1,full,einstein,4
dataset_1,full,renew,4
dataset_1,full,statistical,4
dataset_1,full,fahrenheit,4
dataset_1,full,stove,4
dataset_1,full,ntheir,4
dataset_1,full,bulk,4
dataset_1,full,programmer,4
dataset_1,full,continually,4
dataset_1,full,yay,4
dataset_1,full,strengths,4
dataset_1,full,avoidant,4
dataset_1,full,problematic,4
dataset_1,full,journey,4
dataset_1,full,nmike,4
dataset_1,full,nweb,4
dataset_1,full,motivation,4
dataset_1,full,shawn,4
dataset_1,full,church's,4
dataset_1,full,von,4
dataset_1,full,joan,4
dataset_1,full,hormonal,4
dataset_1,full,balances,4
dataset_1,full,that'll,4
dataset_1,full,visitor,4
dataset_1,full,evaporation,4
dataset_1,full,lowers,4
dataset_1,full,electromagnetic,4
dataset_1,full,unmarried,4
dataset_1,full,befor,4
dataset_1,full,unconscious,4
dataset_1,full,definitions,4
dataset_1,full,emperor,4
dataset_1,full,thx,4
dataset_1,full,elektron,4
dataset_1,full,repulsion,4
dataset_1,full,describes,4
dataset_1,full,attracting,4
dataset_1,full,inventor,4
dataset_1,full,1600,4
dataset_1,full,browse,4
dataset_1,full,unclean,4
dataset_1,full,meats,4
dataset_1,full,vegetarians,4
dataset_1,full,clarify,4
dataset_1,full,definetly,4
dataset_1,full,2's,4
dataset_1,full,proportions,4
dataset_1,full,radioactive,4
dataset_1,full,remembered,4
dataset_1,full,toys,4
dataset_1,full,afc,4
dataset_1,full,cutter,4
dataset_1,full,baptist,4
dataset_1,full,denomination,4
dataset_1,full,eruptions,4
dataset_1,full,delayed,4
dataset_1,full,habitation,4
dataset_1,full,paths,4
dataset_1,full,depart,4
dataset_1,full,hooks,4
dataset_1,full,sword,4
dataset_1,full,cheer,4
dataset_1,full,algorithms,4
dataset_1,full,conventions,4
dataset_1,full,drawings,4
dataset_1,full,evangelical,4
dataset_1,full,downside,4
dataset_1,full,ounces,4
dataset_1,full,drs,4
dataset_1,full,fewer,4
dataset_1,full,ltc,4
dataset_1,full,impairment,4
dataset_1,full,investments,4
dataset_1,full,aging,4
dataset_1,full,blessing,4
dataset_1,full,defect,4
dataset_1,full,stoned,4
dataset_1,full,keg,4
dataset_1,full,barrel,4
dataset_1,full,he'd,4
dataset_1,full,moore,4
dataset_1,full,diffrent,4
dataset_1,full,conflicts,4
dataset_1,full,striker,4
dataset_1,full,bye,4
dataset_1,full,nigeria,4
dataset_1,full,dependant,4
dataset_1,full,rotting,4
dataset_1,full,lamento,4
dataset_1,full,inhabitants,4
dataset_1,full,jeremiah,4
dataset_1,full,chronicles,4
dataset_1,full,warriors,4
dataset_1,full,merchandise,4
dataset_1,full,marries,4
dataset_1,full,conversion,4
dataset_1,full,actualy,4
dataset_1,full,furious,4
dataset_1,full,considerate,4
dataset_1,full,umm,4
dataset_1,full,sahara,4
dataset_1,full,tighten,4
dataset_1,full,lifts,4
dataset_1,full,c'mon,4
dataset_1,full,whales,4
dataset_1,full,21st,4
dataset_1,full,ntime,4
dataset_1,full,n28,4
dataset_1,full,originated,4
dataset_1,full,di,4
dataset_1,full,orbits,4
dataset_1,full,colliding,4
dataset_1,full,assumes,4
dataset_1,full,oilers,4
dataset_1,full,packers,4
dataset_1,full,vaccine,4
dataset_1,full,strictly,4
dataset_1,full,oxford,4
dataset_1,full,superbowl,4
dataset_1,full,psychotic,4
dataset_1,full,ab,4
dataset_1,full,dominate,4
dataset_1,full,repressive,4
dataset_1,full,542,4
dataset_1,full,downward,4
dataset_1,full,swing,4
dataset_1,full,predicting,4
dataset_1,full,collects,4
dataset_1,full,ouch,4
dataset_1,full,deficiency,4
dataset_1,full,ow,4
dataset_1,full,could'nt,4
dataset_1,full,dehydration,4
dataset_1,full,nfeel,4
dataset_1,full,lse,4
dataset_1,full,hurry,4
dataset_1,full,thicker,4
dataset_1,full,nicer,4
dataset_1,full,rehabilitation,4
dataset_1,full,ache,4
dataset_1,full,nevertheless,4
dataset_1,full,foundations,4
dataset_1,full,practise,4
dataset_1,full,makeing,4
dataset_1,full,motherboards,4
dataset_1,full,baptism,4
dataset_1,full,symbolic,4
dataset_1,full,greed,4
dataset_1,full,gatorade,4
dataset_1,full,powerade,4
dataset_1,full,moderation,4
dataset_1,full,carb,4
dataset_1,full,omaha,4
dataset_1,full,spells,4
dataset_1,full,npi,4
dataset_1,full,bake,4
dataset_1,full,uncheck,4
dataset_1,full,medal,4
dataset_1,full,practically,4
dataset_1,full,wana,4
dataset_1,full,shadows,4
dataset_1,full,napparently,4
dataset_1,full,marvel,4
dataset_1,full,shadow,4
dataset_1,full,nhas,4
dataset_1,full,millennium,4
dataset_1,full,twister,4
dataset_1,full,twisters,4
dataset_1,full,reliability,4
dataset_1,full,overview,4
dataset_1,full,evenly,4
dataset_1,full,behaviour,4
dataset_1,full,nipples,4
dataset_1,full,creatine,4
dataset_1,full,gnc,4
dataset_1,full,blend,4
dataset_1,full,mixing,4
dataset_1,full,lawn,4
dataset_1,full,clone,4
dataset_1,full,tummy,4
dataset_1,full,genetically,4
dataset_1,full,germans,4
dataset_1,full,cork,4
dataset_1,full,yogurt,4
dataset_1,full,laxitive,4
dataset_1,full,bran,4
dataset_1,full,constipation,4
dataset_1,full,nadd,4
dataset_1,full,cramping,4
dataset_1,full,ginger,4
dataset_1,full,chile,4
dataset_1,full,bottling,4
dataset_1,full,champion,4
dataset_1,full,n2002,4
dataset_1,full,maria,4
dataset_1,full,walton,4
dataset_1,full,maid,4
dataset_1,full,flown,4
dataset_1,full,impacted,4
dataset_1,full,intestinal,4
dataset_1,full,benign,4
dataset_1,full,sarcastic,4
dataset_1,full,courtesy,4
dataset_1,full,expects,4
dataset_1,full,bore,4
dataset_1,full,vet,4
dataset_1,full,popping,4
dataset_1,full,fuck,4
dataset_1,full,minnesota,4
dataset_1,full,stanford,4
dataset_1,full,batteries,4
dataset_1,full,hesitate,4
dataset_1,full,hover,4
dataset_1,full,ee,4
dataset_1,full,implement,4
dataset_1,full,ruined,4
dataset_1,full,josh,4
dataset_1,full,soaps,4
dataset_1,full,historians,4
dataset_1,full,scheme,4
dataset_1,full,judgmental,4
dataset_1,full,lip,4
dataset_1,full,paradise,4
dataset_1,full,chemically,4
dataset_1,full,appetite,4
dataset_1,full,fashioned,4
dataset_1,full,pumps,4
dataset_1,full,bury,4
dataset_1,full,consultation,4
dataset_1,full,princeton,4
dataset_1,full,cite,4
dataset_1,full,knowlege,4
dataset_1,full,specifics,4
dataset_1,full,plea,4
dataset_1,full,agnostics,4
dataset_1,full,hacked,4
dataset_1,full,mc,4
dataset_1,full,pharmacist,4
dataset_1,full,vaccines,4
dataset_1,full,smackdown,4
dataset_1,full,guerrero,4
dataset_1,full,mcmahon,4
dataset_1,full,hart,4
dataset_1,full,bash,4
dataset_1,full,mercy,4
dataset_1,full,viable,4
dataset_1,full,cartoons,4
dataset_1,full,virginity,4
dataset_1,full,walker,4
dataset_1,full,contests,4
dataset_1,full,probly,4
dataset_1,full,burgers,4
dataset_1,full,hammer,4
dataset_1,full,unblock,4
dataset_1,full,choke,4
dataset_1,full,oppose,4
dataset_1,full,circular,4
dataset_1,full,creationist,4
dataset_1,full,logged,4
dataset_1,full,creationism,4
dataset_1,full,rev,4
dataset_1,full,radar,4
dataset_1,full,confronted,4
dataset_1,full,goodluck,4
dataset_1,full,ei,4
dataset_1,full,declare,4
dataset_1,full,heavens,4
dataset_1,full,embarassing,4
dataset_1,full,closeness,4
dataset_1,full,ssid,4
dataset_1,full,verses,4
dataset_1,full,misconception,4
dataset_1,full,n23,4
dataset_1,full,justus,4
dataset_1,full,eleven,4
dataset_1,full,celery,4
dataset_1,full,conservancy,4
dataset_1,full,manages,4
dataset_1,full,rake,4
dataset_1,full,erosion,4
dataset_1,full,posture,4
dataset_1,full,unarmed,4
dataset_1,full,buck,4
dataset_1,full,upside,4
dataset_1,full,fingerprints,4
dataset_1,full,residents,4
dataset_1,full,vicious,4
dataset_1,full,sir,4
dataset_1,full,censorship,4
dataset_1,full,filmed,4
dataset_1,full,barrera,4
dataset_1,full,opponents,4
dataset_1,full,rodeo,4
dataset_1,full,skool,4
dataset_1,full,hinduism,4
dataset_1,full,communists,4
dataset_1,full,advocate,4
dataset_1,full,1970s,4
dataset_1,full,duration,4
dataset_1,full,pursuing,4
dataset_1,full,wang,4
dataset_1,full,cubs,4
dataset_1,full,dusty,4
dataset_1,full,1993,4
dataset_1,full,ward,4
dataset_1,full,berrian,4
dataset_1,full,exceptions,4
dataset_1,full,architect,4
dataset_1,full,dramatically,4
dataset_1,full,requested,4
dataset_1,full,cries,4
dataset_1,full,probe,4
dataset_1,full,fabulous,4
dataset_1,full,strains,4
dataset_1,full,identifying,4
dataset_1,full,complains,4
dataset_1,full,spirits,4
dataset_1,full,terminator,4
dataset_1,full,mae,4
dataset_1,full,theater,4
dataset_1,full,hottest,4
dataset_1,full,kicking,4
dataset_1,full,castle,4
dataset_1,full,theta,4
dataset_1,full,minimize,4
dataset_1,full,wich,4
dataset_1,full,predict,4
dataset_1,full,other's,4
dataset_1,full,introduce,4
dataset_1,full,privileges,4
dataset_1,full,n21,4
dataset_1,full,blink,4
dataset_1,full,itchy,4
dataset_1,full,n36,4
dataset_1,full,n40,4
dataset_1,full,n41,4
dataset_1,full,n42,4
dataset_1,full,venezuela,4
dataset_1,full,luckily,4
dataset_1,full,boarding,4
dataset_1,full,some1,4
dataset_1,full,sleeps,4
dataset_1,full,bro,4
dataset_1,full,nothin,4
dataset_1,full,achieving,4
dataset_1,full,specializes,4
dataset_1,full,shining,4
dataset_1,full,panties,4
dataset_1,full,perfumes,4
dataset_1,full,jarvis,4
dataset_1,full,frist,4
dataset_1,full,horn,4
dataset_1,full,philly,4
dataset_1,full,orchestra,4
dataset_1,full,alex,4
dataset_1,full,compliments,4
dataset_1,full,ther,4
dataset_1,full,nmexico,4
dataset_1,full,pub,4
dataset_1,full,mammal,4
dataset_1,full,canceled,4
dataset_1,full,fracture,4
dataset_1,full,scanned,4
dataset_1,full,lubricant,4
dataset_1,full,foreskin,4
dataset_1,full,drummer,4
dataset_1,full,vermont,4
dataset_1,full,titans,4
dataset_1,full,definite,4
dataset_1,full,separately,4
dataset_1,full,ndvd,4
dataset_1,full,nyeah,4
dataset_1,full,jealousy,4
dataset_1,full,appealing,4
dataset_1,full,tuner,4
dataset_1,full,bald,4
dataset_1,full,attribute,4
dataset_1,full,sexuality,4
dataset_1,full,cvs,4
dataset_1,full,dutch,4
dataset_1,full,algebraic,4
dataset_1,full,strategies,4
dataset_1,full,celestial,4
dataset_1,full,wnt,4
dataset_1,full,puberty,4
dataset_1,full,nage,4
dataset_1,full,bulimia,4
dataset_1,full,5'8,4
dataset_1,full,rappers,4
dataset_1,full,ing,4
dataset_1,full,freaks,4
dataset_1,full,realistically,4
dataset_1,full,weaknesses,4
dataset_1,full,answerer,4
dataset_1,full,rim,4
dataset_1,full,pensez,4
dataset_1,full,des,4
dataset_1,full,liars,4
dataset_1,full,shout,4
dataset_1,full,fetch,4
dataset_1,full,nsay,4
dataset_1,full,benji,4
dataset_1,full,barnes,4
dataset_1,full,78,4
dataset_1,full,turks,4
dataset_1,full,nacc,4
dataset_1,full,solder,4
dataset_1,full,automated,4
dataset_1,full,doin,4
dataset_1,full,2008,4
dataset_1,full,representation,4
dataset_1,full,carbohydrates,4
dataset_1,full,dale,4
dataset_1,full,adsense,4
dataset_1,full,precautions,4
dataset_1,full,browsers,4
dataset_1,full,dublin,4
dataset_1,full,obligation,4
dataset_1,full,promises,4
dataset_1,full,louisiana,4
dataset_1,full,blonde,4
dataset_1,full,midnight,4
dataset_1,full,downtown,4
dataset_1,full,ceases,4
dataset_1,full,inquiries,4
dataset_1,full,thoroughly,4
dataset_1,full,affectionate,4
dataset_1,full,finite,4
dataset_1,full,risky,4
dataset_1,full,traded,4
dataset_1,full,punishing,4
dataset_1,full,commandments,4
dataset_1,full,locks,4
dataset_1,full,1800s,4
dataset_1,full,firing,4
dataset_1,full,flaming,4
dataset_1,full,branch,4
dataset_1,full,liquidation,4
dataset_1,full,closings,4
dataset_1,full,proceedings,4
dataset_1,full,elbows,4
dataset_1,full,curly,4
dataset_1,full,salon,4
dataset_1,full,cleanse,4
dataset_1,full,matrix,4
dataset_1,full,ymca,4
dataset_1,full,minority,4
dataset_1,full,displaying,4
dataset_1,full,outfit,4
dataset_1,full,pluto,4
dataset_1,full,villages,4
dataset_1,full,tommy,4
dataset_1,full,ports,4
dataset_1,full,inherent,4
dataset_1,full,virigin,4
dataset_1,full,nagging,4
dataset_1,full,radish,4
dataset_1,full,embryo,4
dataset_1,full,diversity,4
dataset_1,full,bounce,4
dataset_1,full,streaming,4
dataset_1,full,geiger,4
dataset_1,full,twisting,4
dataset_1,full,polycystic,4
dataset_1,full,ventral,4
dataset_1,full,rifle,4
dataset_1,full,empirical,4
dataset_1,full,atm,4
dataset_1,full,tutor,4
dataset_1,full,cmp,4
dataset_1,full,wc,4
dataset_1,full,16th,4
dataset_1,full,gill,4
dataset_1,full,walls,4
dataset_1,full,duct,4
dataset_1,full,terrestrial,4
dataset_1,full,oscar,4
dataset_1,full,entrepreneur,4
dataset_1,full,enterprise,4
dataset_1,full,guarantee,4
dataset_1,full,sata,4
dataset_1,full,raid,4
dataset_1,full,rotten,4
dataset_1,full,disappointment,4
dataset_1,full,yall,4
dataset_1,full,messing,4
dataset_1,full,pony,4
dataset_1,full,availability,4
dataset_1,full,ummm,4
dataset_1,full,heterosexual,4
dataset_1,full,decade,4
dataset_1,full,revolutionary,4
dataset_1,full,mens,4
dataset_1,full,bikes,4
dataset_1,full,devastating,4
dataset_1,full,slaughter,4
dataset_1,full,rapper,4
dataset_1,full,50's,4
dataset_1,full,plausible,4
dataset_1,full,exchanges,4
dataset_1,full,r2,4
dataset_1,full,enduring,4
dataset_1,full,separating,4
dataset_1,full,aroused,4
dataset_1,full,hindus,4
dataset_1,full,roles,4
dataset_1,full,altogether,4
dataset_1,full,confusion,4
dataset_1,full,translated,4
dataset_1,full,coefficients,4
dataset_1,full,shortcut,4
dataset_1,full,bribery,4
dataset_1,full,condoning,4
dataset_1,full,torture,4
dataset_1,full,amendments,4
dataset_1,full,archery,4
dataset_1,full,stare,4
dataset_1,full,victor,4
dataset_1,full,targets,4
dataset_1,full,pal,4
dataset_1,full,nyahoo,4
dataset_1,full,reflections,4
dataset_1,full,27th,4
dataset_1,full,preamble,4
dataset_1,full,blessings,4
dataset_1,full,knife,4
dataset_1,full,pelvis,4
dataset_1,full,abdomen,4
dataset_1,full,deadline,4
dataset_1,full,betrayal,4
dataset_1,full,hen,4
dataset_1,full,chute,4
dataset_1,full,suite,4
dataset_1,full,compelling,4
dataset_1,full,exotic,4
dataset_1,full,harvard,4
dataset_1,full,columbia,4
dataset_1,full,illegitimate,4
dataset_1,full,readers,4
dataset_1,full,auction,4
dataset_1,full,flesh,4
dataset_1,full,hollow,4
dataset_1,full,nemesis,4
dataset_1,full,trademark,4
dataset_1,full,foreplay,4
dataset_1,full,interpreted,4
dataset_1,full,bulbs,4
dataset_1,full,adsl,4
dataset_1,full,ps2,4
dataset_1,full,plugged,4
dataset_1,full,aswell,4
dataset_1,full,ribosomes,4
dataset_1,full,eukaryotes,4
dataset_1,full,eukaryotic,4
dataset_1,full,postage,4
dataset_1,full,elapsed,4
dataset_1,full,possessions,4
dataset_1,full,parental,4
dataset_1,full,passer,4
dataset_1,full,comme,4
dataset_1,full,bien,4
dataset_1,full,feminist,4
dataset_1,full,pd,4
dataset_1,full,spotted,4
dataset_1,full,fatigue,4
dataset_1,full,vegas,4
dataset_1,full,nbuy,4
dataset_1,full,nwork,4
dataset_1,full,acount,4
dataset_1,full,2012,4
dataset_1,full,defence,4
dataset_1,full,rogue,4
dataset_1,full,annoy,4
dataset_1,full,refresh,4
dataset_1,full,cables,4
dataset_1,full,logs,4
dataset_1,full,sided,4
dataset_1,full,binomial,4
dataset_1,full,rectangle,4
dataset_1,full,celebration,4
dataset_1,full,stamps,4
dataset_1,full,resolved,4
dataset_1,full,terribly,4
dataset_1,full,powered,4
dataset_1,full,connectivity,4
dataset_1,full,sigma,4
dataset_1,full,ro,4
dataset_1,full,birmingham,4
dataset_1,full,ignores,4
dataset_1,full,pense,4
dataset_1,full,originate,4
dataset_1,full,exodus,4
dataset_1,full,thief,4
dataset_1,full,combat,4
dataset_1,full,starve,4
dataset_1,full,partly,4
dataset_1,full,dozens,4
dataset_1,full,lastly,4
dataset_1,full,primates,4
dataset_1,full,frequent,4
dataset_1,full,prohibition,4
dataset_1,full,recruit,4
dataset_1,full,captured,4
dataset_1,full,socially,4
dataset_1,full,disprove,4
dataset_1,full,albums,4
dataset_1,full,ejb,4
dataset_1,full,bravo,4
dataset_1,full,sudan,4
dataset_1,full,dictators,4
dataset_1,full,continent,4
dataset_1,full,protons,4
dataset_1,full,vincent,4
dataset_1,full,cage,4
dataset_1,full,newark,4
dataset_1,full,basement,4
dataset_1,full,verge,4
dataset_1,full,chapel,4
dataset_1,full,ils,4
dataset_1,full,sont,4
dataset_1,full,qu,4
dataset_1,full,racial,4
dataset_1,full,maturity,4
dataset_1,full,bidder,4
dataset_1,full,districts,4
dataset_1,full,chimes,4
dataset_1,full,ratios,4
dataset_1,full,missile,4
dataset_1,full,modes,4
dataset_1,full,ken,4
dataset_1,full,cgi,4
dataset_1,full,nbefore,4
dataset_1,full,winamp,4
dataset_1,full,accompanied,4
dataset_1,full,irregular,4
dataset_1,full,tremendous,4
dataset_1,full,exercised,4
dataset_1,full,f5,4
dataset_1,full,susan,4
dataset_1,full,throught,4
dataset_1,full,picnic,4
dataset_1,full,typed,4
dataset_1,full,dye,4
dataset_1,full,fossil,4
dataset_1,full,resemble,4
dataset_1,full,fuels,4
dataset_1,full,immediatly,4
dataset_1,full,transaction,4
dataset_1,full,wa,4
dataset_1,full,repaid,4
dataset_1,full,concluded,4
dataset_1,full,financing,4
dataset_1,full,arrangements,4
dataset_1,full,reflect,4
dataset_1,full,exclude,4
dataset_1,full,veg,4
dataset_1,full,walmart,4
dataset_1,full,hadn't,4
dataset_1,full,dosent,4
dataset_1,full,conciousness,4
dataset_1,full,harvesting,4
dataset_1,full,ovaries,4
dataset_1,full,masculine,4
dataset_1,full,zodiac,4
dataset_1,full,overwhelming,4
dataset_1,full,markise,4
dataset_1,full,kahn,4
dataset_1,full,sickness,4
dataset_1,full,thy,4
dataset_1,full,larry,4
dataset_1,full,transmit,4
dataset_1,full,mosquito,4
dataset_1,full,victim,4
dataset_1,full,fbi,4
dataset_1,full,bugatti,4
dataset_1,full,corrected,4
dataset_1,full,proving,4
dataset_1,full,endure,4
dataset_1,full,poisonous,4
dataset_1,full,okinawa,4
dataset_1,full,wid,4
dataset_1,full,amortization,4
dataset_1,full,tricked,4
dataset_1,full,demanded,4
dataset_1,full,impressions,4
dataset_1,full,truthfully,4
dataset_1,full,smiley,4
dataset_1,full,incentives,4
dataset_1,full,mythology,4
dataset_1,full,requiring,4
dataset_1,full,faced,4
dataset_1,full,ppo,4
dataset_1,full,counties,4
dataset_1,full,girl's,4
dataset_1,full,cristiano,4
dataset_1,full,madrid,4
dataset_1,full,utd,4
dataset_1,full,anime,4
dataset_1,full,uv,4
dataset_1,full,reveals,4
dataset_1,full,fuss,4
dataset_1,full,questioning,4
dataset_1,full,rubbed,4
dataset_1,full,defendant,4
dataset_1,full,appealed,4
dataset_1,full,missouri,4
dataset_1,full,carl,4
dataset_1,full,reluctant,4
dataset_1,full,relaxed,4
dataset_1,full,ravens,4
dataset_1,full,panthers,4
dataset_1,full,877,4
dataset_1,full,detecting,4
dataset_1,full,governed,4
dataset_1,full,denominator,4
dataset_1,full,ace,4
dataset_1,full,meridian,4
dataset_1,full,r1,4
dataset_1,full,plaica,4
dataset_1,full,maneto,4
dataset_1,full,sulfate,4
dataset_1,full,corresponds,4
dataset_1,full,cervical,4
dataset_1,full,manifest,4
dataset_1,full,presumably,4
dataset_1,full,sew,4
dataset_1,full,clip,4
dataset_1,full,czech,4
dataset_1,full,nfax,4
dataset_1,full,altering,4
dataset_1,full,craving,4
dataset_1,full,clinton's,4
dataset_1,full,resentment,4
dataset_1,full,twenties,4
dataset_1,full,boils,4
dataset_1,full,geosynchronous,4
dataset_1,full,verification,4
dataset_1,full,deserved,4
dataset_1,full,bengal,4
dataset_1,full,coolidge,4
dataset_1,full,insisted,4
dataset_1,full,roosevelt,4
dataset_1,full,anthony,4
dataset_1,full,carved,4
dataset_1,full,italians,4
dataset_1,full,bites,4
dataset_1,full,halloween,4
dataset_1,full,til,4
dataset_1,full,n123,4
dataset_1,full,n456,4
dataset_1,full,n789,4
dataset_1,full,flattered,4
dataset_1,full,mph,4
dataset_1,full,njesus,4
dataset_1,full,starware,4
dataset_1,full,hkcr,4
dataset_1,full,gettin,4
dataset_1,full,davis,4
dataset_1,full,subjective,4
dataset_1,full,specimen,4
dataset_1,full,freeware,4
dataset_1,full,jonathan,4
dataset_1,full,tales,4
dataset_1,full,celebrated,4
dataset_1,full,nicely,4
dataset_1,full,forwarding,4
dataset_1,full,ntfs,4
dataset_1,full,pennies,4
dataset_1,full,nlim,4
dataset_1,full,blockers,4
dataset_1,full,keywords,4
dataset_1,full,carter,4
dataset_1,full,stepping,4
dataset_1,full,munich,4
dataset_1,full,elses,4
dataset_1,full,rewarded,4
dataset_1,full,dough,4
dataset_1,full,umbrella,4
dataset_1,full,anesthesia,4
dataset_1,full,viva,4
dataset_1,full,supernatural,4
dataset_1,full,trojans,4
dataset_1,full,kaspersky,4
dataset_1,full,mathematical,4
dataset_1,full,skunk,4
dataset_1,full,intolerant,4
dataset_1,full,thighs,4
dataset_1,full,thoreau,4
dataset_1,full,deceased,4
dataset_1,full,izzy,4
dataset_1,full,yah,4
dataset_1,full,kelvin,4
dataset_1,full,completing,4
dataset_1,full,echo,4
dataset_1,full,kilo,4
dataset_1,full,sierra,4
dataset_1,full,fond,4
dataset_1,full,nstop,4
dataset_1,full,lb,4
dataset_1,full,parenthesis,4
dataset_1,full,adjacent,4
dataset_1,full,teasing,4
dataset_1,full,curling,4
dataset_1,full,nyet,4
dataset_1,full,thankful,4
dataset_1,full,trusting,4
dataset_1,full,avatars,4
dataset_1,full,shave,4
dataset_1,full,1995,4
dataset_1,full,accountant,4
dataset_1,full,nap,4
dataset_1,full,passenger,4
dataset_1,full,wider,4
dataset_1,full,maya,4
dataset_1,full,1972,4
dataset_1,full,maze,4
dataset_1,full,pinnacle,4
dataset_1,full,uneducated,4
dataset_1,full,1970,4
dataset_1,full,handful,4
dataset_1,full,oye,4
dataset_1,full,x1300,4
dataset_1,full,pci,4
dataset_1,full,viewing,4
dataset_1,full,warren,4
dataset_1,full,sloth,4
dataset_1,full,nactually,4
dataset_1,full,keith,4
dataset_1,full,malpractice,4
dataset_1,full,translator,4
dataset_1,full,unconditional,4
dataset_1,full,vba,4
dataset_1,full,unhealthy,4
dataset_1,full,dorm,4
dataset_1,full,ski,4
dataset_1,full,northwest,4
dataset_1,full,morals,4
dataset_1,full,gp,4
dataset_1,full,tallest,4
dataset_1,full,kobe,4
dataset_1,full,lebron,4
dataset_1,full,fuller,4
dataset_1,full,nokay,4
dataset_1,full,forgetting,4
dataset_1,full,onion,4
dataset_1,full,skiing,4
dataset_1,full,tags,4
dataset_1,full,describing,4
dataset_1,full,clueless,4
dataset_1,full,bidding,4
dataset_1,full,wigit,4
dataset_1,full,recommendation,4
dataset_1,full,paperwork,4
dataset_1,full,reaches,4
dataset_1,full,176,4
dataset_1,full,tr,4
dataset_1,full,wits,4
dataset_1,full,tundra,4
dataset_1,full,auras,4
dataset_1,full,hun,4
dataset_1,full,haploid,4
dataset_1,full,genome,4
dataset_1,full,rounds,4
dataset_1,full,blueprint,4
dataset_1,full,separates,4
dataset_1,full,exclusively,4
dataset_1,full,consuming,4
dataset_1,full,gpa,4
dataset_1,full,enjoyable,4
dataset_1,full,seats,4
dataset_1,full,jogging,4
dataset_1,full,mhz,4
dataset_1,full,obedient,4
dataset_1,full,hangs,4
dataset_1,full,battlefield,4
dataset_1,full,dialog,4
dataset_1,full,defragment,4
dataset_1,full,o'neil,4
dataset_1,full,marvin,4
dataset_1,full,receivers,4
dataset_1,full,fitzgerald,4
dataset_1,full,149,4
dataset_1,full,thee,4
dataset_1,full,criterion,4
dataset_1,full,wherein,4
dataset_1,full,entrepreneurs,4
dataset_1,full,partnership,4
dataset_1,full,tx,4
dataset_1,full,springs,4
dataset_1,full,darwinism,4
dataset_1,full,observer,4
dataset_1,full,explanations,4
dataset_1,full,player's,4
dataset_1,full,bombing,4
dataset_1,full,lecture,4
dataset_1,full,insane,4
dataset_1,full,indoor,4
dataset_1,full,vein,4
dataset_1,full,bachelor's,4
dataset_1,full,qualification,4
dataset_1,full,siblings,4
dataset_1,full,raiders,4
dataset_1,full,ignorance,4
dataset_1,full,mapping,4
dataset_1,full,freind,4
dataset_1,full,tyler,4
dataset_1,full,reagan,4
dataset_1,full,tub,4
dataset_1,full,outs,4
dataset_1,full,ide,4
dataset_1,full,exploitation,4
dataset_1,full,inbound,4
dataset_1,full,picks,4
dataset_1,full,annuities,4
dataset_1,full,quarterly,4
dataset_1,full,fielding,4
dataset_1,full,copywriter,4
dataset_1,full,outlets,4
dataset_1,full,profitability,4
dataset_1,full,futile,4
dataset_1,full,metabolic,4
dataset_1,full,eli,4
dataset_1,full,shoe,4
dataset_1,full,tablets,4
dataset_1,full,kilometers,4
dataset_1,full,washed,4
dataset_1,full,br,4
dataset_1,full,sil,4
dataset_1,full,adaptation,4
dataset_1,full,favoring,4
dataset_1,full,arrange,4
dataset_1,full,puck,4
dataset_1,full,bending,4
dataset_1,full,brittle,4
dataset_1,full,almighty,4
dataset_1,full,preferred,4
dataset_1,full,sumthing,4
dataset_1,full,stares,4
dataset_1,full,wether,4
dataset_1,full,estradiol,4
dataset_1,full,howe,4
dataset_1,full,religous,4
dataset_1,full,namerican,4
dataset_1,full,photography,4
dataset_1,full,philosophers,4
dataset_1,full,forty,4
dataset_1,full,nsong,4
dataset_1,full,adhere,4
dataset_1,full,17th,4
dataset_1,full,utility,4
dataset_1,full,trap,4
dataset_1,full,mu,4
dataset_1,full,associates,4
dataset_1,full,gossip,4
dataset_1,full,preschool,4
dataset_1,full,ceremonies,4
dataset_1,full,needing,4
dataset_1,full,nana,4
dataset_1,full,definitive,4
dataset_1,full,10c,4
dataset_1,full,nlooking,4
dataset_1,full,nnone,4
dataset_1,full,titration,4
dataset_1,full,1990s,4
dataset_1,full,1cc,4
dataset_1,full,primitive,4
dataset_1,full,implementation,4
dataset_1,full,ave,4
dataset_1,full,acquire,4
dataset_1,full,subsequent,4
dataset_1,full,convictions,4
dataset_1,full,tn,4
dataset_1,full,bigotry,4
dataset_1,full,intolerance,4
dataset_1,full,drowning,4
dataset_1,full,pimple,4
dataset_1,full,composing,4
dataset_1,full,switched,4
dataset_1,full,ultrasound,4
dataset_1,full,hypocrites,4
dataset_1,full,promising,4
dataset_1,full,tune,4
dataset_1,full,ghosts,4
dataset_1,full,ncan't,4
dataset_1,full,netflix,4
dataset_1,full,balcony,4
dataset_1,full,flaws,4
dataset_1,full,strengthens,4
dataset_1,full,nhe's,4
dataset_1,full,advertise,4
dataset_1,full,192,4
dataset_1,full,nos,4
dataset_1,full,dyspraxia,4
dataset_1,full,autism,4
dataset_1,full,tolerate,4
dataset_1,full,withdraw,4
dataset_1,full,commited,4
dataset_1,full,soulmate,4
dataset_1,full,matching,4
dataset_1,full,finances,4
dataset_1,full,bai,4
dataset_1,full,taxed,4
dataset_1,full,receipt,4
dataset_1,full,allied,4
dataset_1,full,virtue,4
dataset_1,full,grinding,4
dataset_1,full,pap,4
dataset_1,full,spinach,4
dataset_1,full,garlic,4
dataset_1,full,darker,4
dataset_1,full,hulk,4
dataset_1,full,bret,4
dataset_1,full,seminar,4
dataset_1,full,recessive,4
dataset_1,full,sufficiently,4
dataset_1,full,diary,4
dataset_1,full,ephedra,4
dataset_1,full,auburn,4
dataset_1,full,bastards,4
dataset_1,full,pseudo,4
dataset_1,full,researchers,4
dataset_1,full,projection,4
dataset_1,full,cyclic,4
dataset_1,full,photophosphorylation,4
dataset_1,full,nfree,4
dataset_1,full,perishable,4
dataset_1,full,scales,4
dataset_1,full,brutal,4
dataset_1,full,downs,4
dataset_1,full,custom,4
dataset_1,full,wears,4
dataset_1,full,nlastly,4
dataset_1,full,syphilis,4
dataset_1,full,displays,4
dataset_1,full,pisces's,4
dataset_1,full,influences,4
dataset_1,full,inflammatory,4
dataset_1,full,appliances,4
dataset_1,full,brushing,4
dataset_1,full,openly,4
dataset_1,full,nepal,4
dataset_1,full,gallons,4
dataset_1,full,it'd,4
dataset_1,full,overrated,4
dataset_1,full,25th,4
dataset_1,full,geographic,4
dataset_1,full,touches,4
dataset_1,full,nreview,4
dataset_1,full,vertical,4
dataset_1,full,rainfall,4
dataset_1,full,nplus,4
dataset_1,full,clocks,4
dataset_1,full,shortest,4
dataset_1,full,orbiting,4
dataset_1,full,catastrophic,4
dataset_1,full,sketch,4
dataset_1,full,a3,4
dataset_1,full,xvid,4
dataset_1,full,parentheses,4
dataset_1,full,covert,4
dataset_1,full,passengers,4
dataset_1,full,restarts,4
dataset_1,full,musicians,4
dataset_1,full,justin,4
dataset_1,full,fighters,4
dataset_1,full,lucy,4
dataset_1,full,lithium,4
dataset_1,full,debates,4
dataset_1,full,expanded,4
dataset_1,full,successive,4
dataset_1,full,nlive,4
dataset_1,full,nyoung,4
dataset_1,full,npop,4
dataset_1,full,artistic,4
dataset_1,full,respiration,4
dataset_1,full,dolls,4
dataset_1,full,descending,4
dataset_1,full,spectrophotometer,4
dataset_1,full,photometer,4
dataset_1,full,quantitative,4
dataset_1,full,exempt,4
dataset_1,full,1968,4
dataset_1,full,vb,4
dataset_1,full,revenue,4
dataset_1,full,occurring,4
dataset_1,full,nmore,4
dataset_1,full,vancouver,4
dataset_1,full,gilmore,4
dataset_1,full,m1,4
dataset_1,full,s2,4
dataset_1,full,translations,4
dataset_1,full,translators,4
dataset_1,full,biased,4
dataset_1,full,eventhough,4
dataset_1,full,congressman,4
dataset_1,full,solids,4
dataset_1,full,occupational,4
dataset_1,full,nsaudi,4
dataset_1,full,specs,4
dataset_1,full,psu,4
dataset_1,full,sic,4
dataset_1,full,bosses,4
dataset_1,full,vent,4
dataset_1,full,zeus,4
dataset_1,full,dug,4
dataset_1,full,nhra,4
dataset_1,full,winnings,4
dataset_1,full,heroin,4
dataset_1,full,185,4
dataset_1,full,ngetting,4
dataset_1,full,devotion,4
dataset_1,full,programmes,4
dataset_1,full,ssn,4
dataset_1,full,unnecessary,4
dataset_1,full,unemployed,4
dataset_1,full,songwriter,4
dataset_1,full,publications,4
dataset_1,full,promoted,4
dataset_1,full,mistaken,4
dataset_1,full,homosexual,4
dataset_1,full,scenery,4
dataset_1,full,multiprocessing,4
dataset_1,full,jared,4
dataset_1,full,crusade,4
dataset_1,full,bodily,4
dataset_1,full,defenders,4
dataset_1,full,imagined,4
dataset_1,full,bile,4
dataset_1,full,taskbar,4
dataset_1,full,luxembourg,4
dataset_1,full,congrats,4
dataset_1,full,focal,4
dataset_1,full,cheaters,4
dataset_1,full,trustworthy,4
dataset_1,full,terminology,4
dataset_1,full,sufism,4
dataset_1,full,traced,4
dataset_1,full,denote,4
dataset_1,full,animation,4
dataset_1,full,hippa,4
dataset_1,full,govt,4
dataset_1,full,insignia,4
dataset_1,full,widescreen,4
dataset_1,full,sudoku,4
dataset_1,full,nod32,4
dataset_1,full,avast,4
dataset_1,full,freedoms,4
dataset_1,full,wept,4
dataset_1,full,processed,4
dataset_1,full,mysterious,4
dataset_1,full,nsame,4
dataset_1,full,techno,4
dataset_1,full,hoops,4
dataset_1,full,messiah,4
dataset_1,full,indies,4
dataset_1,full,vmax,4
dataset_1,full,specialists,4
dataset_1,full,dec,4
dataset_1,full,switzerland,4
dataset_1,full,catcher,4
dataset_1,full,fairness,4
dataset_1,full,brokeback,4
dataset_1,full,expanding,4
dataset_1,full,wasn,4
dataset_1,full,sence,4
dataset_1,full,corvettes,4
dataset_1,full,crosses,4
dataset_1,full,inevitable,4
dataset_1,full,beneath,4
dataset_1,full,doubting,4
dataset_1,full,aachen,4
dataset_1,full,gel,4
dataset_1,full,jackpot,4
dataset_1,full,650,4
dataset_1,full,complaining,4
dataset_1,full,mornings,4
dataset_1,full,hasnt,4
dataset_1,full,dragon,4
dataset_1,full,nmon,4
dataset_1,full,bermuda,4
dataset_1,full,07,4
dataset_1,full,insider,4
dataset_1,full,exponents,4
dataset_1,full,booted,4
dataset_1,full,swimmer,4
dataset_1,full,fisher,4
dataset_1,full,defensive,4
dataset_1,full,pete,4
dataset_1,full,chocolates,4
dataset_1,full,whitney,4
dataset_1,full,dope,4
dataset_1,full,unsure,4
dataset_1,full,menstrual,4
dataset_1,full,byte,4
dataset_1,full,fairest,4
dataset_1,full,dancer,4
dataset_1,full,butterfly,4
dataset_1,full,73,4
dataset_1,full,nacl,4
dataset_1,full,limbic,4
dataset_1,full,psychotherapy,4
dataset_1,full,migraine,4
dataset_1,full,macbook,4
dataset_1,full,heavily,4
dataset_1,full,112,4
dataset_1,full,marble,4
dataset_1,full,pickle,4
dataset_1,full,toy,4
dataset_1,full,consistently,4
dataset_1,full,marital,4
dataset_1,full,objectives,4
dataset_1,full,achiever,4
dataset_1,full,ville,4
dataset_1,full,sexier,4
dataset_1,full,beacon,4
dataset_1,full,outrageous,4
dataset_1,full,situps,4
dataset_1,full,nthus,4
dataset_1,full,thumbs,4
dataset_1,full,errands,4
dataset_1,full,enlisted,4
dataset_1,full,celtic,4
dataset_1,full,nsugar,4
dataset_1,full,nshake,4
dataset_1,full,gorillaz,4
dataset_1,full,utilities,4
dataset_1,full,refinance,4
dataset_1,full,rumored,4
dataset_1,full,energies,4
dataset_1,full,neighborhoods,4
dataset_1,full,ridge,4
dataset_1,full,mosaic,4
dataset_1,full,shockey,4
dataset_1,full,stanley,4
dataset_1,full,wingers,4
dataset_1,full,kim,4
dataset_1,full,sa,4
dataset_1,full,badminton,4
dataset_1,full,netweaver,4
dataset_1,full,ssp,4
dataset_1,full,disco,4
dataset_1,full,consistent,4
dataset_1,full,ncould,4
dataset_1,full,gather,4
dataset_1,full,italia,4
dataset_1,full,coconuts,4
dataset_1,full,harvested,4
dataset_1,full,ist,4
dataset_1,full,nail,4
dataset_1,full,proxies,4
dataset_1,full,nshes,4
dataset_1,full,nickles,4
dataset_1,full,mavs,4
dataset_1,full,feather,4
dataset_1,full,pillows,4
dataset_1,full,inf,4
dataset_1,full,slip,4
dataset_1,full,ntalk,4
dataset_1,full,gsm,4
dataset_1,full,comp128,4
dataset_1,full,peruvian,4
dataset_1,full,crystalline,4
dataset_1,full,pid,4
dataset_1,full,893,4
dataset_1,full,parameter,4
dataset_1,full,investors,4
dataset_1,full,gangs,4
dataset_1,full,melon,4
dataset_1,full,enjoyed,4
dataset_1,full,laundering,4
dataset_1,full,upright,4
dataset_1,full,vocal,4
dataset_1,full,correlation,4
dataset_1,full,innocents,4
dataset_1,full,lia,4
dataset_1,full,sophia,4
dataset_1,full,specials,4
dataset_1,full,expanse,4
dataset_1,full,perforated,4
dataset_1,full,ques,4
dataset_1,full,hagler,4
dataset_1,full,giraffe,4
dataset_1,full,elephant,4
dataset_1,full,cardo,4
dataset_1,full,wha,4
dataset_1,full,aneurysm,4
dataset_1,full,micrometer,4
dataset_1,full,aq,4
dataset_1,full,mols,4
dataset_1,full,medicare,4
dataset_1,full,eubank,4
dataset_1,full,therapies,4
dataset_1,full,assuage,4
dataset_1,full,customs,4
dataset_1,full,mason,4
dataset_1,full,nk,4
dataset_1,full,clockwise,4
dataset_1,full,gall,4
dataset_1,full,danish,4
dataset_1,full,nsoftware,4
dataset_1,full,kurt,4
dataset_1,full,'free',4
dataset_1,full,3p,4
dataset_1,full,rented,4
dataset_1,full,sweden,4
dataset_1,full,gluttony,4
dataset_1,full,50th,4
dataset_1,full,pelican,4
dataset_1,full,methanol,4
dataset_1,full,towel,4
dataset_1,full,revelations,4
dataset_1,full,inhale,4
dataset_1,full,matings,4
dataset_1,full,unicycles,4
dataset_1,full,iju,4
dataset_1,full,ltu,4
dataset_1,full,pri,4
dataset_1,full,sanook,4
dataset_1,full,scammer,4
dataset_1,full,richie,4
dataset_1,full,machining,4
dataset_1,full,upstanding,4
dataset_1,full,samples,4
dataset_1,full,preacher,4
dataset_1,full,podemos,4
dataset_1,full,nebula,4
dataset_1,full,macewen,4
dataset_1,full,entertained,4
dataset_1,full,khadija,4
dataset_1,full,firstly,4
dataset_1,full,nude,4
dataset_1,full,eraction,4
dataset_1,full,1048,4
dataset_1,full,1855,4
dataset_1,full,poseidon,4
dataset_1,full,academy,4
dataset_1,full,incest,4
dataset_1,full,smps,4
dataset_1,full,defrag,4
dataset_1,full,menhaden,4
dataset_1,full,chlorination,4
dataset_1,full,neasy,4
dataset_1,full,wiggle,4
dataset_1,full,commisioning,4
dataset_1,full,alternator,4
dataset_1,full,convection,4
dataset_1,full,perceptions,4
dataset_1,full,1kg,4
dataset_1,full,5kg,4
dataset_1,full,compress,3
dataset_1,full,shrink,3
dataset_1,full,roxio,3
dataset_1,full,nimagine,3
dataset_1,full,nanti,3
dataset_1,full,precisely,3
dataset_1,full,sensual,3
dataset_1,full,men's,3
dataset_1,full,abandonment,3
dataset_1,full,friendships,3
dataset_1,full,disrespect,3
dataset_1,full,conditioned,3
dataset_1,full,interviewed,3
dataset_1,full,interviews,3
dataset_1,full,dudes,3
dataset_1,full,amend,3
dataset_1,full,lays,3
dataset_1,full,whereby,3
dataset_1,full,likewise,3
dataset_1,full,justifying,3
dataset_1,full,unified,3
dataset_1,full,nuser,3
dataset_1,full,graphical,3
dataset_1,full,explore,3
dataset_1,full,nprovide,3
dataset_1,full,strategic,3
dataset_1,full,automate,3
dataset_1,full,webcam,3
dataset_1,full,urinal,3
dataset_1,full,convict,3
dataset_1,full,cheerleaders,3
dataset_1,full,streak,3
dataset_1,full,1986,3
dataset_1,full,titanium,3
dataset_1,full,bromine,3
dataset_1,full,soviet,3
dataset_1,full,g8,3
dataset_1,full,currency,3
dataset_1,full,dozen,3
dataset_1,full,bashing,3
dataset_1,full,dont',3
dataset_1,full,challenged,3
dataset_1,full,monotheistic,3
dataset_1,full,faiths,3
dataset_1,full,pillars,3
dataset_1,full,oddly,3
dataset_1,full,wipes,3
dataset_1,full,troubles,3
dataset_1,full,claus,3
dataset_1,full,canon,3
dataset_1,full,gospels,3
dataset_1,full,congregation,3
dataset_1,full,albany,3
dataset_1,full,backed,3
dataset_1,full,crashed,3
dataset_1,full,tray,3
dataset_1,full,confession,3
dataset_1,full,repetitive,3
dataset_1,full,basicly,3
dataset_1,full,guards,3
dataset_1,full,manchester,3
dataset_1,full,glance,3
dataset_1,full,pardon,3
dataset_1,full,publishes,3
dataset_1,full,proposes,3
dataset_1,full,writings,3
dataset_1,full,observations,3
dataset_1,full,representative,3
dataset_1,full,1762,3
dataset_1,full,1783,3
dataset_1,full,treaties,3
dataset_1,full,1787,3
dataset_1,full,suppliment,3
dataset_1,full,injections,3
dataset_1,full,evolutionary,3
dataset_1,full,prokaryotes,3
dataset_1,full,incidents,3
dataset_1,full,nunfortunately,3
dataset_1,full,usama,3
dataset_1,full,injustice,3
dataset_1,full,cain,3
dataset_1,full,initiate,3
dataset_1,full,packages,3
dataset_1,full,scheduling,3
dataset_1,full,yummy,3
dataset_1,full,thrill,3
dataset_1,full,sinks,3
dataset_1,full,spit,3
dataset_1,full,chipset,3
dataset_1,full,poachers,3
dataset_1,full,predators,3
dataset_1,full,illegally,3
dataset_1,full,furs,3
dataset_1,full,recomend,3
dataset_1,full,daughter's,3
dataset_1,full,wires,3
dataset_1,full,needless,3
dataset_1,full,abc,3
dataset_1,full,mohamed,3
dataset_1,full,thailand,3
dataset_1,full,saliva,3
dataset_1,full,newest,3
dataset_1,full,pasture,3
dataset_1,full,publication,3
dataset_1,full,livestock,3
dataset_1,full,compounded,3
dataset_1,full,pores,3
dataset_1,full,starches,3
dataset_1,full,grasses,3
dataset_1,full,forage,3
dataset_1,full,deprived,3
dataset_1,full,vulnerable,3
dataset_1,full,weaken,3
dataset_1,full,athlete,3
dataset_1,full,irritated,3
dataset_1,full,examined,3
dataset_1,full,rhyme,3
dataset_1,full,dreamt,3
dataset_1,full,nfull,3
dataset_1,full,charities,3
dataset_1,full,encounters,3
dataset_1,full,wrestlemania,3
dataset_1,full,undefeated,3
dataset_1,full,counted,3
dataset_1,full,borrower,3
dataset_1,full,correspondence,3
dataset_1,full,cancelled,3
dataset_1,full,haveing,3
dataset_1,full,121,3
dataset_1,full,boundary,3
dataset_1,full,negotiate,3
dataset_1,full,decompression,3
dataset_1,full,enabled,3
dataset_1,full,probabilities,3
dataset_1,full,sucking,3
dataset_1,full,ks,3
dataset_1,full,universes,3
dataset_1,full,cv,3
dataset_1,full,agnee,3
dataset_1,full,veena,3
dataset_1,full,bitchy,3
dataset_1,full,2yrs,3
dataset_1,full,proficiency,3
dataset_1,full,677,3
dataset_1,full,administered,3
dataset_1,full,twe,3
dataset_1,full,notable,3
dataset_1,full,improvements,3
dataset_1,full,committees,3
dataset_1,full,213,3
dataset_1,full,assistants,3
dataset_1,full,emergence,3
dataset_1,full,indicator,3
dataset_1,full,quits,3
dataset_1,full,duped,3
dataset_1,full,grudge,3
dataset_1,full,usa's,3
dataset_1,full,mindlessly,3
dataset_1,full,overlooked,3
dataset_1,full,5'2,3
dataset_1,full,satisfies,3
dataset_1,full,fertility,3
dataset_1,full,converting,3
dataset_1,full,absorbed,3
dataset_1,full,inmate's,3
dataset_1,full,cdc,3
dataset_1,full,anxieties,3
dataset_1,full,cockroach,3
dataset_1,full,lik,3
dataset_1,full,positives,3
dataset_1,full,opera,3
dataset_1,full,hmmmm,3
dataset_1,full,planted,3
dataset_1,full,suppossed,3
dataset_1,full,fuzzy,3
dataset_1,full,upgrades,3
dataset_1,full,upgraded,3
dataset_1,full,unwilling,3
dataset_1,full,duncan,3
dataset_1,full,decani,3
dataset_1,full,commerce,3
dataset_1,full,coupons,3
dataset_1,full,ntwo,3
dataset_1,full,adventures,3
dataset_1,full,sundays,3
dataset_1,full,tiandsteph,3
dataset_1,full,grics,3
dataset_1,full,leagues,3
dataset_1,full,cheapest,3
dataset_1,full,implications,3
dataset_1,full,rodent,3
dataset_1,full,pigs,3
dataset_1,full,prissy,3
dataset_1,full,toda,3
dataset_1,full,ella,3
dataset_1,full,celeron,3
dataset_1,full,p4,3
dataset_1,full,laptops,3
dataset_1,full,1gb,3
dataset_1,full,slaps,3
dataset_1,full,connick,3
dataset_1,full,hebrews,3
dataset_1,full,coworkers,3
dataset_1,full,inferior,3
dataset_1,full,dehydrated,3
dataset_1,full,perimeter,3
dataset_1,full,halves,3
dataset_1,full,retail,3
dataset_1,full,securing,3
dataset_1,full,acknowledging,3
dataset_1,full,alas,3
dataset_1,full,comps,3
dataset_1,full,commodity,3
dataset_1,full,wholesale,3
dataset_1,full,700,3
dataset_1,full,limb,3
dataset_1,full,timid,3
dataset_1,full,washes,3
dataset_1,full,absorbing,3
dataset_1,full,neurotransmitter,3
dataset_1,full,irresponsible,3
dataset_1,full,becuz,3
dataset_1,full,drastically,3
dataset_1,full,nid,3
dataset_1,full,polo,3
dataset_1,full,driver's,3
dataset_1,full,eyebrows,3
dataset_1,full,aquarium,3
dataset_1,full,thoughtful,3
dataset_1,full,godly,3
dataset_1,full,n2x,3
dataset_1,full,w2,3
dataset_1,full,cooler,3
dataset_1,full,quieter,3
dataset_1,full,talents,3
dataset_1,full,referee,3
dataset_1,full,prick,3
dataset_1,full,patriotism,3
dataset_1,full,endless,3
dataset_1,full,corinthians,3
dataset_1,full,nhold,3
dataset_1,full,genocide,3
dataset_1,full,subtraction,3
dataset_1,full,marie,3
dataset_1,full,bins,3
dataset_1,full,moby,3
dataset_1,full,neverything,3
dataset_1,full,psych,3
dataset_1,full,psychiatry,3
dataset_1,full,deem,3
dataset_1,full,barriers,3
dataset_1,full,counselling,3
dataset_1,full,begging,3
dataset_1,full,atspace,3
dataset_1,full,frontpage,3
dataset_1,full,son's,3
dataset_1,full,team's,3
dataset_1,full,limbaugh,3
dataset_1,full,intern,3
dataset_1,full,overlooking,3
dataset_1,full,mighty,3
dataset_1,full,premier,3
dataset_1,full,crois,3
dataset_1,full,1930,3
dataset_1,full,micheal,3
dataset_1,full,booth,3
dataset_1,full,prophesy,3
dataset_1,full,nopening,3
dataset_1,full,constantine,3
dataset_1,full,otto,3
dataset_1,full,vladimir,3
dataset_1,full,napoleon,3
dataset_1,full,gag,3
dataset_1,full,foremost,3
dataset_1,full,expatriate,3
dataset_1,full,lm1,3
dataset_1,full,sexualy,3
dataset_1,full,shuts,3
dataset_1,full,reset,3
dataset_1,full,disconnect,3
dataset_1,full,metacognition,3
dataset_1,full,implicit,3
dataset_1,full,marcus,3
dataset_1,full,archive,3
dataset_1,full,feathers,3
dataset_1,full,lodestones,3
dataset_1,full,compass,3
dataset_1,full,dynasty,3
dataset_1,full,shortened,3
dataset_1,full,magnete,3
dataset_1,full,cardano,3
dataset_1,full,dismissed,3
dataset_1,full,dip,3
dataset_1,full,norman,3
dataset_1,full,glow,3
dataset_1,full,jar,3
dataset_1,full,lined,3
dataset_1,full,clerk,3
dataset_1,full,histogram,3
dataset_1,full,rectangular,3
dataset_1,full,chewed,3
dataset_1,full,hooves,3
dataset_1,full,rightly,3
dataset_1,full,senses,3
dataset_1,full,hack,3
dataset_1,full,ostrich,3
dataset_1,full,farmers,3
dataset_1,full,decay,3
dataset_1,full,navigate,3
dataset_1,full,trains,3
dataset_1,full,mathematically,3
dataset_1,full,nfc,3
dataset_1,full,celtics,3
dataset_1,full,reggie,3
dataset_1,full,cult,3
dataset_1,full,killers,3
dataset_1,full,yellowstone,3
dataset_1,full,supervolcano,3
dataset_1,full,magma,3
dataset_1,full,severely,3
dataset_1,full,coined,3
dataset_1,full,dwell,3
dataset_1,full,swords,3
dataset_1,full,lookin,3
dataset_1,full,developers,3
dataset_1,full,discussing,3
dataset_1,full,amistad,3
dataset_1,full,replica,3
dataset_1,full,disks,3
dataset_1,full,taxpayers,3
dataset_1,full,90s,3
dataset_1,full,gastric,3
dataset_1,full,considerations,3
dataset_1,full,referral,3
dataset_1,full,devoted,3
dataset_1,full,pursuit,3
dataset_1,full,subset,3
dataset_1,full,dressing,3
dataset_1,full,alzheimer's,3
dataset_1,full,npresident,3
dataset_1,full,qualifies,3
dataset_1,full,chivas,3
dataset_1,full,toluca,3
dataset_1,full,tamil,3
dataset_1,full,storms,3
dataset_1,full,bifida,3
dataset_1,full,hers,3
dataset_1,full,infested,3
dataset_1,full,camino,3
dataset_1,full,shotgun,3
dataset_1,full,whistle,3
dataset_1,full,walcott,3
dataset_1,full,brazilians,3
dataset_1,full,lu,3
dataset_1,full,rio,3
dataset_1,full,wheels,3
dataset_1,full,arrival,3
dataset_1,full,blondes,3
dataset_1,full,goalkeeper,3
dataset_1,full,521,3
dataset_1,full,census,3
dataset_1,full,pla2,3
dataset_1,full,neurotransmitters,3
dataset_1,full,tolerant,3
dataset_1,full,compensate,3
dataset_1,full,gums,3
dataset_1,full,occasions,3
dataset_1,full,geometry,3
dataset_1,full,descendants,3
dataset_1,full,ham,3
dataset_1,full,ezekiel,3
dataset_1,full,babylon,3
dataset_1,full,beause,3
dataset_1,full,dishonest,3
dataset_1,full,writes,3
dataset_1,full,00pm,3
dataset_1,full,licence,3
dataset_1,full,programmed,3
dataset_1,full,mayer,3
dataset_1,full,microscopic,3
dataset_1,full,juvenile,3
dataset_1,full,licks,3
dataset_1,full,krauthammer,3
dataset_1,full,nlet's,3
dataset_1,full,boats,3
dataset_1,full,turin,3
dataset_1,full,carron,3
dataset_1,full,monks,3
dataset_1,full,pearl,3
dataset_1,full,destroying,3
dataset_1,full,probally,3
dataset_1,full,nun,3
dataset_1,full,buddha,3
dataset_1,full,revolves,3
dataset_1,full,immigrant,3
dataset_1,full,farmer,3
dataset_1,full,roy,3
dataset_1,full,optimistic,3
dataset_1,full,lok,3
dataset_1,full,paritran,3
dataset_1,full,luxurious,3
dataset_1,full,prosperity,3
dataset_1,full,nut,3
dataset_1,full,2f,3
dataset_1,full,4f,3
dataset_1,full,coldest,3
dataset_1,full,damaging,3
dataset_1,full,warmer,3
dataset_1,full,phanerozoic,3
dataset_1,full,fluctuating,3
dataset_1,full,relieve,3
dataset_1,full,infertility,3
dataset_1,full,developes,3
dataset_1,full,stabbing,3
dataset_1,full,sufferers,3
dataset_1,full,approached,3
dataset_1,full,standpoint,3
dataset_1,full,preserving,3
dataset_1,full,illiterate,3
dataset_1,full,misspelled,3
dataset_1,full,occasional,3
dataset_1,full,clauses,3
dataset_1,full,paraguay,3
dataset_1,full,vida,3
dataset_1,full,geographically,3
dataset_1,full,mouths,3
dataset_1,full,bleaching,3
dataset_1,full,folic,3
dataset_1,full,abstinence,3
dataset_1,full,excellence,3
dataset_1,full,addiction,3
dataset_1,full,melted,3
dataset_1,full,spice,3
dataset_1,full,sums,3
dataset_1,full,mla,3
dataset_1,full,takeing,3
dataset_1,full,capabilities,3
dataset_1,full,pc's,3
dataset_1,full,gesture,3
dataset_1,full,dominated,3
dataset_1,full,ark,3
dataset_1,full,nduring,3
dataset_1,full,weightlifting,3
dataset_1,full,obscure,3
dataset_1,full,beforehand,3
dataset_1,full,ownership,3
dataset_1,full,casually,3
dataset_1,full,advices,3
dataset_1,full,nselect,3
dataset_1,full,afi,3
dataset_1,full,horny,3
dataset_1,full,explosive,3
dataset_1,full,pavement,3
dataset_1,full,restraining,3
dataset_1,full,ordinary,3
dataset_1,full,simultaneously,3
dataset_1,full,syndication,3
dataset_1,full,contagious,3
dataset_1,full,disappointed,3
dataset_1,full,decorated,3
dataset_1,full,legacy,3
dataset_1,full,invading,3
dataset_1,full,valentines,3
dataset_1,full,benn,3
dataset_1,full,sould,3
dataset_1,full,represented,3
dataset_1,full,pit',3
dataset_1,full,exalted,3
dataset_1,full,deeds,3
dataset_1,full,pit,3
dataset_1,full,borne,3
dataset_1,full,horrific,3
dataset_1,full,nancy,3
dataset_1,full,alphabets,3
dataset_1,full,ps,3
dataset_1,full,106,3
dataset_1,full,erotica,3
dataset_1,full,controversial,3
dataset_1,full,vivid,3
dataset_1,full,strengthen,3
dataset_1,full,desirable,3
dataset_1,full,winxp,3
dataset_1,full,preservation,3
dataset_1,full,efficiency,3
dataset_1,full,microsoft's,3
dataset_1,full,ocurrence,3
dataset_1,full,occurrence,3
dataset_1,full,nmean,3
dataset_1,full,ocurrences,3
dataset_1,full,spaced,3
dataset_1,full,occurrences,3
dataset_1,full,samson,3
dataset_1,full,pirate,3
dataset_1,full,prolonged,3
dataset_1,full,whey,3
dataset_1,full,inserting,3
dataset_1,full,yahoo's,3
dataset_1,full,weighed,3
dataset_1,full,inherited,3
dataset_1,full,sammy,3
dataset_1,full,reallly,3
dataset_1,full,bothering,3
dataset_1,full,carrots,3
dataset_1,full,grains,3
dataset_1,full,nfruits,3
dataset_1,full,n100,3
dataset_1,full,digest,3
dataset_1,full,instincts,3
dataset_1,full,tectonic,3
dataset_1,full,pleasing,3
dataset_1,full,extract,3
dataset_1,full,sanitary,3
dataset_1,full,sterile,3
dataset_1,full,nopen,3
dataset_1,full,ois,3
dataset_1,full,n2001,3
dataset_1,full,colin,3
dataset_1,full,n1997,3
dataset_1,full,miguel,3
dataset_1,full,questioned,3
dataset_1,full,sorting,3
dataset_1,full,sorted,3
dataset_1,full,delivers,3
dataset_1,full,waitress,3
dataset_1,full,nothers,3
dataset_1,full,overdue,3
dataset_1,full,ingredient,3
dataset_1,full,fen,3
dataset_1,full,prescribed,3
dataset_1,full,1976,3
dataset_1,full,veterans,3
dataset_1,full,reed,3
dataset_1,full,vets,3
dataset_1,full,spaceship,3
dataset_1,full,minorities,3
dataset_1,full,384,3
dataset_1,full,horry,3
dataset_1,full,sync,3
dataset_1,full,posts,3
dataset_1,full,wizard,3
dataset_1,full,adjusted,3
dataset_1,full,refugees,3
dataset_1,full,nicotine,3
dataset_1,full,watered,3
dataset_1,full,differnt,3
dataset_1,full,snowboarding,3
dataset_1,full,snowboard,3
dataset_1,full,completly,3
dataset_1,full,agrivated,3
dataset_1,full,tryed,3
dataset_1,full,realationship,3
dataset_1,full,cola,3
dataset_1,full,selective,3
dataset_1,full,ruthless,3
dataset_1,full,compassionate,3
dataset_1,full,imperial,3
dataset_1,full,sig,3
dataset_1,full,nash,3
dataset_1,full,degenerating,3
dataset_1,full,polluted,3
dataset_1,full,rainforest,3
dataset_1,full,fyi,3
dataset_1,full,incline,3
dataset_1,full,posession,3
dataset_1,full,educate,3
dataset_1,full,dosnt,3
dataset_1,full,whip,3
dataset_1,full,superstars,3
dataset_1,full,holly,3
dataset_1,full,nitro,3
dataset_1,full,ross,3
dataset_1,full,garcia,3
dataset_1,full,patrick,3
dataset_1,full,televised,3
dataset_1,full,survivor,3
dataset_1,full,libertarianism,3
dataset_1,full,ol',3
dataset_1,full,faire,3
dataset_1,full,humidity,3
dataset_1,full,melt,3
dataset_1,full,mcphee,3
dataset_1,full,regained,3
dataset_1,full,jeb,3
dataset_1,full,quincy,3
dataset_1,full,nomination,3
dataset_1,full,extremist,3
dataset_1,full,writen,3
dataset_1,full,curvature,3
dataset_1,full,untrue,3
dataset_1,full,entertain,3
dataset_1,full,thankfully,3
dataset_1,full,evolutionists,3
dataset_1,full,correctness,3
dataset_1,full,remotely,3
dataset_1,full,ufo,3
dataset_1,full,sighting,3
dataset_1,full,electro,3
dataset_1,full,arnold,3
dataset_1,full,sightings,3
dataset_1,full,travis,3
dataset_1,full,barney,3
dataset_1,full,ne1,3
dataset_1,full,fallopian,3
dataset_1,full,smarter,3
dataset_1,full,110,3
dataset_1,full,writ,3
dataset_1,full,crane,3
dataset_1,full,sternum,3
dataset_1,full,vampires,3
dataset_1,full,acne,3
dataset_1,full,prescribe,3
dataset_1,full,stripper,3
dataset_1,full,rubbish,3
dataset_1,full,wakes,3
dataset_1,full,divorces,3
dataset_1,full,nenter,3
dataset_1,full,slut,3
dataset_1,full,inviting,3
dataset_1,full,nova,3
dataset_1,full,scanning,3
dataset_1,full,goodness,3
dataset_1,full,scriptures,3
dataset_1,full,matthias,3
dataset_1,full,judas,3
dataset_1,full,restoration,3
dataset_1,full,transformation,3
dataset_1,full,imply,3
dataset_1,full,purity,3
dataset_1,full,villains,3
dataset_1,full,prophecy,3
dataset_1,full,integral,3
dataset_1,full,transformed,3
dataset_1,full,nationwide,3
dataset_1,full,acres,3
dataset_1,full,lawns,3
dataset_1,full,conserve,3
dataset_1,full,sloppy,3
dataset_1,full,outlawed,3
dataset_1,full,congressmen,3
dataset_1,full,circles,3
dataset_1,full,francisco,3
dataset_1,full,recognise,3
dataset_1,full,marco,3
dataset_1,full,reinstalling,3
dataset_1,full,tru,3
dataset_1,full,providers,3
dataset_1,full,gourmet,3
dataset_1,full,wrapped,3
dataset_1,full,volunteers,3
dataset_1,full,nvr,3
dataset_1,full,hines,3
dataset_1,full,wr,3
dataset_1,full,liek,3
dataset_1,full,amino,3
dataset_1,full,contry,3
dataset_1,full,3133,3
dataset_1,full,appraised,3
dataset_1,full,resulted,3
dataset_1,full,injure,3
dataset_1,full,lawsuit,3
dataset_1,full,culprit,3
dataset_1,full,experian,3
dataset_1,full,ar,3
dataset_1,full,gt,3
dataset_1,full,sprint,3
dataset_1,full,nuse,3
dataset_1,full,tata,3
dataset_1,full,indicom,3
dataset_1,full,hyped,3
dataset_1,full,neptune,3
dataset_1,full,earliest,3
dataset_1,full,2800,3
dataset_1,full,hu,3
dataset_1,full,beyonce,3
dataset_1,full,ngive,3
dataset_1,full,spirited,3
dataset_1,full,films,3
dataset_1,full,optimization,3
dataset_1,full,illumination,3
dataset_1,full,relevent,3
dataset_1,full,10m,3
dataset_1,full,arctan,3
dataset_1,full,delhi,3
dataset_1,full,facial,3
dataset_1,full,tupperware,3
dataset_1,full,n29,3
dataset_1,full,n31,3
dataset_1,full,n33,3
dataset_1,full,n34,3
dataset_1,full,n35,3
dataset_1,full,n37,3
dataset_1,full,mcdonalds,3
dataset_1,full,n38,3
dataset_1,full,n39,3
dataset_1,full,vatican,3
dataset_1,full,bibles,3
dataset_1,full,clause,3
dataset_1,full,respecting,3
dataset_1,full,whore,3
dataset_1,full,watchers,3
dataset_1,full,thaught,3
dataset_1,full,scott,3
dataset_1,full,nrobbie,3
dataset_1,full,granddad,3
dataset_1,full,145,3
dataset_1,full,ndiet,3
dataset_1,full,dearly,3
dataset_1,full,deck,3
dataset_1,full,knights,3
dataset_1,full,armor,3
dataset_1,full,distraction,3
dataset_1,full,ssris,3
dataset_1,full,paxil,3
dataset_1,full,inhibited,3
dataset_1,full,unofficial,3
dataset_1,full,632,3
dataset_1,full,vp,3
dataset_1,full,stepped,3
dataset_1,full,rebuild,3
dataset_1,full,fishy,3
dataset_1,full,mohammad,3
dataset_1,full,coating,3
dataset_1,full,unpleasant,3
dataset_1,full,dominican,3
dataset_1,full,electronically,3
dataset_1,full,77,3
dataset_1,full,trespassers,3
dataset_1,full,weakest,3
dataset_1,full,outsourcing,3
dataset_1,full,understandable,3
dataset_1,full,circumcised,3
dataset_1,full,penetration,3
dataset_1,full,distract,3
dataset_1,full,lakers,3
dataset_1,full,clippers,3
dataset_1,full,mindset,3
dataset_1,full,hardened,3
dataset_1,full,belgium,3
dataset_1,full,collar,3
dataset_1,full,unusually,3
dataset_1,full,extremes,3
dataset_1,full,npower,3
dataset_1,full,gargamel,3
dataset_1,full,grandpa,3
dataset_1,full,comic,3
dataset_1,full,unattractive,3
dataset_1,full,seductive,3
dataset_1,full,pity,3
dataset_1,full,teased,3
dataset_1,full,chaos,3
dataset_1,full,poet,3
dataset_1,full,blinded,3
dataset_1,full,establishing,3
dataset_1,full,sack,3
dataset_1,full,wi,3
dataset_1,full,dimensions,3
dataset_1,full,backward,3
dataset_1,full,tangible,3
dataset_1,full,asset,3
dataset_1,full,comets,3
dataset_1,full,imageready,3
dataset_1,full,tackle,3
dataset_1,full,freinds,3
dataset_1,full,grill,3
dataset_1,full,slowed,3
dataset_1,full,recovering,3
dataset_1,full,'fat,3
dataset_1,full,humorous,3
dataset_1,full,tomarrow,3
dataset_1,full,tryouts,3
dataset_1,full,authentic,3
dataset_1,full,geeks,3
dataset_1,full,squeeze,3
dataset_1,full,bisexual,3
dataset_1,full,courthouse,3
dataset_1,full,mystic,3
dataset_1,full,specialize,3
dataset_1,full,mystical,3
dataset_1,full,louder,3
dataset_1,full,humour,3
dataset_1,full,misplaced,3
dataset_1,full,clogged,3
dataset_1,full,voluntary,3
dataset_1,full,ambulance,3
dataset_1,full,organelles,3
dataset_1,full,bas,3
dataset_1,full,encore,3
dataset_1,full,qu'il,3
dataset_1,full,bon,3
dataset_1,full,npour,3
dataset_1,full,aussi,3
dataset_1,full,pliers,3
dataset_1,full,homo,3
dataset_1,full,y'all,3
dataset_1,full,breakin',3
dataset_1,full,cpa,3
dataset_1,full,boo,3
dataset_1,full,pageant,3
dataset_1,full,competing,3
dataset_1,full,actresses,3
dataset_1,full,libya,3
dataset_1,full,slipping,3
dataset_1,full,centripetal,3
dataset_1,full,burgundy,3
dataset_1,full,desperately,3
dataset_1,full,england's,3
dataset_1,full,worded,3
dataset_1,full,carbons,3
dataset_1,full,simplest,3
dataset_1,full,openings,3
dataset_1,full,stern,3
dataset_1,full,googled,3
dataset_1,full,surprising,3
dataset_1,full,rss,3
dataset_1,full,flickr,3
dataset_1,full,napster,3
dataset_1,full,ndomain,3
dataset_1,full,scraping,3
dataset_1,full,gracie,3
dataset_1,full,hughes,3
dataset_1,full,deported,3
dataset_1,full,crossing,3
dataset_1,full,supplier,3
dataset_1,full,flood,3
dataset_1,full,uphill,3
dataset_1,full,sued,3
dataset_1,full,enforced,3
dataset_1,full,pronounce,3
dataset_1,full,chill,3
dataset_1,full,cassette,3
dataset_1,full,vocals,3
dataset_1,full,cavemen,3
dataset_1,full,ancestor,3
dataset_1,full,mabey,3
dataset_1,full,emit,3
dataset_1,full,belonged,3
dataset_1,full,fonda,3
dataset_1,full,insult,3
dataset_1,full,ron,3
dataset_1,full,expiration,3
dataset_1,full,nlocations,3
dataset_1,full,53,3
dataset_1,full,necklace,3
dataset_1,full,thinner,3
dataset_1,full,dt,3
dataset_1,full,arbitrary,3
dataset_1,full,buoyancy,3
dataset_1,full,symtoms,3
dataset_1,full,anus,3
dataset_1,full,urination,3
dataset_1,full,pus,3
dataset_1,full,yuck,3
dataset_1,full,gathering,3
dataset_1,full,iau,3
dataset_1,full,immersion,3
dataset_1,full,morally,3
dataset_1,full,populous,3
dataset_1,full,migration,3
dataset_1,full,hating,3
dataset_1,full,dr's,3
dataset_1,full,nprayers,3
dataset_1,full,cobb,3
dataset_1,full,warn,3
dataset_1,full,builders,3
dataset_1,full,commonwealth,3
dataset_1,full,unbalanced,3
dataset_1,full,rejects,3
dataset_1,full,handedness,3
dataset_1,full,prenatal,3
dataset_1,full,ovary,3
dataset_1,full,seventy,3
dataset_1,full,geometric,3
dataset_1,full,nmine,3
dataset_1,full,symbolizes,3
dataset_1,full,sworn,3
dataset_1,full,n65,3
dataset_1,full,vouch,3
dataset_1,full,serbia,3
dataset_1,full,montenegro,3
dataset_1,full,gills,3
dataset_1,full,neighboring,3
dataset_1,full,hateful,3
dataset_1,full,admits,3
dataset_1,full,mandrake,3
dataset_1,full,wd,3
dataset_1,full,committment,3
dataset_1,full,cologne,3
dataset_1,full,hilarious,3
dataset_1,full,shutting,3
dataset_1,full,jolly,3
dataset_1,full,rocket,3
dataset_1,full,nalmost,3
dataset_1,full,nstill,3
dataset_1,full,slaughtered,3
dataset_1,full,funk,3
dataset_1,full,rhythm,3
dataset_1,full,baron,3
dataset_1,full,germs,3
dataset_1,full,40's,3
dataset_1,full,advertised,3
dataset_1,full,uncovered,3
dataset_1,full,lurking,3
dataset_1,full,immense,3
dataset_1,full,checker,3
dataset_1,full,tylenol,3
dataset_1,full,ambien,3
dataset_1,full,ancestry,3
dataset_1,full,techs,3
dataset_1,full,ceiling,3
dataset_1,full,att,3
dataset_1,full,obsession,3
dataset_1,full,buddhists,3
dataset_1,full,reversed,3
dataset_1,full,refrigerator,3
dataset_1,full,gloves,3
dataset_1,full,reopen,3
dataset_1,full,sheets,3
dataset_1,full,resell,3
dataset_1,full,ib,3
dataset_1,full,pockets,3
dataset_1,full,rumsfeld,3
dataset_1,full,alberto,3
dataset_1,full,impunity,3
dataset_1,full,reserved,3
dataset_1,full,authorizing,3
dataset_1,full,coercion,3
dataset_1,full,eighth,3
dataset_1,full,covenant,3
dataset_1,full,concealing,3
dataset_1,full,filipino,3
dataset_1,full,3y,3
dataset_1,full,fossilized,3
dataset_1,full,forams,3
dataset_1,full,limestone,3
dataset_1,full,franchise,3
dataset_1,full,positioning,3
dataset_1,full,interventions,3
dataset_1,full,chiropractors,3
dataset_1,full,emo,3
dataset_1,full,deploy,3
dataset_1,full,liturgical,3
dataset_1,full,nsunday,3
dataset_1,full,kenny,3
dataset_1,full,freed,3
dataset_1,full,brains,3
dataset_1,full,scrambled,3
dataset_1,full,intestines,3
dataset_1,full,cavity,3
dataset_1,full,creepy,3
dataset_1,full,fad,3
dataset_1,full,templates,3
dataset_1,full,dravid,3
dataset_1,full,recieving,3
dataset_1,full,jumps,3
dataset_1,full,fascinating,3
dataset_1,full,renowned,3
dataset_1,full,prostitute,3
dataset_1,full,capture,3
dataset_1,full,clever,3
dataset_1,full,crafty,3
dataset_1,full,erotic,3
dataset_1,full,orphaned,3
dataset_1,full,austen,3
dataset_1,full,prostitution,3
dataset_1,full,finely,3
dataset_1,full,woven,3
dataset_1,full,sharply,3
dataset_1,full,plight,3
dataset_1,full,conducting,3
dataset_1,full,alley,3
dataset_1,full,threesome,3
dataset_1,full,einstein's,3
dataset_1,full,unaffected,3
dataset_1,full,wifi,3
dataset_1,full,a4,3
dataset_1,full,yen,3
dataset_1,full,theyre,3
dataset_1,full,abstract,3
dataset_1,full,nfact,3
dataset_1,full,rested,3
dataset_1,full,tactique,3
dataset_1,full,porteur,3
dataset_1,full,milieu,3
dataset_1,full,similiar,3
dataset_1,full,seminal,3
dataset_1,full,locker,3
dataset_1,full,ndraw,3
dataset_1,full,ntouch,3
dataset_1,full,nwatch,3
dataset_1,full,ncall,3
dataset_1,full,phishing,3
dataset_1,full,rant,3
dataset_1,full,antique,3
dataset_1,full,linkin,3
dataset_1,full,sermon,3
dataset_1,full,pl,3
dataset_1,full,behaved,3
dataset_1,full,compute,3
dataset_1,full,pumping,3
dataset_1,full,memphis,3
dataset_1,full,speeches,3
dataset_1,full,misses,3
dataset_1,full,ribbon,3
dataset_1,full,1869,3
dataset_1,full,executed,3
dataset_1,full,nco,3
dataset_1,full,epl,3
dataset_1,full,standings,3
dataset_1,full,eligibility,3
dataset_1,full,joueur,3
dataset_1,full,primal,3
dataset_1,full,scientology,3
dataset_1,full,earrings,3
dataset_1,full,historic,3
dataset_1,full,rot,3
dataset_1,full,veteran,3
dataset_1,full,senators,3
dataset_1,full,fears,3
dataset_1,full,butch,3
dataset_1,full,multiplied,3
dataset_1,full,heater,3
dataset_1,full,todays,3
dataset_1,full,jeopardy,3
dataset_1,full,recruiter,3
dataset_1,full,psychics,3
dataset_1,full,socialization,3
dataset_1,full,astronomer,3
dataset_1,full,telescope,3
dataset_1,full,outline,3
dataset_1,full,commenting,3
dataset_1,full,impulse,3
dataset_1,full,fling,3
dataset_1,full,paperback,3
dataset_1,full,egyptian,3
dataset_1,full,goth,3
dataset_1,full,damned,3
dataset_1,full,remover,3
dataset_1,full,n'ai,3
dataset_1,full,avec,3
dataset_1,full,suis,3
dataset_1,full,qu'on,3
dataset_1,full,fait,3
dataset_1,full,heights,3
dataset_1,full,jsp,3
dataset_1,full,abuses,3
dataset_1,full,ammonia,3
dataset_1,full,differs,3
dataset_1,full,conductors,3
dataset_1,full,revolving,3
dataset_1,full,revolve,3
dataset_1,full,misleading,3
dataset_1,full,localized,3
dataset_1,full,elliptical,3
dataset_1,full,wallace,3
dataset_1,full,vance,3
dataset_1,full,tonite,3
dataset_1,full,dispute,3
dataset_1,full,corps,3
dataset_1,full,unpatriotic,3
dataset_1,full,planes,3
dataset_1,full,prof,3
dataset_1,full,nwere,3
dataset_1,full,exhibit,3
dataset_1,full,terminated,3
dataset_1,full,riches,3
dataset_1,full,colony,3
dataset_1,full,monitored,3
dataset_1,full,etiquette,3
dataset_1,full,recognition,3
dataset_1,full,listings,3
dataset_1,full,refraction,3
dataset_1,full,indices,3
dataset_1,full,thirst,3
dataset_1,full,nbeing,3
dataset_1,full,analyzed,3
dataset_1,full,bitcomet,3
dataset_1,full,sourceforge,3
dataset_1,full,regarded,3
dataset_1,full,raises,3
dataset_1,full,hve,3
dataset_1,full,whn,3
dataset_1,full,spherical,3
dataset_1,full,adjustment,3
dataset_1,full,sewer,3
dataset_1,full,byproduct,3
dataset_1,full,computed,3
dataset_1,full,imparted,3
dataset_1,full,individual's,3
dataset_1,full,fils,3
dataset_1,full,qu'ils,3
dataset_1,full,tu,3
dataset_1,full,1981,3
dataset_1,full,openoffice,3
dataset_1,full,secede,3
dataset_1,full,sickle,3
dataset_1,full,crisis,3
dataset_1,full,arteries,3
dataset_1,full,representing,3
dataset_1,full,carbohydrate,3
dataset_1,full,seaweed,3
dataset_1,full,nsing,3
dataset_1,full,n1966,3
dataset_1,full,sun's,3
dataset_1,full,windmills,3
dataset_1,full,generator,3
dataset_1,full,vehicles,3
dataset_1,full,retaining,3
dataset_1,full,lend,3
dataset_1,full,encouraged,3
dataset_1,full,666,3
dataset_1,full,tan,3
dataset_1,full,libido,3
dataset_1,full,orgasms,3
dataset_1,full,leaflet,3
dataset_1,full,reddish,3
dataset_1,full,legume,3
dataset_1,full,pods,3
dataset_1,full,dmv,3
dataset_1,full,thigh,3
dataset_1,full,grammer,3
dataset_1,full,tempered,3
dataset_1,full,marx,3
dataset_1,full,granite,3
dataset_1,full,anal,3
dataset_1,full,flicks,3
dataset_1,full,enroll,3
dataset_1,full,axle,3
dataset_1,full,hilton,3
dataset_1,full,negitive,3
dataset_1,full,distributed,3
dataset_1,full,crackers,3
dataset_1,full,underwater,3
dataset_1,full,lacking,3
dataset_1,full,veyron,3
dataset_1,full,exersize,3
dataset_1,full,ebitda,3
dataset_1,full,amusing,3
dataset_1,full,ged,3
dataset_1,full,thr,3
dataset_1,full,tonight's,3
dataset_1,full,nperhaps,3
dataset_1,full,dotted,3
dataset_1,full,escorted,3
dataset_1,full,jacob,3
dataset_1,full,vikings,3
dataset_1,full,scout,3
dataset_1,full,adapt,3
dataset_1,full,sentenced,3
dataset_1,full,manu,3
dataset_1,full,treble,3
dataset_1,full,learns,3
dataset_1,full,prism,3
dataset_1,full,nblack,3
dataset_1,full,weaker,3
dataset_1,full,reboot,3
dataset_1,full,repaired,3
dataset_1,full,playboy,3
dataset_1,full,advances,3
dataset_1,full,exploration,3
dataset_1,full,upfront,3
dataset_1,full,antenna,3
dataset_1,full,bengals,3
dataset_1,full,modification,3
dataset_1,full,intermediaries,3
dataset_1,full,distributors,3
dataset_1,full,retailers,3
dataset_1,full,specialty,3
dataset_1,full,tehran,3
dataset_1,full,professors,3
dataset_1,full,motors,3
dataset_1,full,psychologists,3
dataset_1,full,cha,3
dataset_1,full,razor,3
dataset_1,full,painless,3
dataset_1,full,surgeons,3
dataset_1,full,presently,3
dataset_1,full,coated,3
dataset_1,full,102,3
dataset_1,full,suspected,3
dataset_1,full,350,3
dataset_1,full,9y,3
dataset_1,full,4m,3
dataset_1,full,caution,3
dataset_1,full,nmultiply,3
dataset_1,full,ipods,3
dataset_1,full,pulp,3
dataset_1,full,specially,3
dataset_1,full,evenings,3
dataset_1,full,remedy,3
dataset_1,full,calming,3
dataset_1,full,manemo,3
dataset_1,full,nobviously,3
dataset_1,full,yogic,3
dataset_1,full,manifestation,3
dataset_1,full,inability,3
dataset_1,full,obeying,3
dataset_1,full,std's,3
dataset_1,full,portuguese,3
dataset_1,full,'o,3
dataset_1,full,que',3
dataset_1,full,qual,3
dataset_1,full,noun,3
dataset_1,full,werent,3
dataset_1,full,bounds,3
dataset_1,full,blindly,3
dataset_1,full,azz,3
dataset_1,full,twain,3
dataset_1,full,samuel,3
dataset_1,full,healthcare,3
dataset_1,full,disregard,3
dataset_1,full,unexplained,3
dataset_1,full,diarrhea,3
dataset_1,full,insecure,3
dataset_1,full,vapor,3
dataset_1,full,ether,3
dataset_1,full,necks,3
dataset_1,full,vomit,3
dataset_1,full,historian,3
dataset_1,full,dakota,3
dataset_1,full,gutzon,3
dataset_1,full,1941,3
dataset_1,full,theodore,3
dataset_1,full,1933,3
dataset_1,full,1934,3
dataset_1,full,bronze,3
dataset_1,full,chiefs,3
dataset_1,full,trail,3
dataset_1,full,controller,3
dataset_1,full,ger,3
dataset_1,full,recluse,3
dataset_1,full,spray,3
dataset_1,full,poe,3
dataset_1,full,nenjoy,3
dataset_1,full,assignments,3
dataset_1,full,limp,3
dataset_1,full,decaying,3
dataset_1,full,tooele,3
dataset_1,full,kittens,3
dataset_1,full,doin',3
dataset_1,full,bentley,3
dataset_1,full,hopeful,3
dataset_1,full,vkm,3
dataset_1,full,jokester,3
dataset_1,full,mozilla,3
dataset_1,full,cryed,3
dataset_1,full,tougher,3
dataset_1,full,nturn,3
dataset_1,full,pantyhose,3
dataset_1,full,stinky,3
dataset_1,full,decades,3
dataset_1,full,saudis,3
dataset_1,full,bushes,3
dataset_1,full,feared,3
dataset_1,full,crude,3
dataset_1,full,colombia,3
dataset_1,full,apache,3
dataset_1,full,reformat,3
dataset_1,full,batman,3
dataset_1,full,aniston,3
dataset_1,full,perry,3
dataset_1,full,awaiting,3
dataset_1,full,sneezing,3
dataset_1,full,pollen,3
dataset_1,full,2xh,3
dataset_1,full,abide,3
dataset_1,full,ethnic,3
dataset_1,full,homosexuals,3
dataset_1,full,relates,3
dataset_1,full,refs,3
dataset_1,full,tomatoes,3
dataset_1,full,asses,3
dataset_1,full,motivational,3
dataset_1,full,regrets,3
dataset_1,full,teases,3
dataset_1,full,replying,3
dataset_1,full,aww,3
dataset_1,full,napproach,3
dataset_1,full,romania,3
dataset_1,full,rica,3
dataset_1,full,jolie,3
dataset_1,full,katrina,3
dataset_1,full,victims,3
dataset_1,full,coltzan,3
dataset_1,full,nst,3
dataset_1,full,fortune,3
dataset_1,full,nvisit,3
dataset_1,full,petpet,3
dataset_1,full,southend,3
dataset_1,full,nmeat,3
dataset_1,full,sauce,3
dataset_1,full,inflamation,3
dataset_1,full,cns,3
dataset_1,full,characterized,3
dataset_1,full,antigone,3
dataset_1,full,marches,3
dataset_1,full,partisan,3
dataset_1,full,intuition,3
dataset_1,full,biceps,3
dataset_1,full,warned,3
dataset_1,full,che,3
dataset_1,full,wb,3
dataset_1,full,arrives,3
dataset_1,full,somethings,3
dataset_1,full,codecs,3
dataset_1,full,nspyware,3
dataset_1,full,antispyware,3
dataset_1,full,nupdate,3
dataset_1,full,indirect,3
dataset_1,full,bess,3
dataset_1,full,nbetty,3
dataset_1,full,bobble,3
dataset_1,full,pacca,3
dataset_1,full,nsixth,3
dataset_1,full,slid,3
dataset_1,full,oyster,3
dataset_1,full,stunk,3
dataset_1,full,calcium,3
dataset_1,full,declined,3
dataset_1,full,noffice,3
dataset_1,full,readings,3
dataset_1,full,executing,3
dataset_1,full,tracked,3
dataset_1,full,alpha,3
dataset_1,full,bean,3
dataset_1,full,standardized,3
dataset_1,full,whiskey,3
dataset_1,full,alice,3
dataset_1,full,refering,3
dataset_1,full,deg,3
dataset_1,full,asserting,3
dataset_1,full,24x,3
dataset_1,full,216,3
dataset_1,full,x's,3
dataset_1,full,450,3
dataset_1,full,3500,3
dataset_1,full,bamos,3
dataset_1,full,hablando,3
dataset_1,full,pienso,3
dataset_1,full,libro,3
dataset_1,full,combinations,3
dataset_1,full,ids,3
dataset_1,full,isolate,3
dataset_1,full,headlines,3
dataset_1,full,pinging,3
dataset_1,full,affordable,3
dataset_1,full,avail,3
dataset_1,full,fires,3
dataset_1,full,thereby,3
dataset_1,full,kenetic,3
dataset_1,full,deformation,3
dataset_1,full,withstand,3
dataset_1,full,functionality,3
dataset_1,full,chickens,3
dataset_1,full,911,3
dataset_1,full,gwb,3
dataset_1,full,minimal,3
dataset_1,full,coolest,3
dataset_1,full,viewers,3
dataset_1,full,inverse,3
dataset_1,full,brett,3
dataset_1,full,distractions,3
dataset_1,full,pitt,3
dataset_1,full,motive,3
dataset_1,full,shrinking,3
dataset_1,full,thay,3
dataset_1,full,creativity,3
dataset_1,full,demonstrate,3
dataset_1,full,lovemaking,3
dataset_1,full,eyesight,3
dataset_1,full,packaged,3
dataset_1,full,10pm,3
dataset_1,full,dorms,3
dataset_1,full,bacon,3
dataset_1,full,hte,3
dataset_1,full,nconsider,3
dataset_1,full,would've,3
dataset_1,full,disabilities,3
dataset_1,full,1977,3
dataset_1,full,anaesthetic,3
dataset_1,full,stitches,3
dataset_1,full,num,3
dataset_1,full,assists,3
dataset_1,full,recovers,3
dataset_1,full,cheers,3
dataset_1,full,distributing,3
dataset_1,full,playback,3
dataset_1,full,feeds,3
dataset_1,full,heterosexuals,3
dataset_1,full,recognised,3
dataset_1,full,meta,3
dataset_1,full,autograph,3
dataset_1,full,mayor,3
dataset_1,full,athletes,3
dataset_1,full,nwigit,3
dataset_1,full,termination,3
dataset_1,full,eap,3
dataset_1,full,edd,3
dataset_1,full,explaining,3
dataset_1,full,patriot,3
dataset_1,full,cruising,3
dataset_1,full,samsung,3
dataset_1,full,behalf,3
dataset_1,full,lesion,3
dataset_1,full,sores,3
dataset_1,full,outbreak,3
dataset_1,full,mlb,3
dataset_1,full,stripped,3
dataset_1,full,1979,3
dataset_1,full,ncurrent,3
dataset_1,full,img,3
dataset_1,full,plugins,3
dataset_1,full,princess,3
dataset_1,full,cheeks,3
dataset_1,full,considerably,3
dataset_1,full,diploid,3
dataset_1,full,fuse,3
dataset_1,full,mating,3
dataset_1,full,fungi,3
dataset_1,full,58,3
dataset_1,full,fax,3
dataset_1,full,accelerator,3
dataset_1,full,ginormous,3
dataset_1,full,taht,3
dataset_1,full,icepack,3
dataset_1,full,extention,3
dataset_1,full,discovering,3
dataset_1,full,leinart,3
dataset_1,full,favre,3
dataset_1,full,personals,3
dataset_1,full,jacking,3
dataset_1,full,arrogance,3
dataset_1,full,captive,3
dataset_1,full,diy,3
dataset_1,full,worthwhile,3
dataset_1,full,imagining,3
dataset_1,full,bf2,3
dataset_1,full,geforce,3
dataset_1,full,foo,3
dataset_1,full,nbig,3
dataset_1,full,combs,3
dataset_1,full,'do,3
dataset_1,full,def,3
dataset_1,full,quarterback,3
dataset_1,full,lebanon,3
dataset_1,full,maine,3
dataset_1,full,hmmmmm,3
dataset_1,full,n003,3
dataset_1,full,n002,3
dataset_1,full,147,3
dataset_1,full,104,3
dataset_1,full,ye,3
dataset_1,full,intermediary,3
dataset_1,full,nbc,3
dataset_1,full,segment,3
dataset_1,full,dhl,3
dataset_1,full,0058,3
dataset_1,full,dealt,3
dataset_1,full,nsecurity,3
dataset_1,full,handy,3
dataset_1,full,irrelevant,3
dataset_1,full,chess,3
dataset_1,full,ali,3
dataset_1,full,obsolete,3
dataset_1,full,layout,3
dataset_1,full,screened,3
dataset_1,full,earl,3
dataset_1,full,delight,3
dataset_1,full,nation's,3
dataset_1,full,coaching,3
dataset_1,full,azithromycin,3
dataset_1,full,winters,3
dataset_1,full,bennish,3
dataset_1,full,addicts,3
dataset_1,full,inline,3
dataset_1,full,no2,3
dataset_1,full,redox,3
dataset_1,full,29th,3
dataset_1,full,harmonizes,3
dataset_1,full,writers,3
dataset_1,full,iterate,3
dataset_1,full,necho,3
dataset_1,full,mysql_fetch_array,3
dataset_1,full,db,3
dataset_1,full,apologise,3
dataset_1,full,bachelor,3
dataset_1,full,marshall,3
dataset_1,full,ant,3
dataset_1,full,bbq,3
dataset_1,full,readily,3
dataset_1,full,curses,3
dataset_1,full,lil',3
dataset_1,full,crunk,3
dataset_1,full,penicillin,3
dataset_1,full,inject,3
dataset_1,full,womb,3
dataset_1,full,form1,3
dataset_1,full,dosubmit,3
dataset_1,full,homeopathic,3
dataset_1,full,ontario,3
dataset_1,full,rut,3
dataset_1,full,105,3
dataset_1,full,doctor's,3
dataset_1,full,dramatic,3
dataset_1,full,departure,3
dataset_1,full,landing,3
dataset_1,full,breakdown,3
dataset_1,full,lymph,3
dataset_1,full,quest,3
dataset_1,full,triceps,3
dataset_1,full,tuition,3
dataset_1,full,30gb,3
dataset_1,full,apnea,3
dataset_1,full,uncertain,3
dataset_1,full,traditionally,3
dataset_1,full,pension,3
dataset_1,full,enthusiasts,3
dataset_1,full,ogilvy,3
dataset_1,full,dining,3
dataset_1,full,casual,3
dataset_1,full,camping,3
dataset_1,full,mines,3
dataset_1,full,veterinary,3
dataset_1,full,patch,3
dataset_1,full,celebrating,3
dataset_1,full,mud,3
dataset_1,full,chester,3
dataset_1,full,pinch,3
dataset_1,full,homefront,3
dataset_1,full,anda,3
dataset_1,full,1983,3
dataset_1,full,burners,3
dataset_1,full,paintings,3
dataset_1,full,styrofoam,3
dataset_1,full,backup,3
dataset_1,full,jim,3
dataset_1,full,morrison,3
dataset_1,full,thirds,3
dataset_1,full,randomly,3
dataset_1,full,professionals,3
dataset_1,full,linen,3
dataset_1,full,distinctive,3
dataset_1,full,lilith,3
dataset_1,full,dilemma,3
dataset_1,full,colostomy,3
dataset_1,full,leaking,3
dataset_1,full,compiler,3
dataset_1,full,cabin,3
dataset_1,full,hike,3
dataset_1,full,debatable,3
dataset_1,full,plasmodium,3
dataset_1,full,illnesses,3
dataset_1,full,cartoonist,3
dataset_1,full,automobile,3
dataset_1,full,raymond,3
dataset_1,full,creator,3
dataset_1,full,gordon,3
dataset_1,full,skating,3
dataset_1,full,drilling,3
dataset_1,full,harp,3
dataset_1,full,wholesalers,3
dataset_1,full,scares,3
dataset_1,full,notre,3
dataset_1,full,dame,3
dataset_1,full,conceal,3
dataset_1,full,curtain,3
dataset_1,full,tyranny,3
dataset_1,full,frndly,3
dataset_1,full,zombies,3
dataset_1,full,comercial,3
dataset_1,full,eclipse,3
dataset_1,full,remarried,3
dataset_1,full,cursed,3
dataset_1,full,zimbabwe,3
dataset_1,full,nworked,3
dataset_1,full,rpc,3
dataset_1,full,ukraine,3
dataset_1,full,conspiracy,3
dataset_1,full,cones,3
dataset_1,full,retina,3
dataset_1,full,organ,3
dataset_1,full,goofy,3
dataset_1,full,uncommon,3
dataset_1,full,kjv,3
dataset_1,full,infects,3
dataset_1,full,coil,3
dataset_1,full,harming,3
dataset_1,full,demonstration,3
dataset_1,full,inbox,3
dataset_1,full,alberta,3
dataset_1,full,1500,3
dataset_1,full,liability,3
dataset_1,full,implementing,3
dataset_1,full,leslie,3
dataset_1,full,disadvantage,3
dataset_1,full,'in,3
dataset_1,full,deepest,3
dataset_1,full,unot,3
dataset_1,full,richer,3
dataset_1,full,dis,3
dataset_1,full,seize,3
dataset_1,full,n16c,3
dataset_1,full,simplified,3
dataset_1,full,lemon,3
dataset_1,full,lands,3
dataset_1,full,alarm,3
dataset_1,full,totaled,3
dataset_1,full,reacts,3
dataset_1,full,parasite,3
dataset_1,full,del,3
dataset_1,full,chromium,3
dataset_1,full,molar,3
dataset_1,full,passages,3
dataset_1,full,calvin,3
dataset_1,full,attributes,3
dataset_1,full,1920s,3
dataset_1,full,unsafe,3
dataset_1,full,22nd,3
dataset_1,full,roommate,3
dataset_1,full,reviewing,3
dataset_1,full,joins,3
dataset_1,full,realizes,3
dataset_1,full,oath,3
dataset_1,full,paranoia,3
dataset_1,full,ncontrol,3
dataset_1,full,nsave,3
dataset_1,full,101,3
dataset_1,full,didnot,3
dataset_1,full,insect,3
dataset_1,full,menzies,3
dataset_1,full,'net,3
dataset_1,full,neurologist,3
dataset_1,full,nsimple,3
dataset_1,full,flats,3
dataset_1,full,folding,3
dataset_1,full,unacceptable,3
dataset_1,full,marshals,3
dataset_1,full,mobs,3
dataset_1,full,depicted,3
dataset_1,full,foxhole,3
dataset_1,full,nill,3
dataset_1,full,spends,3
dataset_1,full,calmly,3
dataset_1,full,suv,3
dataset_1,full,seattle,3
dataset_1,full,knocking,3
dataset_1,full,adjustments,3
dataset_1,full,bride,3
dataset_1,full,britney,3
dataset_1,full,mls,3
dataset_1,full,metro,3
dataset_1,full,subscribers,3
dataset_1,full,likelihood,3
dataset_1,full,arrive,3
dataset_1,full,168,3
dataset_1,full,pdd,3
dataset_1,full,homeschool,3
dataset_1,full,naming,3
dataset_1,full,yelled,3
dataset_1,full,smack,3
dataset_1,full,cus,3
dataset_1,full,harddrive,3
dataset_1,full,ferrari,3
dataset_1,full,dealership,3
dataset_1,full,ranging,3
dataset_1,full,rethink,3
dataset_1,full,numbering,3
dataset_1,full,materialistic,3
dataset_1,full,irony,3
dataset_1,full,creditor,3
dataset_1,full,simpson,3
dataset_1,full,confessed,3
dataset_1,full,privately,3
dataset_1,full,koreans,3
dataset_1,full,matchmaker,3
dataset_1,full,resumes,3
dataset_1,full,surnames,3
dataset_1,full,hanbok,3
dataset_1,full,sauces,3
dataset_1,full,sliced,3
dataset_1,full,onions,3
dataset_1,full,fermented,3
dataset_1,full,mccain,3
dataset_1,full,hogan,3
dataset_1,full,midland,3
dataset_1,full,nhotel,3
dataset_1,full,sheltered,3
dataset_1,full,jog,3
dataset_1,full,allowances,3
dataset_1,full,rojas,3
dataset_1,full,bp,3
dataset_1,full,100th,3
dataset_1,full,li,3
dataset_1,full,nintendo,3
dataset_1,full,rell,3
dataset_1,full,nlatin,3
dataset_1,full,nfourth,3
dataset_1,full,racing,3
dataset_1,full,hypnotism,3
dataset_1,full,outward,3
dataset_1,full,psi,3
dataset_1,full,sustained,3
dataset_1,full,bearly,3
dataset_1,full,insignificant,3
dataset_1,full,nickel,3
dataset_1,full,nexercise,3
dataset_1,full,ronaldinho,3
dataset_1,full,hut,3
dataset_1,full,playoffs,3
dataset_1,full,bucket,3
dataset_1,full,bonded,3
dataset_1,full,party's,3
dataset_1,full,gop's,3
dataset_1,full,sweatpants,3
dataset_1,full,ruler,3
dataset_1,full,beth,3
dataset_1,full,transport,3
dataset_1,full,begun,3
dataset_1,full,reindeer,3
dataset_1,full,logging,3
dataset_1,full,refined,3
dataset_1,full,290,3
dataset_1,full,organised,3
dataset_1,full,organise,3
dataset_1,full,antibodies,3
dataset_1,full,futher,3
dataset_1,full,qualitative,3
dataset_1,full,bibliomancy,3
dataset_1,full,seeks,3
dataset_1,full,midfielders,3
dataset_1,full,carton,3
dataset_1,full,pepto,3
dataset_1,full,bismol,3
dataset_1,full,tabs,3
dataset_1,full,oooh,3
dataset_1,full,apostrophe,3
dataset_1,full,abbreviated,3
dataset_1,full,immortal,3
dataset_1,full,dinosaurs,3
dataset_1,full,admire,3
dataset_1,full,duo,3
dataset_1,full,ncapricorn,3
dataset_1,full,surround,3
dataset_1,full,ensures,3
dataset_1,full,nwhat's,3
dataset_1,full,tuck,3
dataset_1,full,succeeding,3
dataset_1,full,ana,3
dataset_1,full,cellphone,3
dataset_1,full,jessica,3
dataset_1,full,alba,3
dataset_1,full,workable,3
dataset_1,full,biz,3
dataset_1,full,fairs,3
dataset_1,full,heather,3
dataset_1,full,275,3
dataset_1,full,marilyn,3
dataset_1,full,dynamical,3
dataset_1,full,'easy',3
dataset_1,full,criminalized,3
dataset_1,full,1914,3
dataset_1,full,dinar,3
dataset_1,full,mileage,3
dataset_1,full,tp,3
dataset_1,full,accelerated,3
dataset_1,full,crippling,3
dataset_1,full,roth,3
dataset_1,full,mortgages,3
dataset_1,full,poison,3
dataset_1,full,trucks,3
dataset_1,full,cooperate,3
dataset_1,full,thickest,3
dataset_1,full,putin,3
dataset_1,full,chechen,3
dataset_1,full,partially,3
dataset_1,full,inhaled,3
dataset_1,full,devil's,3
dataset_1,full,pastoureau,3
dataset_1,full,convicts,3
dataset_1,full,evaporates,3
dataset_1,full,inaccurate,3
dataset_1,full,murdering,3
dataset_1,full,refracted,3
dataset_1,full,swings,3
dataset_1,full,tunnel,3
dataset_1,full,v_f,3
dataset_1,full,v_i,3
dataset_1,full,subscripts,3
dataset_1,full,mailed,3
dataset_1,full,circuits,3
dataset_1,full,2500,3
dataset_1,full,'safe',3
dataset_1,full,hispanics,3
dataset_1,full,urging,3
dataset_1,full,rankings,3
dataset_1,full,atlas,3
dataset_1,full,ww2,3
dataset_1,full,hives,3
dataset_1,full,chennai,3
dataset_1,full,umpire,3
dataset_1,full,lifespan,3
dataset_1,full,attachment,3
dataset_1,full,rivals,3
dataset_1,full,baffled,3
dataset_1,full,1965,3
dataset_1,full,removes,3
dataset_1,full,voters,3
dataset_1,full,renewal,3
dataset_1,full,predicted,3
dataset_1,full,prop,3
dataset_1,full,6000,3
dataset_1,full,explored,3
dataset_1,full,dinosaur,3
dataset_1,full,publisher,3
dataset_1,full,afro,3
dataset_1,full,nwindows,3
dataset_1,full,locating,3
dataset_1,full,mindful,3
dataset_1,full,objections,3
dataset_1,full,capacitor,3
dataset_1,full,initiatives,3
dataset_1,full,tectonics,3
dataset_1,full,collide,3
dataset_1,full,denser,3
dataset_1,full,oceanic,3
dataset_1,full,generating,3
dataset_1,full,rashidi,3
dataset_1,full,woodcarving,3
dataset_1,full,malay,3
dataset_1,full,imposed,3
dataset_1,full,mak,3
dataset_1,full,federation,3
dataset_1,full,1963,3
dataset_1,full,bitty,3
dataset_1,full,nlittle,3
dataset_1,full,webb,3
dataset_1,full,acknowledge,3
dataset_1,full,inclusive,3
dataset_1,full,n1a,3
dataset_1,full,nfeeble,3
dataset_1,full,frail,3
dataset_1,full,collapsing,3
dataset_1,full,nmaker,3
dataset_1,full,blossoms,3
dataset_1,full,absorbs,3
dataset_1,full,colorimeter,3
dataset_1,full,filters,3
dataset_1,full,acmilan,3
dataset_1,full,fave,3
dataset_1,full,wattage,3
dataset_1,full,filtering,3
dataset_1,full,googleguide,3
dataset_1,full,recipes,3
dataset_1,full,pertaining,3
dataset_1,full,aborted,3
dataset_1,full,filtration,3
dataset_1,full,encouraging,3
dataset_1,full,introducing,3
dataset_1,full,emachine,3
dataset_1,full,nashville,3
dataset_1,full,bookmarks,3
dataset_1,full,mirrorly,3
dataset_1,full,nlaw,3
dataset_1,full,contradict,3
dataset_1,full,nitaly,3
dataset_1,full,commissioned,3
dataset_1,full,patented,3
dataset_1,full,mentioning,3
dataset_1,full,india's,3
dataset_1,full,culinary,3
dataset_1,full,nengland,3
dataset_1,full,brazillian,3
dataset_1,full,manson,3
dataset_1,full,heroes,3
dataset_1,full,848,3
dataset_1,full,69,3
dataset_1,full,sophisticated,3
dataset_1,full,attains,3
dataset_1,full,joey,3
dataset_1,full,resentful,3
dataset_1,full,offended,3
dataset_1,full,resurrected,3
dataset_1,full,cyclones,3
dataset_1,full,countrys,3
dataset_1,full,hera,3
dataset_1,full,lifting,3
dataset_1,full,payout,3
dataset_1,full,competitors,3
dataset_1,full,companys,3
dataset_1,full,74,3
dataset_1,full,montgomery,3
dataset_1,full,adoptions,3
dataset_1,full,wedlock,3
dataset_1,full,n44,3
dataset_1,full,n48,3
dataset_1,full,donyelle,3
dataset_1,full,fungus,3
dataset_1,full,advancements,3
dataset_1,full,adaware,3
dataset_1,full,squares,3
dataset_1,full,715,3
dataset_1,full,durable,3
dataset_1,full,costco,3
dataset_1,full,hurricane,3
dataset_1,full,riverside,3
dataset_1,full,distant,3
dataset_1,full,gasoline,3
dataset_1,full,lea,3
dataset_1,full,anyone's,3
dataset_1,full,swell,3
dataset_1,full,farts,3
dataset_1,full,threads,3
dataset_1,full,foam,3
dataset_1,full,brighter,3
dataset_1,full,jerry,3
dataset_1,full,amway,3
dataset_1,full,midfielder,3
dataset_1,full,queston,3
dataset_1,full,capitalist,3
dataset_1,full,eliminating,3
dataset_1,full,capitalists,3
dataset_1,full,deja,3
dataset_1,full,vu,3
dataset_1,full,predictions,3
dataset_1,full,mystery,3
dataset_1,full,atms,3
dataset_1,full,gathered,3
dataset_1,full,sovereign,3
dataset_1,full,handball,3
dataset_1,full,ais,3
dataset_1,full,ngroup,3
dataset_1,full,countless,3
dataset_1,full,alleged,3
dataset_1,full,nda,3
dataset_1,full,swiss,3
dataset_1,full,digestion,3
dataset_1,full,enters,3
dataset_1,full,timely,3
dataset_1,full,berry,3
dataset_1,full,stain,3
dataset_1,full,ratified,3
dataset_1,full,bios,3
dataset_1,full,fascinated,3
dataset_1,full,phrma,3
dataset_1,full,888,3
dataset_1,full,enrolled,3
dataset_1,full,resturant,3
dataset_1,full,batted,3
dataset_1,full,batting,3
dataset_1,full,resection,3
dataset_1,full,cons,3
dataset_1,full,heavenly,3
dataset_1,full,wool,3
dataset_1,full,transparent,3
dataset_1,full,transfusion,3
dataset_1,full,lolz,3
dataset_1,full,monsignor,3
dataset_1,full,slew,3
dataset_1,full,kitties,3
dataset_1,full,snapple,3
dataset_1,full,nightlife,3
dataset_1,full,coincide,3
dataset_1,full,pricey,3
dataset_1,full,1651,3
dataset_1,full,locke,3
dataset_1,full,justification,3
dataset_1,full,harms,3
dataset_1,full,exceeded,3
dataset_1,full,pronounced,3
dataset_1,full,exceed,3
dataset_1,full,oneself,3
dataset_1,full,wasted,3
dataset_1,full,curl,3
dataset_1,full,mormons,3
dataset_1,full,beckham,3
dataset_1,full,awaited,3
dataset_1,full,examiner,3
dataset_1,full,attracts,3
dataset_1,full,pouring,3
dataset_1,full,consecutive,3
dataset_1,full,1985,3
dataset_1,full,pyroclastic,3
dataset_1,full,pyroplastic,3
dataset_1,full,collectively,3
dataset_1,full,dosn't,3
dataset_1,full,lineweaver,3
dataset_1,full,burk,3
dataset_1,full,ahh,3
dataset_1,full,plots,3
dataset_1,full,estimation,3
dataset_1,full,macrogol,3
dataset_1,full,nominee,3
dataset_1,full,repent,3
dataset_1,full,fibro,3
dataset_1,full,ntreatment,3
dataset_1,full,nrobert,3
dataset_1,full,bennett,3
dataset_1,full,npain,3
dataset_1,full,ahmadinejad,3
dataset_1,full,bt,3
dataset_1,full,abdominals,3
dataset_1,full,cardiovascular,3
dataset_1,full,erased,3
dataset_1,full,demos,3
dataset_1,full,ic,3
dataset_1,full,stance,3
dataset_1,full,quarantine,3
dataset_1,full,critisize,3
dataset_1,full,gummie,3
dataset_1,full,invictae,3
dataset_1,full,fidelitatis,3
dataset_1,full,scudamore,3
dataset_1,full,990,3
dataset_1,full,nagain,3
dataset_1,full,contradiction,3
dataset_1,full,2p,3
dataset_1,full,uvulitis,3
dataset_1,full,inherit,3
dataset_1,full,gentiles,3
dataset_1,full,euro,3
dataset_1,full,euromillions,3
dataset_1,full,nquite,3
dataset_1,full,remarks,3
dataset_1,full,handicap,3
dataset_1,full,tryin,3
dataset_1,full,gundam,3
dataset_1,full,sanctuary,3
dataset_1,full,icc,3
dataset_1,full,ncanada,3
dataset_1,full,lanka,3
dataset_1,full,nireland,3
dataset_1,full,nbangladesh,3
dataset_1,full,vegetation,3
dataset_1,full,exponent,3
dataset_1,full,dual,3
dataset_1,full,fanatic,3
dataset_1,full,doody,3
dataset_1,full,plugs,3
dataset_1,full,usher,3
dataset_1,full,yang,3
dataset_1,full,hillsboro,3
dataset_1,full,coffeyville,3
dataset_1,full,prospect,3
dataset_1,full,nmodern,3
dataset_1,full,jars,3
dataset_1,full,electrostatic,3
dataset_1,full,automatics,3
dataset_1,full,condone,3
dataset_1,full,1845,3
dataset_1,full,valve,3
dataset_1,full,nfisher,3
dataset_1,full,marcoux,3
dataset_1,full,meyers,3
dataset_1,full,preliminary,3
dataset_1,full,nlog4,3
dataset_1,full,usable,3
dataset_1,full,generators,3
dataset_1,full,reflecting,3
dataset_1,full,alito,3
dataset_1,full,psychaitry,3
dataset_1,full,admiration,3
dataset_1,full,masterbate,3
dataset_1,full,rewrite,3
dataset_1,full,ths,3
dataset_1,full,cupboard,3
dataset_1,full,athena,3
dataset_1,full,inspectors,3
dataset_1,full,manny,3
dataset_1,full,rex,3
dataset_1,full,ginobili,3
dataset_1,full,chasing,3
dataset_1,full,nelly,3
dataset_1,full,classification,3
dataset_1,full,porter,3
dataset_1,full,stride,3
dataset_1,full,crave,3
dataset_1,full,1974,3
dataset_1,full,hijacked,3
dataset_1,full,qaeda,3
dataset_1,full,casualty,3
dataset_1,full,foreclosure,3
dataset_1,full,2000s,3
dataset_1,full,compaq,3
dataset_1,full,imposing,3
dataset_1,full,aikman,3
dataset_1,full,hid,3
dataset_1,full,rikki,3
dataset_1,full,laughs,3
dataset_1,full,earns,3
dataset_1,full,gladly,3
dataset_1,full,jehovah,3
dataset_1,full,theology,3
dataset_1,full,polyunsaturated,3
dataset_1,full,whining,3
dataset_1,full,lite,3
dataset_1,full,nputting,3
dataset_1,full,detected,3
dataset_1,full,nsa,3
dataset_1,full,valo,3
dataset_1,full,velvet,3
dataset_1,full,nfifth,3
dataset_1,full,pottery,3
dataset_1,full,coral,3
dataset_1,full,pearls,3
dataset_1,full,platinum,3
dataset_1,full,log_a,3
dataset_1,full,blaming,3
dataset_1,full,intellect,3
dataset_1,full,druids,3
dataset_1,full,statue,3
dataset_1,full,nsexy,3
dataset_1,full,roach,3
dataset_1,full,nsomeone,3
dataset_1,full,wrongs,3
dataset_1,full,wisely,3
dataset_1,full,mdb,3
dataset_1,full,thongs,3
dataset_1,full,balloons,3
dataset_1,full,disadvantages,3
dataset_1,full,rad,3
dataset_1,full,defending,3
dataset_1,full,richards,3
dataset_1,full,continuation,3
dataset_1,full,midst,3
dataset_1,full,accord,3
dataset_1,full,utmost,3
dataset_1,full,propeller,3
dataset_1,full,obedience,3
dataset_1,full,generates,3
dataset_1,full,elective,3
dataset_1,full,voip,3
dataset_1,full,blackmail,3
dataset_1,full,dragged,3
dataset_1,full,tended,3
dataset_1,full,dystrophy,3
dataset_1,full,carrier,3
dataset_1,full,landreau,3
dataset_1,full,supporter,3
dataset_1,full,inundation,3
dataset_1,full,tutorials,3
dataset_1,full,dynpro,3
dataset_1,full,head's,3
dataset_1,full,nsomething's,3
dataset_1,full,nyou'll,3
dataset_1,full,residency,3
dataset_1,full,bee,3
dataset_1,full,nectar,3
dataset_1,full,cellophane,3
dataset_1,full,smelly,3
dataset_1,full,mixes,3
dataset_1,full,stainless,3
dataset_1,full,tanks,3
dataset_1,full,tropics,3
dataset_1,full,marrow,3
dataset_1,full,stereotyped,3
dataset_1,full,mariah,3
dataset_1,full,gifs,3
dataset_1,full,arrector,3
dataset_1,full,erector,3
dataset_1,full,robbie,3
dataset_1,full,holistic,3
dataset_1,full,nidentify,3
dataset_1,full,autorun,3
dataset_1,full,baltimore,3
dataset_1,full,foreighn,3
dataset_1,full,lucien,3
dataset_1,full,1950's,3
dataset_1,full,congestion,3
dataset_1,full,ki,3
dataset_1,full,negligent,3
dataset_1,full,albert,3
dataset_1,full,thumbnails,3
dataset_1,full,miscarriage,3
dataset_1,full,nmetallic,3
dataset_1,full,electronegativity,3
dataset_1,full,participating,3
dataset_1,full,malleability,3
dataset_1,full,cumberland,3
dataset_1,full,norway,3
dataset_1,full,brooklyn,3
dataset_1,full,maroon,3
dataset_1,full,aerial,3
dataset_1,full,altitude,3
dataset_1,full,f8,3
dataset_1,full,advertisement,3
dataset_1,full,bangalore,3
dataset_1,full,vocational,3
dataset_1,full,dhorasoo,3
dataset_1,full,ligue,3
dataset_1,full,cbs,3
dataset_1,full,acheive,3
dataset_1,full,caloric,3
dataset_1,full,emerge,3
dataset_1,full,awe,3
dataset_1,full,budding,3
dataset_1,full,emerging,3
dataset_1,full,geographical,3
dataset_1,full,bats,3
dataset_1,full,brotha,3
dataset_1,full,cl,3
dataset_1,full,antidepressants,3
dataset_1,full,suppressor,3
dataset_1,full,nwomen,3
dataset_1,full,clintons,3
dataset_1,full,missiles,3
dataset_1,full,masks,3
dataset_1,full,wrath,3
dataset_1,full,punished,3
dataset_1,full,counterfeiting,3
dataset_1,full,firms,3
dataset_1,full,pharmaceuticals,3
dataset_1,full,rebuilding,3
dataset_1,full,657,3
dataset_1,full,planners,3
dataset_1,full,unscrambles,3
dataset_1,full,tick,3
dataset_1,full,sticking,3
dataset_1,full,cave,3
dataset_1,full,pond,3
dataset_1,full,rodents,3
dataset_1,full,palmistry,3
dataset_1,full,tarot,3
dataset_1,full,trump,3
dataset_1,full,penetrate,3
dataset_1,full,silpada,3
dataset_1,full,hostess,3
dataset_1,full,linksys,3
dataset_1,full,moan,3
dataset_1,full,bumper,3
dataset_1,full,zirconium,3
dataset_1,full,mills,3
dataset_1,full,liner,3
dataset_1,full,circumference,3
dataset_1,full,sitters,3
dataset_1,full,voir,3
dataset_1,full,kilogram,3
dataset_1,full,whitaker,3
dataset_1,full,n50,3
dataset_1,full,itune,3
dataset_1,full,fireplace,3
dataset_1,full,naoh,3
dataset_1,full,quitin',3
dataset_1,full,schtick,3
dataset_1,full,cottage,3
dataset_1,full,decree,3
dataset_1,full,tightly,3
dataset_1,full,tightened,3
dataset_1,full,cousin's,3
dataset_1,full,jaws,3
dataset_1,full,stains,3
dataset_1,full,dichromate,3
dataset_1,full,mol,3
dataset_1,full,revenues,3
dataset_1,full,azzurri,3
dataset_1,full,cinnamon,3
dataset_1,full,chevy,3
dataset_1,full,cortical,3
dataset_1,full,antiviral,3
dataset_1,full,avp,3
dataset_1,full,semper,3
dataset_1,full,stigmata,3
dataset_1,full,vacations,3
dataset_1,full,bloom,3
dataset_1,full,macbeth,3
dataset_1,full,aba,3
dataset_1,full,assuaged,3
dataset_1,full,gardens,3
dataset_1,full,nkapil,3
dataset_1,full,kapil,3
dataset_1,full,15c,3
dataset_1,full,f_f,3
dataset_1,full,childs,3
dataset_1,full,grafts,3
dataset_1,full,nsenators,3
dataset_1,full,amature,3
dataset_1,full,animator,3
dataset_1,full,criticize,3
dataset_1,full,assumptions,3
dataset_1,full,credible,3
dataset_1,full,vietnamese,3
dataset_1,full,prescriptions,3
dataset_1,full,deliberately,3
dataset_1,full,lke,3
dataset_1,full,testicle,3
dataset_1,full,cheering,3
dataset_1,full,ascending,3
dataset_1,full,f3,3
dataset_1,full,f4,3
dataset_1,full,freons,3
dataset_1,full,sectors,3
dataset_1,full,incorporating,3
dataset_1,full,1951,3
dataset_1,full,jules,3
dataset_1,full,wreath,3
dataset_1,full,roads,3
dataset_1,full,equilateral,3
dataset_1,full,laziness,3
dataset_1,full,perverted,3
dataset_1,full,npelicans,3
dataset_1,full,strangest,3
dataset_1,full,toothpick,3
dataset_1,full,labial,3
dataset_1,full,fundamentalist,3
dataset_1,full,masonry,3
dataset_1,full,persian,3
dataset_1,full,consolidation,3
dataset_1,full,untitled,3
dataset_1,full,fleeing,3
dataset_1,full,xrays,3
dataset_1,full,bromide,3
dataset_1,full,willey's,3
dataset_1,full,cabell,3
dataset_1,full,lawson,3
dataset_1,full,ntic,3
dataset_1,full,tailbone,3
dataset_1,full,worsening,3
dataset_1,full,defenseless,3
dataset_1,full,nsatisfied,3
dataset_1,full,pelinka,3
dataset_1,full,patchouli,3
dataset_1,full,incense,3
dataset_1,full,visualize,3
dataset_1,full,b1b2,3
dataset_1,full,airway,3
dataset_1,full,kerala,3
dataset_1,full,dorsal,3
dataset_1,full,afferent,3
dataset_1,full,efferent,3
dataset_1,full,buzzing,3
dataset_1,full,svhost,3
dataset_1,full,hugging,3
dataset_1,full,backyard,3
dataset_1,full,bicycles,3
dataset_1,full,tricycles,3
dataset_1,full,raven,3
dataset_1,full,sporty,3
dataset_1,full,girlz,3
dataset_1,full,a11,3
dataset_1,full,a12,3
dataset_1,full,a13,3
dataset_1,full,globului,3
dataset_1,full,roster,3
dataset_1,full,garc,3
dataset_1,full,cmg,3
dataset_1,full,nlu,3
dataset_1,full,gra,3
dataset_1,full,cfg,3
dataset_1,full,displacement,3
dataset_1,full,shipped,3
dataset_1,full,elvis,3
dataset_1,full,geffen,3
dataset_1,full,marshal,3
dataset_1,full,polishing,3
dataset_1,full,stools,3
dataset_1,full,chm,3
dataset_1,full,rapids,3
dataset_1,full,organisations,3
dataset_1,full,eviction,3
dataset_1,full,ccj,3
dataset_1,full,utilizing,3
dataset_1,full,betting,3
dataset_1,full,deductible,3
dataset_1,full,podmos,3
dataset_1,full,tomar,3
dataset_1,full,abscess,3
dataset_1,full,calgon,3
dataset_1,full,nboy,3
dataset_1,full,gang,3
dataset_1,full,rupees,3
dataset_1,full,dehydroepiandrosterone,3
dataset_1,full,dendritic,3
dataset_1,full,antigens,3
dataset_1,full,'',3
dataset_1,full,fetus,3
dataset_1,full,canis,3
dataset_1,full,nsmoking,3
dataset_1,full,lim_,3
dataset_1,full,amsterdam,3
dataset_1,full,speedos,3
dataset_1,full,tactic,3
dataset_1,full,vernal,3
dataset_1,full,equinox,3
dataset_1,full,1368,3
dataset_1,full,gm,3
dataset_1,full,optimum,3
dataset_1,full,selector's,3
dataset_1,full,5t,3
dataset_1,full,crrt,3
dataset_1,full,revolt,3
dataset_1,full,cannibalism,3
dataset_1,full,labled,3
dataset_1,full,perpindicular,3
dataset_1,full,botanical,3
dataset_1,full,rothira,3
dataset_1,full,transplant,3
dataset_1,full,ix,3
dataset_1,full,ie7,3
dataset_1,full,batsmen,3
dataset_1,full,ctpm,3
dataset_1,full,reinforcement,3
dataset_1,full,cancellation,3
dataset_1,full,barbiturates,3
dataset_1,full,dpsi,3
dataset_1,full,890,3
dataset_1,full,75x,3
dataset_1,full,coincides,3
dataset_1,full,personalize,3
dataset_1,full,deforestation,3
dataset_1,full,summerslam,3
dataset_1,full,champagne,3
dataset_1,full,fluorine,3
dataset_1,full,phthalates,3
dataset_1,full,goat,3
dataset_1,full,peeing,3
dataset_1,full,fema,3
dataset_1,full,pommern,3
dataset_1,full,staten,3
dataset_1,full,richmond,3
dataset_1,full,turnpike,3
dataset_1,full,adhesions,3
dataset_1,full,somnology,3
dataset_1,full,sterility,3
dataset_1,full,stoicism,3
dataset_1,full,cargo,3
dataset_1,full,servisair,3
dataset_1,full,groundglobe,3
dataset_1,full,whitening,3
dataset_1,full,suped,3
dataset_1,full,ncarved,3
dataset_1,full,louisville,3
dataset_1,full,slugger,3
dataset_1,full,nslashed,3
dataset_1,full,nohh,3
dataset_1,full,delightful,3
dataset_1,full,magnolia,3
dataset_1,full,daydream,3
dataset_1,full,cutters,3
dataset_1,full,dod,3
dataset_1,full,ambergris,3
dataset_1,full,rainbow,3
dataset_1,full,pencils,3
dataset_1,full,disarm,3
dataset_1,full,nrecall,2
dataset_1,full,bx,2
dataset_1,full,4ac,2
dataset_1,full,auditors,2
dataset_1,full,involvement,2
dataset_1,full,macro,2
dataset_1,full,participant,2
dataset_1,full,transfers,2
dataset_1,full,longterm,2
dataset_1,full,howmuch,2
dataset_1,full,pro's,2
dataset_1,full,con's,2
dataset_1,full,nbuilding,2
dataset_1,full,jasmine,2
dataset_1,full,applause,2
dataset_1,full,pakistanis,2
dataset_1,full,asians,2
dataset_1,full,ex's,2
dataset_1,full,guarantees,2
dataset_1,full,stopper,2
dataset_1,full,suburbia,2
dataset_1,full,cuddling,2
dataset_1,full,familar,2
dataset_1,full,surroundings,2
dataset_1,full,founding,2
dataset_1,full,purposely,2
dataset_1,full,simpler,2
dataset_1,full,tellers,2
dataset_1,full,rat,2
dataset_1,full,infinitum,2
dataset_1,full,visibility,2
dataset_1,full,credibility,2
dataset_1,full,derided,2
dataset_1,full,endorse,2
dataset_1,full,courteous,2
dataset_1,full,book's,2
dataset_1,full,apperciate,2
dataset_1,full,revised,2
dataset_1,full,entrusted,2
dataset_1,full,repealed,2
dataset_1,full,undermine,2
dataset_1,full,wields,2
dataset_1,full,dissatisfaction,2
dataset_1,full,specification,2
dataset_1,full,lowell,2
dataset_1,full,documenting,2
dataset_1,full,notations,2
dataset_1,full,nsupport,2
dataset_1,full,frameworks,2
dataset_1,full,complexity,2
dataset_1,full,recurring,2
dataset_1,full,165,2
dataset_1,full,solved,2
dataset_1,full,flop,2
dataset_1,full,ore,2
dataset_1,full,formations,2
dataset_1,full,initialize,2
dataset_1,full,49er,2
dataset_1,full,beetles,2
dataset_1,full,ai,2
dataset_1,full,jericho,2
dataset_1,full,abandoned,2
dataset_1,full,israelites,2
dataset_1,full,ra,2
dataset_1,full,dung,2
dataset_1,full,dome,2
dataset_1,full,carthage,2
dataset_1,full,bishops,2
dataset_1,full,gnostic,2
dataset_1,full,nicea,2
dataset_1,full,inspiration,2
dataset_1,full,presbyterian,2
dataset_1,full,liturgy,2
dataset_1,full,episcopal,2
dataset_1,full,parish,2
dataset_1,full,bishop,2
dataset_1,full,crashes,2
dataset_1,full,catechism,2
dataset_1,full,stained,2
dataset_1,full,objection,2
dataset_1,full,elizabethan,2
dataset_1,full,quakers,2
dataset_1,full,verona,2
dataset_1,full,nliverpool,2
dataset_1,full,olympiakos,2
dataset_1,full,boredom,2
dataset_1,full,wee,2
dataset_1,full,bugger,2
dataset_1,full,themself,2
dataset_1,full,morality,2
dataset_1,full,frankilndo,2
dataset_1,full,founds,2
dataset_1,full,sarah,2
dataset_1,full,sally,2
dataset_1,full,1745,2
dataset_1,full,performs,2
dataset_1,full,kite,2
dataset_1,full,hutchinson,2
dataset_1,full,submits,2
dataset_1,full,alliance,2
dataset_1,full,84,2
dataset_1,full,gurls,2
dataset_1,full,ri,2
dataset_1,full,fellings,2
dataset_1,full,optical,2
dataset_1,full,illusions,2
dataset_1,full,fort,2
dataset_1,full,dependents,2
dataset_1,full,822,2
dataset_1,full,617,2
dataset_1,full,goose,2
dataset_1,full,ngenerally,2
dataset_1,full,nchildren,2
dataset_1,full,unicellular,2
dataset_1,full,16t,2
dataset_1,full,96t,2
dataset_1,full,depicts,2
dataset_1,full,untalented,2
dataset_1,full,lachey,2
dataset_1,full,mediocre,2
dataset_1,full,crimson,2
dataset_1,full,tull,2
dataset_1,full,mindjet,2
dataset_1,full,msp,2
dataset_1,full,structured,2
dataset_1,full,ohh,2
dataset_1,full,pisses,2
dataset_1,full,youths,2
dataset_1,full,prefix,2
dataset_1,full,nclose,2
dataset_1,full,prompted,2
dataset_1,full,nrelated,2
dataset_1,full,chalky,2
dataset_1,full,barium,2
dataset_1,full,enacted,2
dataset_1,full,aniversary,2
dataset_1,full,burrito,2
dataset_1,full,2400,2
dataset_1,full,bur,2
dataset_1,full,nsmall,2
dataset_1,full,plaque,2
dataset_1,full,cavities,2
dataset_1,full,mp3s,2
dataset_1,full,tapes,2
dataset_1,full,escort,2
dataset_1,full,ideally,2
dataset_1,full,thies,2
dataset_1,full,saied,2
dataset_1,full,protiens,2
dataset_1,full,dairy,2
dataset_1,full,repetition,2
dataset_1,full,equiped,2
dataset_1,full,vaio,2
dataset_1,full,medic,2
dataset_1,full,writhe,2
dataset_1,full,wouldn,2
dataset_1,full,uninstalled,2
dataset_1,full,mow,2
dataset_1,full,pastures,2
dataset_1,full,legumes,2
dataset_1,full,retards,2
dataset_1,full,plant's,2
dataset_1,full,accordingly,2
dataset_1,full,dormant,2
dataset_1,full,grazed,2
dataset_1,full,situated,2
dataset_1,full,elongate,2
dataset_1,full,nutritious,2
dataset_1,full,dietition,2
dataset_1,full,dietician,2
dataset_1,full,privates,2
dataset_1,full,sergeants,2
dataset_1,full,seasoning,2
dataset_1,full,ncos,2
dataset_1,full,progression,2
dataset_1,full,deadliest,2
dataset_1,full,sunburn,2
dataset_1,full,rhymes,2
dataset_1,full,invitation,2
dataset_1,full,academics,2
dataset_1,full,12x,2
dataset_1,full,worshiping,2
dataset_1,full,disapproves,2
dataset_1,full,brethren,2
dataset_1,full,husband's,2
dataset_1,full,carrer,2
dataset_1,full,frivolous,2
dataset_1,full,spamming,2
dataset_1,full,exponentially,2
dataset_1,full,nex,2
dataset_1,full,repossession,2
dataset_1,full,signer,2
dataset_1,full,repossess,2
dataset_1,full,po,2
dataset_1,full,subaddress,2
dataset_1,full,exceeds,2
dataset_1,full,bytes,2
dataset_1,full,packets,2
dataset_1,full,recipient,2
dataset_1,full,vc,2
dataset_1,full,outdated,2
dataset_1,full,overlaps,2
dataset_1,full,header,2
dataset_1,full,uncompressed,2
dataset_1,full,tucked,2
dataset_1,full,ramos,2
dataset_1,full,vanity,2
dataset_1,full,bluntly,2
dataset_1,full,lord's,2
dataset_1,full,neighbourhood,2
dataset_1,full,patrick's,2
dataset_1,full,accents,2
dataset_1,full,conquered,2
dataset_1,full,companion,2
dataset_1,full,gentler,2
dataset_1,full,kinder,2
dataset_1,full,plump,2
dataset_1,full,celebrates,2
dataset_1,full,anyones,2
dataset_1,full,ard,2
dataset_1,full,shamed,2
dataset_1,full,mixture,2
dataset_1,full,dissed,2
dataset_1,full,frowned,2
dataset_1,full,nexecutive,2
dataset_1,full,niv,2
dataset_1,full,gre,2
dataset_1,full,adaptive,2
dataset_1,full,taker,2
dataset_1,full,compulsory,2
dataset_1,full,factored,2
dataset_1,full,concordance,2
dataset_1,full,550,2
dataset_1,full,cutoff,2
dataset_1,full,applicant,2
dataset_1,full,innumerable,2
dataset_1,full,wrongful,2
dataset_1,full,focuses,2
dataset_1,full,navoid,2
dataset_1,full,pierce,2
dataset_1,full,considerd,2
dataset_1,full,nlater,2
dataset_1,full,afghan,2
dataset_1,full,apology,2
dataset_1,full,noticing,2
dataset_1,full,simplicity,2
dataset_1,full,dawn,2
dataset_1,full,5'1,2
dataset_1,full,interdisciplinary,2
dataset_1,full,authoritative,2
dataset_1,full,phosphorus,2
dataset_1,full,ncertain,2
dataset_1,full,soybeans,2
dataset_1,full,soybean,2
dataset_1,full,shrubs,2
dataset_1,full,weeds,2
dataset_1,full,pesticides,2
dataset_1,full,fungicides,2
dataset_1,full,runoff,2
dataset_1,full,pollutants,2
dataset_1,full,cps,2
dataset_1,full,corrections,2
dataset_1,full,locator,2
dataset_1,full,warrants,2
dataset_1,full,figment,2
dataset_1,full,ripple,2
dataset_1,full,silence,2
dataset_1,full,singaporean,2
dataset_1,full,reliant,2
dataset_1,full,dun,2
dataset_1,full,orphan,2
dataset_1,full,nchristine,2
dataset_1,full,jatropha,2
dataset_1,full,expectation,2
dataset_1,full,payed,2
dataset_1,full,wishful,2
dataset_1,full,nused,2
dataset_1,full,stall,2
dataset_1,full,decanal,2
dataset_1,full,chiropractic,2
dataset_1,full,noffer,2
dataset_1,full,benevolent,2
dataset_1,full,chamber,2
dataset_1,full,rotary,2
dataset_1,full,vfw,2
dataset_1,full,toooo,2
dataset_1,full,zebras,2
dataset_1,full,havana,2
dataset_1,full,mafia,2
dataset_1,full,mussolini,2
dataset_1,full,fled,2
dataset_1,full,mobsters,2
dataset_1,full,somone,2
dataset_1,full,tango,2
dataset_1,full,darling,2
dataset_1,full,padres,2
dataset_1,full,hice,2
dataset_1,full,fotos,2
dataset_1,full,tome,2
dataset_1,full,alejandro,2
dataset_1,full,como,2
dataset_1,full,sus,2
dataset_1,full,512mb,2
dataset_1,full,copycat,2
dataset_1,full,filming,2
dataset_1,full,forensic,2
dataset_1,full,vol,2
dataset_1,full,scripture,2
dataset_1,full,murray,2
dataset_1,full,missionary,2
dataset_1,full,digestive,2
dataset_1,full,slightest,2
dataset_1,full,isosceles,2
dataset_1,full,securely,2
dataset_1,full,fastened,2
dataset_1,full,distributor,2
dataset_1,full,nsign,2
dataset_1,full,california's,2
dataset_1,full,spongebob's,2
dataset_1,full,spongebob,2
dataset_1,full,monopoly,2
dataset_1,full,debeers,2
dataset_1,full,appreciation,2
dataset_1,full,laymen,2
dataset_1,full,dividends,2
dataset_1,full,cashiers,2
dataset_1,full,deserted,2
dataset_1,full,bordering,2
dataset_1,full,straws,2
dataset_1,full,naughty,2
dataset_1,full,sunrise,2
dataset_1,full,sunset,2
dataset_1,full,alchohol,2
dataset_1,full,anarchy,2
dataset_1,full,atheism,2
dataset_1,full,theorists,2
dataset_1,full,tides,2
dataset_1,full,clap,2
dataset_1,full,chills,2
dataset_1,full,keeper,2
dataset_1,full,manning,2
dataset_1,full,lotto,2
dataset_1,full,boroughs,2
dataset_1,full,firefighter,2
dataset_1,full,rember,2
dataset_1,full,opion,2
dataset_1,full,alowed,2
dataset_1,full,lashes,2
dataset_1,full,sven,2
dataset_1,full,nonetheless,2
dataset_1,full,planetarium,2
dataset_1,full,nwoman,2
dataset_1,full,unh,2
dataset_1,full,provoked,2
dataset_1,full,depressant,2
dataset_1,full,exhausted,2
dataset_1,full,corbin,2
dataset_1,full,bleu,2
dataset_1,full,efron,2
dataset_1,full,bcuz,2
dataset_1,full,heatsink,2
dataset_1,full,dissipation,2
dataset_1,full,sylvia,2
dataset_1,full,wednesday's,2
dataset_1,full,bumblebee,2
dataset_1,full,50s,2
dataset_1,full,wilbur,2
dataset_1,full,outcast,2
dataset_1,full,socrates,2
dataset_1,full,nazareth,2
dataset_1,full,exterminate,2
dataset_1,full,adrenochrome,2
dataset_1,full,recreational,2
dataset_1,full,naw,2
dataset_1,full,creek,2
dataset_1,full,hell's,2
dataset_1,full,sequential,2
dataset_1,full,improper,2
dataset_1,full,shyness,2
dataset_1,full,psychiatric,2
dataset_1,full,deciding,2
dataset_1,full,novice,2
dataset_1,full,wysiwyg,2
dataset_1,full,hosted,2
dataset_1,full,readyhosting,2
dataset_1,full,busting,2
dataset_1,full,cigar,2
dataset_1,full,nat'l,2
dataset_1,full,quel,2
dataset_1,full,langauge,2
dataset_1,full,fellowship,2
dataset_1,full,pentecostal,2
dataset_1,full,tempted,2
dataset_1,full,interpreting,2
dataset_1,full,imac,2
dataset_1,full,g5,2
dataset_1,full,maximized,2
dataset_1,full,nmonitor,2
dataset_1,full,n62,2
dataset_1,full,n110,2
dataset_1,full,nwatching,2
dataset_1,full,n120,2
dataset_1,full,ataturk,2
dataset_1,full,nmilitary,2
dataset_1,full,caesar,2
dataset_1,full,charlemagne,2
dataset_1,full,arc,2
dataset_1,full,imbalanced,2
dataset_1,full,expats,2
dataset_1,full,nationals,2
dataset_1,full,renewable,2
dataset_1,full,lm6,2
dataset_1,full,maxwell,2
dataset_1,full,timer,2
dataset_1,full,disconnected,2
dataset_1,full,repel,2
dataset_1,full,indefinitely,2
dataset_1,full,aligned,2
dataset_1,full,photons,2
dataset_1,full,recharge,2
dataset_1,full,accounted,2
dataset_1,full,sapience,2
dataset_1,full,sentient,2
dataset_1,full,relius,2
dataset_1,full,aurelius,2
dataset_1,full,rome,2
dataset_1,full,thales,2
dataset_1,full,bce,2
dataset_1,full,demonstrated,2
dataset_1,full,magnesia,2
dataset_1,full,compasses,2
dataset_1,full,220,2
dataset_1,full,scholar,2
dataset_1,full,1190,2
dataset_1,full,1550,2
dataset_1,full,subtilitate,2
dataset_1,full,nwilliam,2
dataset_1,full,cardano's,2
dataset_1,full,liberated,2
dataset_1,full,cabeo,2
dataset_1,full,phenomenon,2
dataset_1,full,guericke,2
dataset_1,full,sulfur,2
dataset_1,full,georg,2
dataset_1,full,kleist,2
dataset_1,full,leyden,2
dataset_1,full,1746,2
dataset_1,full,invent,2
dataset_1,full,commandment,2
dataset_1,full,vegetarian,2
dataset_1,full,bangaram,2
dataset_1,full,worng,2
dataset_1,full,jacques,2
dataset_1,full,cloths,2
dataset_1,full,moons,2
dataset_1,full,latent,2
dataset_1,full,lessen,2
dataset_1,full,dissipate,2
dataset_1,full,reformed,2
dataset_1,full,anthropological,2
dataset_1,full,agnostic,2
dataset_1,full,nprobably,2
dataset_1,full,videogames,2
dataset_1,full,pats,2
dataset_1,full,jets,2
dataset_1,full,aly,2
dataset_1,full,collapses,2
dataset_1,full,bashed,2
dataset_1,full,buick,2
dataset_1,full,radically,2
dataset_1,full,landscape,2
dataset_1,full,horizon,2
dataset_1,full,provinces,2
dataset_1,full,footballers,2
dataset_1,full,ont,2
dataset_1,full,endeavors,2
dataset_1,full,realtors,2
dataset_1,full,employing,2
dataset_1,full,agreeing,2
dataset_1,full,existent,2
dataset_1,full,informations,2
dataset_1,full,rave,2
dataset_1,full,uninformed,2
dataset_1,full,pouch,2
dataset_1,full,anonymous,2
dataset_1,full,cooled,2
dataset_1,full,biomedical,2
dataset_1,full,aims,2
dataset_1,full,perturb,2
dataset_1,full,substantially,2
dataset_1,full,italics,2
dataset_1,full,40k,2
dataset_1,full,alzheimers,2
dataset_1,full,continence,2
dataset_1,full,heirs,2
dataset_1,full,ashes,2
dataset_1,full,winnt,2
dataset_1,full,nring,2
dataset_1,full,tigres,2
dataset_1,full,regal,2
dataset_1,full,deserving,2
dataset_1,full,bcs,2
dataset_1,full,slogan,2
dataset_1,full,caption,2
dataset_1,full,uncle's,2
dataset_1,full,grabs,2
dataset_1,full,stereotypes,2
dataset_1,full,rememberance,2
dataset_1,full,silently,2
dataset_1,full,spina,2
dataset_1,full,dimples,2
dataset_1,full,congenital,2
dataset_1,full,sacral,2
dataset_1,full,vertebral,2
dataset_1,full,arches,2
dataset_1,full,lumbar,2
dataset_1,full,fibres,2
dataset_1,full,confirms,2
dataset_1,full,virus's,2
dataset_1,full,rode,2
dataset_1,full,soothing,2
dataset_1,full,marciano,2
dataset_1,full,champ,2
dataset_1,full,pds,2
dataset_1,full,undersized,2
dataset_1,full,archie,2
dataset_1,full,nhopefully,2
dataset_1,full,lois,2
dataset_1,full,cd's,2
dataset_1,full,lima,2
dataset_1,full,ronaldhino,2
dataset_1,full,nfred,2
dataset_1,full,fred,2
dataset_1,full,spiecies,2
dataset_1,full,schumacher,2
dataset_1,full,valentine,2
dataset_1,full,krrish,2
dataset_1,full,anniyan,2
dataset_1,full,superstar,2
dataset_1,full,npublic,2
dataset_1,full,prohibits,2
dataset_1,full,kda,2
dataset_1,full,intracellular,2
dataset_1,full,phosphorylation,2
dataset_1,full,translocation,2
dataset_1,full,membranes,2
dataset_1,full,catalytic,2
dataset_1,full,meth,2
dataset_1,full,methamphetamines,2
dataset_1,full,epinephrine,2
dataset_1,full,norepinephrine,2
dataset_1,full,receptors,2
dataset_1,full,stimulant,2
dataset_1,full,psychologically,2
dataset_1,full,corrosive,2
dataset_1,full,costing,2
dataset_1,full,enanitos,2
dataset_1,full,verdes,2
dataset_1,full,boliviano,2
dataset_1,full,bolivia,2
dataset_1,full,f's,2
dataset_1,full,voices,2
dataset_1,full,sister's,2
dataset_1,full,addict,2
dataset_1,full,brasil,2
dataset_1,full,popcorn,2
dataset_1,full,christy,2
dataset_1,full,inhabited,2
dataset_1,full,asa,2
dataset_1,full,prophecies,2
dataset_1,full,kin,2
dataset_1,full,deceit,2
dataset_1,full,pita,2
dataset_1,full,havn't,2
dataset_1,full,pox,2
dataset_1,full,lunges,2
dataset_1,full,lombardi,2
dataset_1,full,perceiving,2
dataset_1,full,bacterium,2
dataset_1,full,perceive,2
dataset_1,full,kitten,2
dataset_1,full,commentator,2
dataset_1,full,entertainers,2
dataset_1,full,commentators,2
dataset_1,full,schmaltz,2
dataset_1,full,manly,2
dataset_1,full,withholding,2
dataset_1,full,recruiting,2
dataset_1,full,queda,2
dataset_1,full,offshore,2
dataset_1,full,fcc,2
dataset_1,full,3055,2
dataset_1,full,66053886,2
dataset_1,full,alta,2
dataset_1,full,susa,2
dataset_1,full,giovanni,2
dataset_1,full,feud,2
dataset_1,full,intimately,2
dataset_1,full,vandel,2
dataset_1,full,ferriera,2
dataset_1,full,mill,2
dataset_1,full,mvps,2
dataset_1,full,trajectory,2
dataset_1,full,asteroid,2
dataset_1,full,nasa's,2
dataset_1,full,shrug,2
dataset_1,full,clusters,2
dataset_1,full,understatement,2
dataset_1,full,anaheim,2
dataset_1,full,avid,2
dataset_1,full,housewife,2
dataset_1,full,ua,2
dataset_1,full,225,2
dataset_1,full,thorough,2
dataset_1,full,ole,2
dataset_1,full,graces,2
dataset_1,full,appearances,2
dataset_1,full,2020,2
dataset_1,full,gandhi,2
dataset_1,full,lal,2
dataset_1,full,obnoxious,2
dataset_1,full,sean,2
dataset_1,full,2e,2
dataset_1,full,16e,2
dataset_1,full,harris,2
dataset_1,full,interactions,2
dataset_1,full,imperialism,2
dataset_1,full,nisn't,2
dataset_1,full,eon,2
dataset_1,full,545,2
dataset_1,full,peaks,2
dataset_1,full,lupron,2
dataset_1,full,endometriosis,2
dataset_1,full,menopause,2
dataset_1,full,excruciating,2
dataset_1,full,n95,2
dataset_1,full,beverages,2
dataset_1,full,neutralize,2
dataset_1,full,napple,2
dataset_1,full,practitioner,2
dataset_1,full,jenkins,2
dataset_1,full,ah,2
dataset_1,full,1000mah,2
dataset_1,full,554,2
dataset_1,full,employes,2
dataset_1,full,nactual,2
dataset_1,full,poss,2
dataset_1,full,sporting,2
dataset_1,full,othe,2
dataset_1,full,inlove,2
dataset_1,full,livin,2
dataset_1,full,sc,2
dataset_1,full,insead,2
dataset_1,full,prudence,2
dataset_1,full,synonymous,2
dataset_1,full,pqr,2
dataset_1,full,pq,2
dataset_1,full,qr,2
dataset_1,full,delicious,2
dataset_1,full,semicolon,2
dataset_1,full,nunderstand,2
dataset_1,full,breastfeed,2
dataset_1,full,i'v,2
dataset_1,full,whatis,2
dataset_1,full,advile,2
dataset_1,full,christian's,2
dataset_1,full,unchecked,2
dataset_1,full,electrolytes,2
dataset_1,full,destruct,2
dataset_1,full,hypertension,2
dataset_1,full,usaully,2
dataset_1,full,tenancy,2
dataset_1,full,sequels,2
dataset_1,full,marvelous,2
dataset_1,full,fonder,2
dataset_1,full,romantically,2
dataset_1,full,disbelieve,2
dataset_1,full,gigs,2
dataset_1,full,simultaneous,2
dataset_1,full,nunder,2
dataset_1,full,autocomplete,2
dataset_1,full,611,2
dataset_1,full,cuddle,2
dataset_1,full,massages,2
dataset_1,full,c4,2
dataset_1,full,tnt,2
dataset_1,full,boyfriend's,2
dataset_1,full,stalking,2
dataset_1,full,syndicated,2
dataset_1,full,kwan,2
dataset_1,full,magnificant,2
dataset_1,full,championships,2
dataset_1,full,skaters,2
dataset_1,full,scarey,2
dataset_1,full,jizz,2
dataset_1,full,eventual,2
dataset_1,full,announcements,2
dataset_1,full,joseph's,2
dataset_1,full,betrayed,2
dataset_1,full,ncome,2
dataset_1,full,crucify,2
dataset_1,full,up',2
dataset_1,full,fulfills,2
dataset_1,full,imprisonment,2
dataset_1,full,grandkids,2
dataset_1,full,hayfever,2
dataset_1,full,claritin,2
dataset_1,full,acupressure,2
dataset_1,full,durham,2
dataset_1,full,oregon,2
dataset_1,full,hellp,2
dataset_1,full,freewebs,2
dataset_1,full,mos,2
dataset_1,full,plzzz,2
dataset_1,full,throne,2
dataset_1,full,prowess,2
dataset_1,full,savvy,2
dataset_1,full,quartiles,2
dataset_1,full,exp,2
dataset_1,full,cdf,2
dataset_1,full,deviation,2
dataset_1,full,pervey,2
dataset_1,full,nbottom,2
dataset_1,full,instantaneous,2
dataset_1,full,sweats,2
dataset_1,full,strands,2
dataset_1,full,oxide,2
dataset_1,full,nweight,2
dataset_1,full,gainer,2
dataset_1,full,presses,2
dataset_1,full,plasmids,2
dataset_1,full,directional,2
dataset_1,full,cloned,2
dataset_1,full,dictated,2
dataset_1,full,sousa,2
dataset_1,full,bloated,2
dataset_1,full,prune,2
dataset_1,full,spoons,2
dataset_1,full,carrot,2
dataset_1,full,pastas,2
dataset_1,full,nvegetables,2
dataset_1,full,broccoli,2
dataset_1,full,sprouts,2
dataset_1,full,cauliflower,2
dataset_1,full,oatmeal,2
dataset_1,full,bloating,2
dataset_1,full,suspects,2
dataset_1,full,confronting,2
dataset_1,full,ncold,2
dataset_1,full,spoilage,2
dataset_1,full,refrigerated,2
dataset_1,full,flavoring,2
dataset_1,full,leafy,2
dataset_1,full,grated,2
dataset_1,full,chopped,2
dataset_1,full,curry,2
dataset_1,full,thermometer,2
dataset_1,full,n1994,2
dataset_1,full,roe,2
dataset_1,full,nhistory,2
dataset_1,full,n2005,2
dataset_1,full,sy,2
dataset_1,full,n2004,2
dataset_1,full,n2003,2
dataset_1,full,jos,2
dataset_1,full,montgomerie,2
dataset_1,full,n1999,2
dataset_1,full,retief,2
dataset_1,full,goosen,2
dataset_1,full,n1998,2
dataset_1,full,n1996,2
dataset_1,full,n1995,2
dataset_1,full,n1992,2
dataset_1,full,n1991,2
dataset_1,full,romero,2
dataset_1,full,faldo,2
dataset_1,full,n1988,2
dataset_1,full,seve,2
dataset_1,full,ballesteros,2
dataset_1,full,ifa,2
dataset_1,full,syptoms,2
dataset_1,full,evacuate,2
dataset_1,full,blockage,2
dataset_1,full,cancerous,2
dataset_1,full,ndouble,2
dataset_1,full,3's,2
dataset_1,full,pbs,2
dataset_1,full,cj,2
dataset_1,full,phen,2
dataset_1,full,somalia,2
dataset_1,full,touchy,2
dataset_1,full,ptsd,2
dataset_1,full,glutes,2
dataset_1,full,lookup,2
dataset_1,full,carnival,2
dataset_1,full,latino,2
dataset_1,full,pastel,2
dataset_1,full,bumped,2
dataset_1,full,noticeable,2
dataset_1,full,airborne,2
dataset_1,full,ngreat,2
dataset_1,full,goblet,2
dataset_1,full,syracuse,2
dataset_1,full,synchronize,2
dataset_1,full,sol,2
dataset_1,full,detector,2
dataset_1,full,troubleshoot,2
dataset_1,full,mncs,2
dataset_1,full,opacity,2
dataset_1,full,css,2
dataset_1,full,shortening,2
dataset_1,full,ntextarea,2
dataset_1,full,nborder,2
dataset_1,full,1px,2
dataset_1,full,albeit,2
dataset_1,full,resolutions,2
dataset_1,full,madison,2
dataset_1,full,coca,2
dataset_1,full,wellness,2
dataset_1,full,teaming,2
dataset_1,full,lovin,2
dataset_1,full,mormon,2
dataset_1,full,excepting,2
dataset_1,full,npersonal,2
dataset_1,full,nrepublican,2
dataset_1,full,peers,2
dataset_1,full,magically,2
dataset_1,full,businessman,2
dataset_1,full,troublemaker,2
dataset_1,full,ernest,2
dataset_1,full,draws,2
dataset_1,full,conduit,2
dataset_1,full,yawn,2
dataset_1,full,viewpoint,2
dataset_1,full,wordnet,2
dataset_1,full,cited,2
dataset_1,full,cooper,2
dataset_1,full,contamination,2
dataset_1,full,extinction,2
dataset_1,full,scarcity,2
dataset_1,full,doubled,2
dataset_1,full,nfurther,2
dataset_1,full,boasting,2
dataset_1,full,frenzy,2
dataset_1,full,ranchers,2
dataset_1,full,administer,2
dataset_1,full,lashley,2
dataset_1,full,boogeyman,2
dataset_1,full,helms,2
dataset_1,full,nken,2
dataset_1,full,nmark,2
dataset_1,full,nmatt,2
dataset_1,full,npaul,2
dataset_1,full,murdoch,2
dataset_1,full,bam,2
dataset_1,full,njim,2
dataset_1,full,nmr,2
dataset_1,full,njerry,2
dataset_1,full,nshane,2
dataset_1,full,cole,2
dataset_1,full,nvelocity,2
dataset_1,full,night's,2
dataset_1,full,nsummerslam,2
dataset_1,full,psyche,2
dataset_1,full,trance,2
dataset_1,full,insistent,2
dataset_1,full,dominating,2
dataset_1,full,culturally,2
dataset_1,full,admired,2
dataset_1,full,kindest,2
dataset_1,full,precipitation,2
dataset_1,full,morgan,2
dataset_1,full,daughtry,2
dataset_1,full,pickler,2
dataset_1,full,6yrs,2
dataset_1,full,grandson,2
dataset_1,full,prescott,2
dataset_1,full,nbush,2
dataset_1,full,disputed,2
dataset_1,full,convey,2
dataset_1,full,establishments,2
dataset_1,full,falliong,2
dataset_1,full,quires,2
dataset_1,full,agian,2
dataset_1,full,n',2
dataset_1,full,dodger,2
dataset_1,full,downwards,2
dataset_1,full,exaggerate,2
dataset_1,full,ja,2
dataset_1,full,relying,2
dataset_1,full,compiled,2
dataset_1,full,nscience,2
dataset_1,full,hooking,2
dataset_1,full,veriations,2
dataset_1,full,gc,2
dataset_1,full,traces,2
dataset_1,full,132,2
dataset_1,full,nwrite,2
dataset_1,full,209,2
dataset_1,full,nthey're,2
dataset_1,full,safekeeping,2
dataset_1,full,seller's,2
dataset_1,full,ratings,2
dataset_1,full,unused,2
dataset_1,full,hugs,2
dataset_1,full,cranes,2
dataset_1,full,mmm,2
dataset_1,full,artic,2
dataset_1,full,topless,2
dataset_1,full,watchin,2
dataset_1,full,nluke,2
dataset_1,full,'lord,2
dataset_1,full,immorality,2
dataset_1,full,servant,2
dataset_1,full,amen,2
dataset_1,full,youa,2
dataset_1,full,marginal,2
dataset_1,full,pelosi,2
dataset_1,full,scotia,2
dataset_1,full,wlan,2
dataset_1,full,servants,2
dataset_1,full,nquestion,2
dataset_1,full,shew,2
dataset_1,full,numbered,2
dataset_1,full,sought,2
dataset_1,full,apostle,2
dataset_1,full,appoint,2
dataset_1,full,twelve,2
dataset_1,full,maintained,2
dataset_1,full,restored,2
dataset_1,full,persecuted,2
dataset_1,full,adversary,2
dataset_1,full,hugh,2
dataset_1,full,nibley,2
dataset_1,full,fixes,2
dataset_1,full,barnabas,2
dataset_1,full,niger,2
dataset_1,full,lucius,2
dataset_1,full,saul,2
dataset_1,full,fasted,2
dataset_1,full,pascal,2
dataset_1,full,reaper,2
dataset_1,full,citation,2
dataset_1,full,recreation,2
dataset_1,full,park's,2
dataset_1,full,843,2
dataset_1,full,hmmmmmmmm,2
dataset_1,full,snapshots,2
dataset_1,full,rewards,2
dataset_1,full,fingerprint,2
dataset_1,full,outlaws,2
dataset_1,full,eckleburg,2
dataset_1,full,retinas,2
dataset_1,full,nonexistent,2
dataset_1,full,'cos,2
dataset_1,full,landmarks,2
dataset_1,full,jamie,2
dataset_1,full,retarted,2
dataset_1,full,spanking,2
dataset_1,full,matsui,2
dataset_1,full,reads,2
dataset_1,full,verbatim,2
dataset_1,full,recordable,2
dataset_1,full,motivate,2
dataset_1,full,capacities,2
dataset_1,full,uninstalling,2
dataset_1,full,nsocialism,2
dataset_1,full,withers,2
dataset_1,full,spikes,2
dataset_1,full,cincinnati,2
dataset_1,full,reds,2
dataset_1,full,yachting,2
dataset_1,full,mentor,2
dataset_1,full,instruction,2
dataset_1,full,contingency,2
dataset_1,full,augmentation,2
dataset_1,full,stability,2
dataset_1,full,nfurthermore,2
dataset_1,full,bonuses,2
dataset_1,full,institutes,2
dataset_1,full,reputed,2
dataset_1,full,nmba,2
dataset_1,full,yao,2
dataset_1,full,ming,2
dataset_1,full,tablet,2
dataset_1,full,eres,2
dataset_1,full,contingent,2
dataset_1,full,2864,2
dataset_1,full,basing,2
dataset_1,full,nseriously,2
dataset_1,full,relied,2
dataset_1,full,retained,2
dataset_1,full,immoral,2
dataset_1,full,harr,2
dataset_1,full,queries,2
dataset_1,full,targeted,2
dataset_1,full,snoop,2
dataset_1,full,equifax,2
dataset_1,full,transunion,2
dataset_1,full,textbook,2
dataset_1,full,ncorruption,2
dataset_1,full,nself,2
dataset_1,full,arrests,2
dataset_1,full,obstruction,2
dataset_1,full,bail,2
dataset_1,full,750,2
dataset_1,full,stricter,2
dataset_1,full,maim,2
dataset_1,full,nlongitude,2
dataset_1,full,dms,2
dataset_1,full,2s,2
dataset_1,full,thierry,2
dataset_1,full,monetary,2
dataset_1,full,honour,2
dataset_1,full,knots,2
dataset_1,full,mobility,2
dataset_1,full,weakening,2
dataset_1,full,tearing,2
dataset_1,full,elevate,2
dataset_1,full,crutches,2
dataset_1,full,followup,2
dataset_1,full,lodge,2
dataset_1,full,engagement,2
dataset_1,full,forgo,2
dataset_1,full,advancing,2
dataset_1,full,robot,2
dataset_1,full,inspiring,2
dataset_1,full,paced,2
dataset_1,full,chopin,2
dataset_1,full,rouge,2
dataset_1,full,3x3,2
dataset_1,full,nfemale,2
dataset_1,full,pier,2
dataset_1,full,pressue,2
dataset_1,full,sixteen,2
dataset_1,full,inversely,2
dataset_1,full,30th,2
dataset_1,full,fitting,2
dataset_1,full,insanity,2
dataset_1,full,spoils,2
dataset_1,full,hugo,2
dataset_1,full,wired,2
dataset_1,full,buggy,2
dataset_1,full,n27,2
dataset_1,full,fruity,2
dataset_1,full,carol,2
dataset_1,full,n32,2
dataset_1,full,scuba,2
dataset_1,full,encyclopedia,2
dataset_1,full,nile,2
dataset_1,full,brackets,2
dataset_1,full,corrcect,2
dataset_1,full,semis,2
dataset_1,full,reviewed,2
dataset_1,full,err,2
dataset_1,full,matilda,2
dataset_1,full,cartwright,2
dataset_1,full,storyline,2
dataset_1,full,nsally,2
dataset_1,full,belle,2
dataset_1,full,martha,2
dataset_1,full,ncassie,2
dataset_1,full,nfollow,2
dataset_1,full,squeezed,2
dataset_1,full,brew,2
dataset_1,full,needn't,2
dataset_1,full,moans,2
dataset_1,full,resolves,2
dataset_1,full,relaxation,2
dataset_1,full,communicating,2
dataset_1,full,stimulation,2
dataset_1,full,serotonin,2
dataset_1,full,prozac,2
dataset_1,full,zoloft,2
dataset_1,full,stared,2
dataset_1,full,doomed,2
dataset_1,full,49ers,2
dataset_1,full,tonio,2
dataset_1,full,audit,2
dataset_1,full,nephew,2
dataset_1,full,ballet,2
dataset_1,full,brake,2
dataset_1,full,emailing,2
dataset_1,full,cardizem,2
dataset_1,full,nh3,2
dataset_1,full,8x10,2
dataset_1,full,2x10,2
dataset_1,full,conjugate,2
dataset_1,full,reacted,2
dataset_1,full,volatile,2
dataset_1,full,impacts,2
dataset_1,full,stimulated,2
dataset_1,full,goddard,2
dataset_1,full,chung,2
dataset_1,full,aren,2
dataset_1,full,steer,2
dataset_1,full,gangsta,2
dataset_1,full,ethnicity,2
dataset_1,full,hinder,2
dataset_1,full,archiving,2
dataset_1,full,harddrives,2
dataset_1,full,vids,2
dataset_1,full,accessing,2
dataset_1,full,interacting,2
dataset_1,full,bonaparte,2
dataset_1,full,cellar,2
dataset_1,full,outages,2
dataset_1,full,overload,2
dataset_1,full,nah,2
dataset_1,full,clay,2
dataset_1,full,flawed,2
dataset_1,full,nfyi,2
dataset_1,full,choosen,2
dataset_1,full,bushies,2
dataset_1,full,percocet,2
dataset_1,full,oxycontin,2
dataset_1,full,oxycodone,2
dataset_1,full,beeps,2
dataset_1,full,logarithm,2
dataset_1,full,anointing,2
dataset_1,full,influencing,2
dataset_1,full,payable,2
dataset_1,full,psd,2
dataset_1,full,galaxies,2
dataset_1,full,nread,2
dataset_1,full,bearshare,2
dataset_1,full,'to,2
dataset_1,full,nastey,2
dataset_1,full,ngender,2
dataset_1,full,multitude,2
dataset_1,full,taller,2
dataset_1,full,spurt,2
dataset_1,full,ngot,2
dataset_1,full,wilcox,2
dataset_1,full,cheerleader,2
dataset_1,full,mas,2
dataset_1,full,recomendations,2
dataset_1,full,chrismas,2
dataset_1,full,yong,2
dataset_1,full,doe,2
dataset_1,full,malicious,2
dataset_1,full,shld,2
dataset_1,full,indication,2
dataset_1,full,obscuring,2
dataset_1,full,smiled,2
dataset_1,full,nsincerely,2
dataset_1,full,restroom,2
dataset_1,full,ambulances,2
dataset_1,full,multicellular,2
dataset_1,full,comedians,2
dataset_1,full,shoudl,2
dataset_1,full,cartons,2
dataset_1,full,trouve,2
dataset_1,full,quand,2
dataset_1,full,s'en,2
dataset_1,full,fautes,2
dataset_1,full,vraiment,2
dataset_1,full,n'y,2
dataset_1,full,ait,2
dataset_1,full,s'est,2
dataset_1,full,parma,2
dataset_1,full,moron,2
dataset_1,full,nunited,2
dataset_1,full,cuba,2
dataset_1,full,nalbum,2
dataset_1,full,canine,2
dataset_1,full,dummy,2
dataset_1,full,nher,2
dataset_1,full,comin',2
dataset_1,full,breakup,2
dataset_1,full,coping,2
dataset_1,full,hooters,2
dataset_1,full,prepaid,2
dataset_1,full,algeria,2
dataset_1,full,ww1,2
dataset_1,full,nturkey,2
dataset_1,full,scenic,2
dataset_1,full,cranberry,2
dataset_1,full,swift,2
dataset_1,full,automotive,2
dataset_1,full,handsome,2
dataset_1,full,soldering,2
dataset_1,full,flux,2
dataset_1,full,inspection,2
dataset_1,full,ure,2
dataset_1,full,bernie,2
dataset_1,full,sanders,2
dataset_1,full,lieberman,2
dataset_1,full,d's,2
dataset_1,full,answer',2
dataset_1,full,answerers,2
dataset_1,full,grammatical,2
dataset_1,full,'answer,2
dataset_1,full,sites',2
dataset_1,full,interactive,2
dataset_1,full,unfairly,2
dataset_1,full,classifications,2
dataset_1,full,polymers,2
dataset_1,full,macromolecules,2
dataset_1,full,nexamples,2
dataset_1,full,galactose,2
dataset_1,full,fructose,2
dataset_1,full,glycoside,2
dataset_1,full,polysaccharide,2
dataset_1,full,amylopectin,2
dataset_1,full,branched,2
dataset_1,full,vertebrates,2
dataset_1,full,cellulose,2
dataset_1,full,b's,2
dataset_1,full,assessment,2
dataset_1,full,ajax,2
dataset_1,full,ncontent,2
dataset_1,full,taxonomy,2
dataset_1,full,ufc,2
dataset_1,full,downhill,2
dataset_1,full,shovel,2
dataset_1,full,backs,2
dataset_1,full,diferent,2
dataset_1,full,outfits,2
dataset_1,full,chernobyl,2
dataset_1,full,preceding,2
dataset_1,full,reactors,2
dataset_1,full,robbed,2
dataset_1,full,contractual,2
dataset_1,full,breached,2
dataset_1,full,generaly,2
dataset_1,full,aight,2
dataset_1,full,tourists,2
dataset_1,full,leaned,2
dataset_1,full,bunk,2
dataset_1,full,maynoise,2
dataset_1,full,lettcure,2
dataset_1,full,shouts,2
dataset_1,full,dost,2
dataset_1,full,mint,2
dataset_1,full,compilation,2
dataset_1,full,suburbs,2
dataset_1,full,afterlife,2
dataset_1,full,hypothetical,2
dataset_1,full,cabinet,2
dataset_1,full,garb,2
dataset_1,full,contestant,2
dataset_1,full,emits,2
dataset_1,full,luminous,2
dataset_1,full,propagate,2
dataset_1,full,hai,2
dataset_1,full,witih,2
dataset_1,full,nsimilarly,2
dataset_1,full,forgiving,2
dataset_1,full,cristero,2
dataset_1,full,governance,2
dataset_1,full,scots,2
dataset_1,full,allies,2
dataset_1,full,risking,2
dataset_1,full,freezes,2
dataset_1,full,rigorous,2
dataset_1,full,witchcraft,2
dataset_1,full,pagans,2
dataset_1,full,ames,2
dataset_1,full,nformer,2
dataset_1,full,fiscal,2
dataset_1,full,severance,2
dataset_1,full,ncharge,2
dataset_1,full,pendant,2
dataset_1,full,picky,2
dataset_1,full,beak,2
dataset_1,full,niran,2
dataset_1,full,skinned,2
dataset_1,full,wiping,2
dataset_1,full,veil,2
dataset_1,full,reminds,2
dataset_1,full,victorian,2
dataset_1,full,ankles,2
dataset_1,full,suspicion,2
dataset_1,full,dwarf,2
dataset_1,full,fave's,2
dataset_1,full,nnight,2
dataset_1,full,doom,2
dataset_1,full,improves,2
dataset_1,full,staes,2
dataset_1,full,colorless,2
dataset_1,full,30yr,2
dataset_1,full,underweight,2
dataset_1,full,diuretics,2
dataset_1,full,disguise,2
dataset_1,full,legends,2
dataset_1,full,undecided,2
dataset_1,full,hypocrite,2
dataset_1,full,depp,2
dataset_1,full,adrenal,2
dataset_1,full,gland,2
dataset_1,full,golfers,2
dataset_1,full,shouting,2
dataset_1,full,impending,2
dataset_1,full,equality,2
dataset_1,full,regime,2
dataset_1,full,patronising,2
dataset_1,full,citizenships,2
dataset_1,full,speeding,2
dataset_1,full,sideways,2
dataset_1,full,accelerating,2
dataset_1,full,multimedia,2
dataset_1,full,nnothing,2
dataset_1,full,nround,2
dataset_1,full,ntonight,2
dataset_1,full,nforgive,2
dataset_1,full,hallways,2
dataset_1,full,dim,2
dataset_1,full,nshout,2
dataset_1,full,pubmed,2
dataset_1,full,4d,2
dataset_1,full,380,2
dataset_1,full,achievements,2
dataset_1,full,monet,2
dataset_1,full,evident,2
dataset_1,full,brilliantly,2
dataset_1,full,googleearth,2
dataset_1,full,stalker,2
dataset_1,full,illustrations,2
dataset_1,full,textbooks,2
dataset_1,full,scarce,2
dataset_1,full,lamellae,2
dataset_1,full,comprises,2
dataset_1,full,paired,2
dataset_1,full,sacs,2
dataset_1,full,oxygenated,2
dataset_1,full,charitable,2
dataset_1,full,dint,2
dataset_1,full,stepmother,2
dataset_1,full,'don't,2
dataset_1,full,'you,2
dataset_1,full,lash,2
dataset_1,full,yells,2
dataset_1,full,775,2
dataset_1,full,nhdd,2
dataset_1,full,inter,2
dataset_1,full,compatibility,2
dataset_1,full,sb,2
dataset_1,full,dimension,2
dataset_1,full,scoop,2
dataset_1,full,deodorant,2
dataset_1,full,wannabes,2
dataset_1,full,knack,2
dataset_1,full,striking,2
dataset_1,full,chromatography,2
dataset_1,full,entirety,2
dataset_1,full,programmer's,2
dataset_1,full,sentance,2
dataset_1,full,compulsive,2
dataset_1,full,usefull,2
dataset_1,full,tidy,2
dataset_1,full,misled,2
dataset_1,full,infants,2
dataset_1,full,cockroaches,2
dataset_1,full,betweeen,2
dataset_1,full,syncopated,2
dataset_1,full,grabbing,2
dataset_1,full,f'n,2
dataset_1,full,correspond,2
dataset_1,full,edited,2
dataset_1,full,lunesta,2
dataset_1,full,copays,2
dataset_1,full,nnik,2
dataset_1,full,redhead,2
dataset_1,full,originating,2
dataset_1,full,naturism,2
dataset_1,full,terrified,2
dataset_1,full,strech,2
dataset_1,full,intelligently,2
dataset_1,full,footage,2
dataset_1,full,promotes,2
dataset_1,full,shocking,2
dataset_1,full,disposable,2
dataset_1,full,disposed,2
dataset_1,full,194,2
dataset_1,full,bmi,2
dataset_1,full,ineed,2
dataset_1,full,thi,2
dataset_1,full,carlton,2
dataset_1,full,wtf,2
dataset_1,full,yanked,2
dataset_1,full,shook,2
dataset_1,full,suffocate,2
dataset_1,full,pradesh,2
dataset_1,full,myanmar,2
dataset_1,full,gloria,2
dataset_1,full,arroyo,2
dataset_1,full,impeachment,2
dataset_1,full,nvice,2
dataset_1,full,nsecretary,2
dataset_1,full,condoleezza,2
dataset_1,full,gonzales,2
dataset_1,full,misdemeanors,2
dataset_1,full,subversions,2
dataset_1,full,usurping,2
dataset_1,full,judiciary,2
dataset_1,full,instituting,2
dataset_1,full,wiretapping,2
dataset_1,full,assassinations,2
dataset_1,full,falsely,2
dataset_1,full,vi,2
dataset_1,full,systematic,2
dataset_1,full,biochemical,2
dataset_1,full,npedro,2
dataset_1,full,biochemistry,2
dataset_1,full,campos,2
dataset_1,full,nalfredo,2
dataset_1,full,contribution,2
dataset_1,full,archer,2
dataset_1,full,bows,2
dataset_1,full,disinterested,2
dataset_1,full,meditating,2
dataset_1,full,whitehouse,2
dataset_1,full,passports,2
dataset_1,full,signature,2
dataset_1,full,pyramids,2
dataset_1,full,1mm,2
dataset_1,full,sheffield,2
dataset_1,full,spasms,2
dataset_1,full,nlow,2
dataset_1,full,herniated,2
dataset_1,full,pitched,2
dataset_1,full,edgy,2
dataset_1,full,sux,2
dataset_1,full,lenten,2
dataset_1,full,nlent,2
dataset_1,full,nchoir,2
dataset_1,full,travellers,2
dataset_1,full,ndinner,2
dataset_1,full,orthodox,2
dataset_1,full,communion,2
dataset_1,full,syrian,2
dataset_1,full,festivals,2
dataset_1,full,elian,2
dataset_1,full,nsponsored,2
dataset_1,full,chesney,2
dataset_1,full,shaping,2
dataset_1,full,tranquility,2
dataset_1,full,chit,2
dataset_1,full,squirrels,2
dataset_1,full,backside,2
dataset_1,full,ribcage,2
dataset_1,full,slice,2
dataset_1,full,droppings,2
dataset_1,full,saltwater,2
dataset_1,full,refridgerator,2
dataset_1,full,dumplings,2
dataset_1,full,navigating,2
dataset_1,full,vnc,2
dataset_1,full,rahul,2
dataset_1,full,artificially,2
dataset_1,full,insemination,2
dataset_1,full,commercially,2
dataset_1,full,alcoholics,2
dataset_1,full,skydiving,2
dataset_1,full,youll,2
dataset_1,full,sayuri,2
dataset_1,full,westerners,2
dataset_1,full,arthur,2
dataset_1,full,ignorantly,2
dataset_1,full,seduction,2
dataset_1,full,tokyo,2
dataset_1,full,chiefly,2
dataset_1,full,coincidence,2
dataset_1,full,triumphant,2
dataset_1,full,patron,2
dataset_1,full,analogous,2
dataset_1,full,courtship,2
dataset_1,full,peek,2
dataset_1,full,crown,2
dataset_1,full,entails,2
dataset_1,full,n800,2
dataset_1,full,340,2
dataset_1,full,ndc,2
dataset_1,full,servers,2
dataset_1,full,fanatical,2
dataset_1,full,brainwashed,2
dataset_1,full,interferons,2
dataset_1,full,thinkin,2
dataset_1,full,ga,2
dataset_1,full,effected,2
dataset_1,full,trampoline,2
dataset_1,full,lighted,2
dataset_1,full,4ghz,2
dataset_1,full,inhibiting,2
dataset_1,full,violates,2
dataset_1,full,mbbs,2
dataset_1,full,baccalaureus,2
dataset_1,full,jamaican,2
dataset_1,full,painter,2
dataset_1,full,presume,2
dataset_1,full,transverse,2
dataset_1,full,rearange,2
dataset_1,full,starbucks,2
dataset_1,full,grind,2
dataset_1,full,laget,2
dataset_1,full,190,2
dataset_1,full,superiors,2
dataset_1,full,someting,2
dataset_1,full,allegiance,2
dataset_1,full,nmeaning,2
dataset_1,full,degrading,2
dataset_1,full,billing,2
dataset_1,full,salaries,2
dataset_1,full,stresses,2
dataset_1,full,gardien,2
dataset_1,full,cercle,2
dataset_1,full,donc,2
dataset_1,full,ses,2
dataset_1,full,faute,2
dataset_1,full,milieux,2
dataset_1,full,raux,2
dataset_1,full,tommorow,2
dataset_1,full,routines,2
dataset_1,full,gymnastics,2
dataset_1,full,pregnacy,2
dataset_1,full,wed,2
dataset_1,full,mon,2
dataset_1,full,goign,2
dataset_1,full,stressful,2
dataset_1,full,workings,2
dataset_1,full,hematocrit,2
dataset_1,full,nplz,2
dataset_1,full,nresearch,2
dataset_1,full,suppressed,2
dataset_1,full,nplant,2
dataset_1,full,daisy,2
dataset_1,full,nwalk,2
dataset_1,full,npaint,2
dataset_1,full,turtle,2
dataset_1,full,thieves,2
dataset_1,full,taiwan,2
dataset_1,full,showdown,2
dataset_1,full,fiasco,2
dataset_1,full,bcc,2
dataset_1,full,dreaded,2
dataset_1,full,reciept,2
dataset_1,full,nhaha,2
dataset_1,full,hungary,2
dataset_1,full,relaxing,2
dataset_1,full,wernt,2
dataset_1,full,workin,2
dataset_1,full,1924,2
dataset_1,full,approximation,2
dataset_1,full,sd,2
dataset_1,full,continuity,2
dataset_1,full,surgeries,2
dataset_1,full,measurable,2
dataset_1,full,unrealistic,2
dataset_1,full,cancelling,2
dataset_1,full,varsity,2
dataset_1,full,mansion,2
dataset_1,full,guarentee,2
dataset_1,full,yikes,2
dataset_1,full,shelley,2
dataset_1,full,tying,2
dataset_1,full,ntype,2
dataset_1,full,norfolk,2
dataset_1,full,houseing,2
dataset_1,full,drafts,2
dataset_1,full,questioner,2
dataset_1,full,sunderland,2
dataset_1,full,pools,2
dataset_1,full,trends,2
dataset_1,full,outbreaks,2
dataset_1,full,trillian,2
dataset_1,full,recruits,2
dataset_1,full,verbally,2
dataset_1,full,waiter,2
dataset_1,full,entraineur,2
dataset_1,full,fois,2
dataset_1,full,percentages,2
dataset_1,full,worl,2
dataset_1,full,unitarian,2
dataset_1,full,wearer,2
dataset_1,full,fraternities,2
dataset_1,full,ironic,2
dataset_1,full,bygone,2
dataset_1,full,frm,2
dataset_1,full,meteorology,2
dataset_1,full,oceanography,2
dataset_1,full,currents,2
dataset_1,full,genious,2
dataset_1,full,theresa,2
dataset_1,full,disgusting,2
dataset_1,full,beet,2
dataset_1,full,centimetres,2
dataset_1,full,healthiest,2
dataset_1,full,smoothies,2
dataset_1,full,tofu,2
dataset_1,full,texture,2
dataset_1,full,grocer's,2
dataset_1,full,beasts,2
dataset_1,full,pyramid,2
dataset_1,full,kilowatt,2
dataset_1,full,consumed,2
dataset_1,full,patty,2
dataset_1,full,teen's,2
dataset_1,full,capt,2
dataset_1,full,'psychic',2
dataset_1,full,wiht,2
dataset_1,full,astromener,2
dataset_1,full,seasoned,2
dataset_1,full,literal,2
dataset_1,full,sect,2
dataset_1,full,me',2
dataset_1,full,bookshelf,2
dataset_1,full,valentine's,2
dataset_1,full,sos,2
dataset_1,full,fiance's,2
dataset_1,full,mandarin,2
dataset_1,full,upscale,2
dataset_1,full,lounge,2
dataset_1,full,d'argent,2
dataset_1,full,fric,2
dataset_1,full,maintenant,2
dataset_1,full,loin,2
dataset_1,full,jvm,2
dataset_1,full,njava,2
dataset_1,full,introverts,2
dataset_1,full,darfur,2
dataset_1,full,backbone,2
dataset_1,full,hydrogenation,2
dataset_1,full,neutrons,2
dataset_1,full,neutron,2
dataset_1,full,isotopes,2
dataset_1,full,outermost,2
dataset_1,full,considerable,2
dataset_1,full,surprisingly,2
dataset_1,full,nanyways,2
dataset_1,full,goren's,2
dataset_1,full,goren,2
dataset_1,full,detective,2
dataset_1,full,hussain,2
dataset_1,full,propoganda,2
dataset_1,full,ntrips,2
dataset_1,full,ahoy,2
dataset_1,full,automobiles,2
dataset_1,full,gettysburg,2
dataset_1,full,youngest,2
dataset_1,full,laughed,2
dataset_1,full,4cos,2
dataset_1,full,cos2x,2
dataset_1,full,4a,2
dataset_1,full,'someone,2
dataset_1,full,comforting,2
dataset_1,full,ammount,2
dataset_1,full,azureus,2
dataset_1,full,internship,2
dataset_1,full,headlights,2
dataset_1,full,denomonator,2
dataset_1,full,lorentz,2
dataset_1,full,hydration,2
dataset_1,full,convincing,2
dataset_1,full,holism,2
dataset_1,full,postmodern,2
dataset_1,full,atomist,2
dataset_1,full,holist,2
dataset_1,full,unblocking,2
dataset_1,full,tradingtoy,2
dataset_1,full,deterioration,2
dataset_1,full,colonists,2
dataset_1,full,enviromental,2
dataset_1,full,spleen,2
dataset_1,full,suspension,2
dataset_1,full,checkout,2
dataset_1,full,filesharing,2
dataset_1,full,gnutella,2
dataset_1,full,telly,2
dataset_1,full,formally,2
dataset_1,full,plugin,2
dataset_1,full,mx,2
dataset_1,full,swf,2
dataset_1,full,originates,2
dataset_1,full,planet's,2
dataset_1,full,kilometer,2
dataset_1,full,spacecraft,2
dataset_1,full,spheres,2
dataset_1,full,acre,2
dataset_1,full,vegans,2
dataset_1,full,proccess,2
dataset_1,full,nasa,2
dataset_1,full,primordial,2
dataset_1,full,7km,2
dataset_1,full,clinging,2
dataset_1,full,individuality,2
dataset_1,full,namericans,2
dataset_1,full,mes,2
dataset_1,full,leur,2
dataset_1,full,faut,2
dataset_1,full,energetic,2
dataset_1,full,secession,2
dataset_1,full,1814,2
dataset_1,full,bane,2
dataset_1,full,boon,2
dataset_1,full,electrolyte,2
dataset_1,full,align,2
dataset_1,full,latinos,2
dataset_1,full,omar,2
dataset_1,full,defended,2
dataset_1,full,wbc,2
dataset_1,full,ninterestingly,2
dataset_1,full,organizing,2
dataset_1,full,reunions,2
dataset_1,full,salmon,2
dataset_1,full,spreadsheet,2
dataset_1,full,postcards,2
dataset_1,full,elastic,2
dataset_1,full,grays,2
dataset_1,full,nnobody,2
dataset_1,full,chores,2
dataset_1,full,lacrosse,2
dataset_1,full,bookmark,2
dataset_1,full,ventricle,2
dataset_1,full,nsolar,2
dataset_1,full,noil,2
dataset_1,full,coal,2
dataset_1,full,nnuclear,2
dataset_1,full,iconic,2
dataset_1,full,towers,2
dataset_1,full,buring,2
dataset_1,full,nuclei,2
dataset_1,full,capturing,2
dataset_1,full,approaches,2
dataset_1,full,recovered,2
dataset_1,full,flock,2
dataset_1,full,nislamic,2
dataset_1,full,installments,2
dataset_1,full,debtor,2
dataset_1,full,issuing,2
dataset_1,full,intends,2
dataset_1,full,profound,2
dataset_1,full,nlearn,2
dataset_1,full,shakira,2
dataset_1,full,shart,2
dataset_1,full,farted,2
dataset_1,full,emptive,2
dataset_1,full,nationalism,2
dataset_1,full,aerospace,2
dataset_1,full,consulate,2
dataset_1,full,complements,2
dataset_1,full,boarders,2
dataset_1,full,extremly,2
dataset_1,full,distruction,2
dataset_1,full,betraying,2
dataset_1,full,inquiry,2
dataset_1,full,arachis,2
dataset_1,full,hypogaea,2
dataset_1,full,pollination,2
dataset_1,full,fade,2
dataset_1,full,pegs,2
dataset_1,full,suprise,2
dataset_1,full,taurus,2
dataset_1,full,leonardo,2
dataset_1,full,genghis,2
dataset_1,full,khan,2
dataset_1,full,karl,2
dataset_1,full,adolf,2
dataset_1,full,cardinal,2
dataset_1,full,libra,2
dataset_1,full,overconfident,2
dataset_1,full,forrest,2
dataset_1,full,garnish,2
dataset_1,full,moth,2
dataset_1,full,screwin,2
dataset_1,full,toghether,2
dataset_1,full,burger,2
dataset_1,full,ish,2
dataset_1,full,ronald,2
dataset_1,full,mcdonald,2
dataset_1,full,globulin,2
dataset_1,full,hepatitis,2
dataset_1,full,sting,2
dataset_1,full,bruise,2
dataset_1,full,chimps,2
dataset_1,full,monkeys,2
dataset_1,full,crawling,2
dataset_1,full,notch,2
dataset_1,full,backrub,2
dataset_1,full,glaring,2
dataset_1,full,audited,2
dataset_1,full,receipts,2
dataset_1,full,koenigsegg,2
dataset_1,full,digging,2
dataset_1,full,aprs,2
dataset_1,full,toliet,2
dataset_1,full,cows,2
dataset_1,full,nstress,2
dataset_1,full,screws,2
dataset_1,full,nschool,2
dataset_1,full,unbearable,2
dataset_1,full,punching,2
dataset_1,full,beautifully,2
dataset_1,full,harmless,2
dataset_1,full,imp,2
dataset_1,full,sentiments,2
dataset_1,full,phony,2
dataset_1,full,housewives,2
dataset_1,full,nora,2
dataset_1,full,everyone's,2
dataset_1,full,oliver,2
dataset_1,full,arjun,2
dataset_1,full,bettis,2
dataset_1,full,adresses,2
dataset_1,full,polka,2
dataset_1,full,esp,2
dataset_1,full,nourish,2
dataset_1,full,precedence,2
dataset_1,full,licenses,2
dataset_1,full,circus,2
dataset_1,full,clown,2
dataset_1,full,jason,2
dataset_1,full,goodnight,2
dataset_1,full,freddy,2
dataset_1,full,'country,2
dataset_1,full,negatives,2
dataset_1,full,ballots,2
dataset_1,full,og,2
dataset_1,full,tsubasa,2
dataset_1,full,constellations,2
dataset_1,full,rumors,2
dataset_1,full,withdrawals,2
dataset_1,full,illogical,2
dataset_1,full,uncertainty,2
dataset_1,full,athiest,2
dataset_1,full,installer,2
dataset_1,full,useage,2
dataset_1,full,demo,2
dataset_1,full,velcro,2
dataset_1,full,commissions,2
dataset_1,full,brokerage,2
dataset_1,full,prospecting,2
dataset_1,full,heartfelt,2
dataset_1,full,depressants,2
dataset_1,full,nlaurence,2
dataset_1,full,referes,2
dataset_1,full,appealant,2
dataset_1,full,eror,2
dataset_1,full,canot,2
dataset_1,full,arguable,2
dataset_1,full,capitalize,2
dataset_1,full,friendster,2
dataset_1,full,studing,2
dataset_1,full,osu,2
dataset_1,full,mit,2
dataset_1,full,champaign,2
dataset_1,full,freud,2
dataset_1,full,blades,2
dataset_1,full,peeps,2
dataset_1,full,unseen,2
dataset_1,full,toughest,2
dataset_1,full,browns,2
dataset_1,full,dey,2
dataset_1,full,mislead,2
dataset_1,full,imported,2
dataset_1,full,blockages,2
dataset_1,full,babylonians,2
dataset_1,full,terriers,2
dataset_1,full,wheaton,2
dataset_1,full,dictionaries,2
dataset_1,full,nanswer,2
dataset_1,full,announcement,2
dataset_1,full,1940,2
dataset_1,full,perverts,2
dataset_1,full,forcibly,2
dataset_1,full,1400,2
dataset_1,full,contend,2
dataset_1,full,zebra,2
dataset_1,full,revise,2
dataset_1,full,condensation,2
dataset_1,full,dupage,2
dataset_1,full,nive,2
dataset_1,full,hoo,2
dataset_1,full,parody,2
dataset_1,full,cahier,2
dataset_1,full,plexus,2
dataset_1,full,vishuddhi,2
dataset_1,full,chakra,2
dataset_1,full,sweetness,2
dataset_1,full,diplomacy,2
dataset_1,full,cleansing,2
dataset_1,full,kundalini,2
dataset_1,full,chakras,2
dataset_1,full,attainable,2
dataset_1,full,dangers,2
dataset_1,full,unplanned,2
dataset_1,full,gently,2
dataset_1,full,presser,2
dataset_1,full,nadmissions,2
dataset_1,full,intensive,2
dataset_1,full,enquiries,2
dataset_1,full,omitted,2
dataset_1,full,milky,2
dataset_1,full,cans,2
dataset_1,full,tripped,2
dataset_1,full,'ol,2
dataset_1,full,'oh,2
dataset_1,full,underhand,2
dataset_1,full,pleasuring,2
dataset_1,full,criticism,2
dataset_1,full,pili,2
dataset_1,full,estimating,2
dataset_1,full,1741,2
dataset_1,full,byrd,2
dataset_1,full,unnecessarily,2
dataset_1,full,unprecedented,2
dataset_1,full,surplus,2
dataset_1,full,justices,2
dataset_1,full,undo,2
dataset_1,full,symptons,2
dataset_1,full,toyota's,2
dataset_1,full,epilator,2
dataset_1,full,charger,2
dataset_1,full,geostatic,2
dataset_1,full,insists,2
dataset_1,full,wtc,2
dataset_1,full,attackers,2
dataset_1,full,stir,2
dataset_1,full,tnx,2
dataset_1,full,archipelago,2
dataset_1,full,discrete,2
dataset_1,full,mathmatics,2
dataset_1,full,locates,2
dataset_1,full,examine,2
dataset_1,full,darts,2
dataset_1,full,introduces,2
dataset_1,full,erika,2
dataset_1,full,beleifs,2
dataset_1,full,cams,2
dataset_1,full,neede,2
dataset_1,full,robinson,2
dataset_1,full,1923,2
dataset_1,full,carving,2
dataset_1,full,carvings,2
dataset_1,full,sculpting,2
dataset_1,full,1927,2
dataset_1,full,julian,2
dataset_1,full,1936,2
dataset_1,full,plaster,2
dataset_1,full,insufficient,2
dataset_1,full,commemorate,2
dataset_1,full,sidewalks,2
dataset_1,full,hardening,2
dataset_1,full,designated,2
dataset_1,full,authenticate,2
dataset_1,full,pertain,2
dataset_1,full,arg,2
dataset_1,full,fra,2
dataset_1,full,eng,2
dataset_1,full,tingling,2
dataset_1,full,lingering,2
dataset_1,full,duplicates,2
dataset_1,full,trate,2
dataset_1,full,ncd,2
dataset_1,full,somethin',2
dataset_1,full,thinkin',2
dataset_1,full,ntheres,2
dataset_1,full,shi,2
dataset_1,full,dogg,2
dataset_1,full,26061575a2af,2
dataset_1,full,ico,2
dataset_1,full,ntracking,2
dataset_1,full,spysweeper,2
dataset_1,full,ewido,2
dataset_1,full,nullify,2
dataset_1,full,'good',2
dataset_1,full,deliverence,2
dataset_1,full,moksha,2
dataset_1,full,dedicate,2
dataset_1,full,thereafter,2
dataset_1,full,deron,2
dataset_1,full,arguements,2
dataset_1,full,cools,2
dataset_1,full,concur,2
dataset_1,full,everybody's,2
dataset_1,full,scholl's,2
dataset_1,full,habitat,2
dataset_1,full,reproductive,2
dataset_1,full,bloodshed,2
dataset_1,full,gcc,2
dataset_1,full,masterpiece,2
dataset_1,full,crushes,2
dataset_1,full,ktc,2
dataset_1,full,crawford,2
dataset_1,full,undoubtedly,2
dataset_1,full,kuwait,2
dataset_1,full,nadditionally,2
dataset_1,full,stroking,2
dataset_1,full,oops,2
dataset_1,full,mints,2
dataset_1,full,guessed,2
dataset_1,full,_____,2
dataset_1,full,nfe,2
dataset_1,full,mask,2
dataset_1,full,routing,2
dataset_1,full,fat32,2
dataset_1,full,www,2
dataset_1,full,gadgets,2
dataset_1,full,ncourtney,2
dataset_1,full,neccessary,2
dataset_1,full,repressed,2
dataset_1,full,signup,2
dataset_1,full,accidentally,2
dataset_1,full,nquick,2
dataset_1,full,launch,2
dataset_1,full,matched,2
dataset_1,full,neurology,2
dataset_1,full,isa,2
dataset_1,full,allot,2
dataset_1,full,olive,2
dataset_1,full,olive's,2
dataset_1,full,nadp,2
dataset_1,full,reminders,2
dataset_1,full,costa,2
dataset_1,full,heed,2
dataset_1,full,rescuers,2
dataset_1,full,stricken,2
dataset_1,full,homer,2
dataset_1,full,releasing,2
dataset_1,full,codestones,2
dataset_1,full,codestone,2
dataset_1,full,nbattledome,2
dataset_1,full,neopians,2
dataset_1,full,turmaculus,2
dataset_1,full,meridell,2
dataset_1,full,guacamole,2
dataset_1,full,myelin,2
dataset_1,full,slipped,2
dataset_1,full,bans,2
dataset_1,full,rep's,2
dataset_1,full,whick,2
dataset_1,full,frontier,2
dataset_1,full,airconditioning,2
dataset_1,full,saftey,2
dataset_1,full,indefinately,2
dataset_1,full,tolerable,2
dataset_1,full,humid,2
dataset_1,full,discriminated,2
dataset_1,full,wedge,2
dataset_1,full,abdomin,2
dataset_1,full,greys,2
dataset_1,full,minuteman,2
dataset_1,full,personaly,2
dataset_1,full,inmigrants,2
dataset_1,full,snob,2
dataset_1,full,vigilantes,2
dataset_1,full,wmp,2
dataset_1,full,ususally,2
dataset_1,full,xxx,2
dataset_1,full,hijackers,2
dataset_1,full,presure,2
dataset_1,full,substituting,2
dataset_1,full,barking,2
dataset_1,full,plumbing,2
dataset_1,full,facebook,2
dataset_1,full,residue,2
dataset_1,full,screens,2
dataset_1,full,halls,2
dataset_1,full,taxi,2
dataset_1,full,intersted,2
dataset_1,full,shuttle,2
dataset_1,full,botter,2
dataset_1,full,nbetter,2
dataset_1,full,beetle,2
dataset_1,full,thanking,2
dataset_1,full,kacha,2
dataset_1,full,poonam,2
dataset_1,full,witches,2
dataset_1,full,snails,2
dataset_1,full,ape,2
dataset_1,full,annoys,2
dataset_1,full,eightfold,2
dataset_1,full,livelihood,2
dataset_1,full,mindfulness,2
dataset_1,full,hydrated,2
dataset_1,full,greens,2
dataset_1,full,neice,2
dataset_1,full,sipping,2
dataset_1,full,belch,2
dataset_1,full,truest,2
dataset_1,full,concord,2
dataset_1,full,sporadically,2
dataset_1,full,1817,2
dataset_1,full,1862,2
dataset_1,full,ndata,2
dataset_1,full,totaly,2
dataset_1,full,synonyms,2
dataset_1,full,pitiful,2
dataset_1,full,celcius,2
dataset_1,full,quebec,2
dataset_1,full,enraged,2
dataset_1,full,adverts,2
dataset_1,full,amends,2
dataset_1,full,sustainability,2
dataset_1,full,ncharlie,2
dataset_1,full,assimilate,2
dataset_1,full,abbrevaition,2
dataset_1,full,acronyms,2
dataset_1,full,lit,2
dataset_1,full,physicists,2
dataset_1,full,nx2,2
dataset_1,full,nwe'll,2
dataset_1,full,char,2
dataset_1,full,26cm,2
dataset_1,full,solid's,2
dataset_1,full,childbirth,2
dataset_1,full,wary,2
dataset_1,full,observing,2
dataset_1,full,nray,2
dataset_1,full,vick,2
dataset_1,full,informal,2
dataset_1,full,prepositions,2
dataset_1,full,maths,2
dataset_1,full,sabes,2
dataset_1,full,matem,2
dataset_1,full,tica,2
dataset_1,full,cone,2
dataset_1,full,nhi,2
dataset_1,full,compliment,2
dataset_1,full,reflexive,2
dataset_1,full,culpabilidad,2
dataset_1,full,cuentos,2
dataset_1,full,hadas,2
dataset_1,full,tratar,2
dataset_1,full,doubts,2
dataset_1,full,rong,2
dataset_1,full,gumball,2
dataset_1,full,stripe,2
dataset_1,full,zealous,2
dataset_1,full,observance,2
dataset_1,full,brag,2
dataset_1,full,innuendos,2
dataset_1,full,seperately,2
dataset_1,full,buns,2
dataset_1,full,creationists,2
dataset_1,full,defamation,2
dataset_1,full,plumbers,2
dataset_1,full,pipes,2
dataset_1,full,jonas,2
dataset_1,full,salk,2
dataset_1,full,tre,2
dataset_1,full,dit,2
dataset_1,full,elle,2
dataset_1,full,espoir,2
dataset_1,full,pointers,2
dataset_1,full,gorillas,2
dataset_1,full,daytime,2
dataset_1,full,inflated,2
dataset_1,full,recoil,2
dataset_1,full,exerted,2
dataset_1,full,guarentees,2
dataset_1,full,decelerate,2
dataset_1,full,compresses,2
dataset_1,full,deform,2
dataset_1,full,overcrowding,2
dataset_1,full,economical,2
dataset_1,full,addressing,2
dataset_1,full,remodeled,2
dataset_1,full,billiards,2
dataset_1,full,cues,2
dataset_1,full,presidency,2
dataset_1,full,steamed,2
dataset_1,full,wrinkle,2
dataset_1,full,peole,2
dataset_1,full,footbal,2
dataset_1,full,chunky,2
dataset_1,full,4etc,2
dataset_1,full,xpress,2
dataset_1,full,90's,2
dataset_1,full,alan,2
dataset_1,full,mays,2
dataset_1,full,hank,2
dataset_1,full,aaron,2
dataset_1,full,braves,2
dataset_1,full,royals,2
dataset_1,full,pirates,2
dataset_1,full,stan,2
dataset_1,full,nbob,2
dataset_1,full,predisposed,2
dataset_1,full,quaternary,2
dataset_1,full,sock,2
dataset_1,full,accidently,2
dataset_1,full,angola,2
dataset_1,full,denture,2
dataset_1,full,wrox,2
dataset_1,full,obtaining,2
dataset_1,full,9am,2
dataset_1,full,4pm,2
dataset_1,full,'first,2
dataset_1,full,correcting,2
dataset_1,full,ingesting,2
dataset_1,full,messi,2
dataset_1,full,nposition,2
dataset_1,full,comers,2
dataset_1,full,theo,2
dataset_1,full,lad,2
dataset_1,full,silky,2
dataset_1,full,bagged,2
dataset_1,full,shrugged,2
dataset_1,full,npeace,2
dataset_1,full,fertilized,2
dataset_1,full,helicopter,2
dataset_1,full,freckles,2
dataset_1,full,pathology,2
dataset_1,full,sooooo,2
dataset_1,full,trivial,2
dataset_1,full,offensively,2
dataset_1,full,bryant,2
dataset_1,full,forwards,2
dataset_1,full,defends,2
dataset_1,full,boobs,2
dataset_1,full,jsut,2
dataset_1,full,timmy,2
dataset_1,full,imaginary,2
dataset_1,full,toby,2
dataset_1,full,equitable,2
dataset_1,full,rvd,2
dataset_1,full,n1st,2
dataset_1,full,beter,2
dataset_1,full,drum,2
dataset_1,full,drums,2
dataset_1,full,highlights,2
dataset_1,full,boxers,2
dataset_1,full,dyslexic,2
dataset_1,full,annie,2
dataset_1,full,phonics,2
dataset_1,full,appropriately,2
dataset_1,full,harassed,2
dataset_1,full,hostile,2
dataset_1,full,gamecube,2
dataset_1,full,encoding,2
dataset_1,full,motifs,2
dataset_1,full,haunt,2
dataset_1,full,golddigger,2
dataset_1,full,measles,2
dataset_1,full,tones,2
dataset_1,full,accuser,2
dataset_1,full,bureaucrats,2
dataset_1,full,attorney's,2
dataset_1,full,prosecutor,2
dataset_1,full,redness,2
dataset_1,full,hsv,2
dataset_1,full,homerun,2
dataset_1,full,warwick,2
dataset_1,full,usb2,2
dataset_1,full,jun,2
dataset_1,full,smartass,2
dataset_1,full,nsingle,2
dataset_1,full,radiant,2
dataset_1,full,coils,2
dataset_1,full,lambeau,2
dataset_1,full,everyones,2
dataset_1,full,assertive,2
dataset_1,full,awkward,2
dataset_1,full,censor,2
dataset_1,full,celled,2
dataset_1,full,archaea,2
dataset_1,full,germ,2
dataset_1,full,undergoes,2
dataset_1,full,gamete,2
dataset_1,full,zygote,2
dataset_1,full,recombination,2
dataset_1,full,encoded,2
dataset_1,full,cytoplasm,2
dataset_1,full,mitotic,2
dataset_1,full,somatic,2
dataset_1,full,destined,2
dataset_1,full,ova,2
dataset_1,full,embryonic,2
dataset_1,full,physicist,2
dataset_1,full,crashing,2
dataset_1,full,themselfs,2
dataset_1,full,doubtful,2
dataset_1,full,transcripts,2
dataset_1,full,transition,2
dataset_1,full,buckling,2
dataset_1,full,sat's,2
dataset_1,full,curricular,2
dataset_1,full,worldcup,2
dataset_1,full,tri,2
dataset_1,full,eyeliner,2
dataset_1,full,teh,2
dataset_1,full,nething,2
dataset_1,full,cryotherapy,2
dataset_1,full,nplace,2
dataset_1,full,abel,2
dataset_1,full,delays,2
dataset_1,full,unknowingly,2
dataset_1,full,oft,2
dataset_1,full,disrespectful,2
dataset_1,full,fatter,2
dataset_1,full,urgent,2
dataset_1,full,m100,2
dataset_1,full,n512,2
dataset_1,full,verdict,2
dataset_1,full,u'r,2
dataset_1,full,assured,2
dataset_1,full,hearsh,2
dataset_1,full,yorker,2
dataset_1,full,mocking,2
dataset_1,full,iraqi's,2
dataset_1,full,shiites,2
dataset_1,full,planner,2
dataset_1,full,wills,2
dataset_1,full,tal,2
dataset_1,full,nwhatever,2
dataset_1,full,noverall,2
dataset_1,full,clarification,2
dataset_1,full,ddr,2
dataset_1,full,agp,2
dataset_1,full,radeon,2
dataset_1,full,9500,2
dataset_1,full,6200,2
dataset_1,full,cr,2
dataset_1,full,havnt,2
dataset_1,full,seceded,2
dataset_1,full,apeal,2
dataset_1,full,gatherings,2
dataset_1,full,nblue,2
dataset_1,full,ellen,2
dataset_1,full,flops,2
dataset_1,full,nreally,2
dataset_1,full,bygones,2
dataset_1,full,norm,2
dataset_1,full,mirrors,2
dataset_1,full,wideouts,2
dataset_1,full,overshadowed,2
dataset_1,full,egomaniac,2
dataset_1,full,holt,2
dataset_1,full,receiver,2
dataset_1,full,greats,2
dataset_1,full,lynn,2
dataset_1,full,20s,2
dataset_1,full,hampshire,2
dataset_1,full,confirming,2
dataset_1,full,behold,2
dataset_1,full,hereafter,2
dataset_1,full,solemn,2
dataset_1,full,messengers,2
dataset_1,full,disagreed,2
dataset_1,full,n009,2
dataset_1,full,065,2
dataset_1,full,hath,2
dataset_1,full,yourselves,2
dataset_1,full,surrendered,2
dataset_1,full,sickest,2
dataset_1,full,waz,2
dataset_1,full,gals,2
dataset_1,full,discretion,2
dataset_1,full,misconceptions,2
dataset_1,full,catalog,2
dataset_1,full,dateline,2
dataset_1,full,proceeds,2
dataset_1,full,scammed,2
dataset_1,full,microlenders,2
dataset_1,full,nisabel,2
dataset_1,full,isidro,2
dataset_1,full,nexemple,2
dataset_1,full,343,2
dataset_1,full,5423,2
dataset_1,full,operator,2
dataset_1,full,impeach,2
dataset_1,full,sinusoidal,2
dataset_1,full,indicating,2
dataset_1,full,oscillating,2
dataset_1,full,ea,2
dataset_1,full,eb,2
dataset_1,full,relativistic,2
dataset_1,full,questons,2
dataset_1,full,finest,2
dataset_1,full,fascists,2
dataset_1,full,ritual,2
dataset_1,full,mock,2
dataset_1,full,enlightened,2
dataset_1,full,mend,2
dataset_1,full,ufos,2
dataset_1,full,purge,2
dataset_1,full,hosts,2
dataset_1,full,realm,2
dataset_1,full,gangster,2
dataset_1,full,scatter,2
dataset_1,full,contemporary,2
dataset_1,full,'hungry',2
dataset_1,full,'angry',2
dataset_1,full,aloud,2
dataset_1,full,photobucket,2
dataset_1,full,customized,2
dataset_1,full,nlog,2
dataset_1,full,skateboards,2
dataset_1,full,inaction,2
dataset_1,full,accountable,2
dataset_1,full,turf,2
dataset_1,full,southampton,2
dataset_1,full,doxycycline,2
dataset_1,full,isreal,2
dataset_1,full,whack,2
dataset_1,full,mimic,2
dataset_1,full,otc,2
dataset_1,full,els,2
dataset_1,full,pleez,2
dataset_1,full,oxidizing,2
dataset_1,full,cu,2
dataset_1,full,no3,2
dataset_1,full,nmetal,2
dataset_1,full,sulphuric,2
dataset_1,full,so2,2
dataset_1,full,cowardly,2
dataset_1,full,regain,2
dataset_1,full,detached,2
dataset_1,full,gruesome,2
dataset_1,full,cane,2
dataset_1,full,layed,2
dataset_1,full,philosophies,2
dataset_1,full,beware,2
dataset_1,full,lifetimes,2
dataset_1,full,arrays,2
dataset_1,full,object's,2
dataset_1,full,'could,2
dataset_1,full,mysql_error,2
dataset_1,full,mysql_assoc,2
dataset_1,full,col_value,2
dataset_1,full,abstraction,2
dataset_1,full,admiring,2
dataset_1,full,donovan,2
dataset_1,full,cornell,2
dataset_1,full,nnational,2
dataset_1,full,competitions,2
dataset_1,full,reggae,2
dataset_1,full,wiped,2
dataset_1,full,seaman,2
dataset_1,full,commander,2
dataset_1,full,nicknames,2
dataset_1,full,chi,2
dataset_1,full,freaked,2
dataset_1,full,treasure,2
dataset_1,full,spokeswoman,2
dataset_1,full,tracy,2
dataset_1,full,debut,2
dataset_1,full,skeletal,2
dataset_1,full,anorectic,2
dataset_1,full,discard,2
dataset_1,full,vk,2
dataset_1,full,15th,2
dataset_1,full,scabies,2
dataset_1,full,biting,2
dataset_1,full,bathe,2
dataset_1,full,scenes,2
dataset_1,full,javascript,2
dataset_1,full,905,2
dataset_1,full,bathed,2
dataset_1,full,pulse,2
dataset_1,full,droped,2
dataset_1,full,morphine,2
dataset_1,full,dizzy,2
dataset_1,full,debugging,2
dataset_1,full,iis,2
dataset_1,full,meaner,2
dataset_1,full,lucent,2
dataset_1,full,overthrow,2
dataset_1,full,populace,2
dataset_1,full,compensation,2
dataset_1,full,king's,2
dataset_1,full,52,2
dataset_1,full,urologist,2
dataset_1,full,lactic,2
dataset_1,full,neuroscience,2
dataset_1,full,alwaysrememberyou,2
dataset_1,full,60gb,2
dataset_1,full,insular,2
dataset_1,full,schwarzenegger,2
dataset_1,full,damme,2
dataset_1,full,str8,2
dataset_1,full,ridiculed,2
dataset_1,full,c6,2
dataset_1,full,phyisical,2
dataset_1,full,vascular,2
dataset_1,full,pinched,2
dataset_1,full,dyes,2
dataset_1,full,throbbing,2
dataset_1,full,borrowed,2
dataset_1,full,dads,2
dataset_1,full,fostered,2
dataset_1,full,shaq,2
dataset_1,full,wade,2
dataset_1,full,newsletter,2
dataset_1,full,unpaid,2
dataset_1,full,capitol,2
dataset_1,full,mutiple,2
dataset_1,full,rayados,2
dataset_1,full,accountability,2
dataset_1,full,endeavor,2
dataset_1,full,there'll,2
dataset_1,full,agricultural,2
dataset_1,full,cutie,2
dataset_1,full,tunes,2
dataset_1,full,gators,2
dataset_1,full,smokers,2
dataset_1,full,affinity,2
dataset_1,full,copd,2
dataset_1,full,guideline,2
dataset_1,full,floods,2
dataset_1,full,creations,2
dataset_1,full,figurative,2
dataset_1,full,approves,2
dataset_1,full,communicates,2
dataset_1,full,unfaithful,2
dataset_1,full,comma,2
dataset_1,full,prescribing,2
dataset_1,full,kawasaki,2
dataset_1,full,ninja,2
dataset_1,full,83,2
dataset_1,full,187,2
dataset_1,full,sacrafice,2
dataset_1,full,28th,2
dataset_1,full,leo,2
dataset_1,full,mod,2
dataset_1,full,kindergarden,2
dataset_1,full,polystyrene,2
dataset_1,full,floyd,2
dataset_1,full,oust,2
dataset_1,full,wmd's,2
dataset_1,full,seriousness,2
dataset_1,full,overcoat,2
dataset_1,full,nwhite,2
dataset_1,full,adam's,2
dataset_1,full,demi,2
dataset_1,full,reconcile,2
dataset_1,full,framework,2
dataset_1,full,loked,2
dataset_1,full,versimilitude,2
dataset_1,full,realism,2
dataset_1,full,j2ee,2
dataset_1,full,jms,2
dataset_1,full,wma,2
dataset_1,full,'so,2
dataset_1,full,hugged,2
dataset_1,full,amusement,2
dataset_1,full,faking,2
dataset_1,full,fakes,2
dataset_1,full,oui,2
dataset_1,full,1958,2
dataset_1,full,finale,2
dataset_1,full,doo,2
dataset_1,full,geneticist,2
dataset_1,full,eyeball,2
dataset_1,full,nskin,2
dataset_1,full,preponderance,2
dataset_1,full,globin,2
dataset_1,full,parasites,2
dataset_1,full,alu,2
dataset_1,full,nm_94327343,2
dataset_1,full,evolving,2
dataset_1,full,depress,2
dataset_1,full,chap,2
dataset_1,full,mutually,2
dataset_1,full,continuum,2
dataset_1,full,transgendered,2
dataset_1,full,1952,2
dataset_1,full,straightforward,2
dataset_1,full,raymond's,2
dataset_1,full,downpayment,2
dataset_1,full,bleeds,2
dataset_1,full,powerplay,2
dataset_1,full,announcers,2
dataset_1,full,edmonton,2
dataset_1,full,jose,2
dataset_1,full,nabokov,2
dataset_1,full,undoing,2
dataset_1,full,ofcourse,2
dataset_1,full,ciia,2
dataset_1,full,harmonica,2
dataset_1,full,jutsus,2
dataset_1,full,hats,2
dataset_1,full,temper,2
dataset_1,full,gulp,2
dataset_1,full,pleas,2
dataset_1,full,ncontrolled,2
dataset_1,full,imperative,2
dataset_1,full,continuing,2
dataset_1,full,launched,2
dataset_1,full,descended,2
dataset_1,full,despise,2
dataset_1,full,gutter,2
dataset_1,full,wld,2
dataset_1,full,irritating,2
dataset_1,full,zombie,2
dataset_1,full,auntie,2
dataset_1,full,dang,2
dataset_1,full,ailments,2
dataset_1,full,mugabe,2
dataset_1,full,biggot,2
dataset_1,full,becaue,2
dataset_1,full,margin,2
dataset_1,full,zoning,2
dataset_1,full,haven,2
dataset_1,full,ct,2
dataset_1,full,unincorporated,2
dataset_1,full,empassy,2
dataset_1,full,lithuania,2
dataset_1,full,str,2
dataset_1,full,cairo,2
dataset_1,full,sq,2
dataset_1,full,3369443,2
dataset_1,full,europian,2
dataset_1,full,weave,2
dataset_1,full,rebelling,2
dataset_1,full,portability,2
dataset_1,full,mined,2
dataset_1,full,coordinate,2
dataset_1,full,wavelengths,2
dataset_1,full,correlate,2
dataset_1,full,585,2
dataset_1,full,deprivation,2
dataset_1,full,1800,2
dataset_1,full,754,2
dataset_1,full,chases,2
dataset_1,full,mealworms,2
dataset_1,full,gran,2
dataset_1,full,lsat,2
dataset_1,full,footsteps,2
dataset_1,full,dem,2
dataset_1,full,rout,2
dataset_1,full,spouses,2
dataset_1,full,perticular,2
dataset_1,full,homophobic,2
dataset_1,full,dude's,2
dataset_1,full,vid,2
dataset_1,full,transducer,2
dataset_1,full,diaphragm,2
dataset_1,full,pedophiles,2
dataset_1,full,amplified,2
dataset_1,full,spammers,2
dataset_1,full,pim,2
dataset_1,full,tradeoffs,2
dataset_1,full,subtypes,2
dataset_1,full,schema,2
dataset_1,full,disproportionate,2
dataset_1,full,formatted,2
dataset_1,full,croatian,2
dataset_1,full,shoul,2
dataset_1,full,3b,2
dataset_1,full,denise,2
dataset_1,full,webber,2
dataset_1,full,i'am,2
dataset_1,full,ku,2
dataset_1,full,iowa,2
dataset_1,full,beanie,2
dataset_1,full,keen,2
dataset_1,full,competetive,2
dataset_1,full,sp3,2
dataset_1,full,sustain,2
dataset_1,full,poorer,2
dataset_1,full,poorest,2
dataset_1,full,doens't,2
dataset_1,full,gunna,2
dataset_1,full,hott,2
dataset_1,full,shuld,2
dataset_1,full,sry,2
dataset_1,full,ribald,2
dataset_1,full,ranks,2
dataset_1,full,heaping,2
dataset_1,full,barter,2
dataset_1,full,distinguishes,2
dataset_1,full,fri,2
dataset_1,full,cramp,2
dataset_1,full,hana,2
dataset_1,full,kimi,2
dataset_1,full,mangas,2
dataset_1,full,906,2
dataset_1,full,desist,2
dataset_1,full,tampon,2
dataset_1,full,multiplies,2
dataset_1,full,16c,2
dataset_1,full,simplifying,2
dataset_1,full,clearer,2
dataset_1,full,diuretic,2
dataset_1,full,ringing,2
dataset_1,full,metropolitan,2
dataset_1,full,ninth,2
dataset_1,full,arguably,2
dataset_1,full,swears,2
dataset_1,full,mw,2
dataset_1,full,ionizing,2
dataset_1,full,gamma,2
dataset_1,full,radiating,2
dataset_1,full,efficacy,2
dataset_1,full,cs,2
dataset_1,full,alkali,2
dataset_1,full,nph,2
dataset_1,full,bruising,2
dataset_1,full,restaurants,2
dataset_1,full,angelou,2
dataset_1,full,discusses,2
dataset_1,full,extraordinary,2
dataset_1,full,monoxide,2
dataset_1,full,nshortness,2
dataset_1,full,nmild,2
dataset_1,full,nheadaches,2
dataset_1,full,nlight,2
dataset_1,full,headedness,2
dataset_1,full,recalls,2
dataset_1,full,truthful,2
dataset_1,full,havea,2
dataset_1,full,constitutionality,2
dataset_1,full,nkind,2
dataset_1,full,gr,2
dataset_1,full,som,2
dataset_1,full,brady,2
dataset_1,full,jehovahs,2
dataset_1,full,marites,2
dataset_1,full,tagalog,2
dataset_1,full,limiting,2
dataset_1,full,compose,2
dataset_1,full,biologist,2
dataset_1,full,pierre,2
dataset_1,full,sr,2
dataset_1,full,diluted,2
dataset_1,full,anorexic,2
dataset_1,full,surfing,2
dataset_1,full,thunderbird,2
dataset_1,full,wpa,2
dataset_1,full,stds,2
dataset_1,full,perveted,2
dataset_1,full,rbi,2
dataset_1,full,pimples,2
dataset_1,full,peroxide,2
dataset_1,full,topical,2
dataset_1,full,vibrations,2
dataset_1,full,concertos,2
dataset_1,full,perty,2
dataset_1,full,shinai,2
dataset_1,full,givin,2
dataset_1,full,ahhh,2
dataset_1,full,spoil,2
dataset_1,full,releif,2
dataset_1,full,synch,2
dataset_1,full,backstreet,2
dataset_1,full,intact,2
dataset_1,full,nhonestly,2
dataset_1,full,devote,2
dataset_1,full,suicides,2
dataset_1,full,misinformed,2
dataset_1,full,centimeter,2
dataset_1,full,helpless,2
dataset_1,full,comply,2
dataset_1,full,ruby's,2
dataset_1,full,dwight,2
dataset_1,full,intervened,2
dataset_1,full,intimidate,2
dataset_1,full,orlando,2
dataset_1,full,darko,2
dataset_1,full,mavericks,2
dataset_1,full,steven,2
dataset_1,full,landed,2
dataset_1,full,tagged,2
dataset_1,full,administrators,2
dataset_1,full,prestigious,2
dataset_1,full,haunted,2
dataset_1,full,nbesides,2
dataset_1,full,nifty,2
dataset_1,full,paperweight,2
dataset_1,full,nalong,2
dataset_1,full,conductivity,2
dataset_1,full,hov,2
dataset_1,full,chico,2
dataset_1,full,seahawks,2
dataset_1,full,fitted,2
dataset_1,full,flatter,2
dataset_1,full,331,2
dataset_1,full,fa,2
dataset_1,full,felix,2
dataset_1,full,gestured,2
dataset_1,full,negotiable,2
dataset_1,full,granting,2
dataset_1,full,ktm,2
dataset_1,full,dificult,2
dataset_1,full,authoritarian,2
dataset_1,full,mano,2
dataset_1,full,325,2
dataset_1,full,141,2
dataset_1,full,inconvenience,2
dataset_1,full,iep,2
dataset_1,full,meilleur,2
dataset_1,full,gagn,2
dataset_1,full,wher,2
dataset_1,full,satan's,2
dataset_1,full,childrens,2
dataset_1,full,blast,2
dataset_1,full,pout,2
dataset_1,full,upgrading,2
dataset_1,full,frogs,2
dataset_1,full,graders,2
dataset_1,full,implode,2
dataset_1,full,sinking,2
dataset_1,full,colds,2
dataset_1,full,conditioner,2
dataset_1,full,fondle,2
dataset_1,full,oppression,2
dataset_1,full,diesel,2
dataset_1,full,bldg,2
dataset_1,full,differant,2
dataset_1,full,socializing,2
dataset_1,full,cali,2
dataset_1,full,perks,2
dataset_1,full,belonging,2
dataset_1,full,lowering,2
dataset_1,full,hump,2
dataset_1,full,bragging,2
dataset_1,full,deathbed,2
dataset_1,full,grooms,2
dataset_1,full,shin,2
dataset_1,full,lang,2
dataset_1,full,brides,2
dataset_1,full,nhistorically,2
dataset_1,full,hospitality,2
dataset_1,full,internationally,2
dataset_1,full,nmajor,2
dataset_1,full,lineage,2
dataset_1,full,ntoday,2
dataset_1,full,nwedding,2
dataset_1,full,costume,2
dataset_1,full,hemp,2
dataset_1,full,bride's,2
dataset_1,full,sleeves,2
dataset_1,full,decoration,2
dataset_1,full,groom's,2
dataset_1,full,straps,2
dataset_1,full,marinated,2
dataset_1,full,kimchee,2
dataset_1,full,cabbage,2
dataset_1,full,dipping,2
dataset_1,full,broth,2
dataset_1,full,clams,2
dataset_1,full,vegetable,2
dataset_1,full,soups,2
dataset_1,full,cube,2
dataset_1,full,rudy,2
dataset_1,full,deutschland,2
dataset_1,full,365,2
dataset_1,full,amphetamine,2
dataset_1,full,doses,2
dataset_1,full,barnsley,2
dataset_1,full,'70's,2
dataset_1,full,doese,2
dataset_1,full,wrestler,2
dataset_1,full,cena,2
dataset_1,full,warrior,2
dataset_1,full,segregated,2
dataset_1,full,neccesarily,2
dataset_1,full,handbook,2
dataset_1,full,ninside,2
dataset_1,full,moot,2
dataset_1,full,toolkit,2
dataset_1,full,jfk,2
dataset_1,full,handicapped,2
dataset_1,full,workshops,2
dataset_1,full,likeness,2
dataset_1,full,nstep,2
dataset_1,full,repetitions,2
dataset_1,full,brisk,2
dataset_1,full,expended,2
dataset_1,full,nconsult,2
dataset_1,full,impair,2
dataset_1,full,depo,2
dataset_1,full,firework,2
dataset_1,full,qualifying,2
dataset_1,full,roberto,2
dataset_1,full,chilean,2
dataset_1,full,barred,2
dataset_1,full,replay,2
dataset_1,full,alabama,2
dataset_1,full,rivalry,2
dataset_1,full,penpals,2
dataset_1,full,ter,2
dataset_1,full,onset,2
dataset_1,full,joanna,2
dataset_1,full,dime,2
dataset_1,full,szmanda,2
dataset_1,full,csi,2
dataset_1,full,nneck,2
dataset_1,full,illegitimis,2
dataset_1,full,silicon,2
dataset_1,full,corundum,2
dataset_1,full,denotes,2
dataset_1,full,aluminium,2
dataset_1,full,gerundive,2
dataset_1,full,dative,2
dataset_1,full,_illegitimus_,2
dataset_1,full,1883,2
dataset_1,full,nsource,2
dataset_1,full,hypnosis,2
dataset_1,full,manuscripts,2
dataset_1,full,nkiss,2
dataset_1,full,designers,2
dataset_1,full,rhine,2
dataset_1,full,elementals,2
dataset_1,full,articulate,2
dataset_1,full,unfriendly,2
dataset_1,full,propose,2
dataset_1,full,proponents,2
dataset_1,full,bestfriends,2
dataset_1,full,wantted,2
dataset_1,full,triangles,2
dataset_1,full,aspire,2
dataset_1,full,saf,2
dataset_1,full,batter,2
dataset_1,full,tomlin,2
dataset_1,full,pontiac,2
dataset_1,full,batsman,2
dataset_1,full,modified,2
dataset_1,full,alloy,2
dataset_1,full,dynamo,2
dataset_1,full,electromagnet,2
dataset_1,full,caregiver,2
dataset_1,full,obligated,2
dataset_1,full,nmay,2
dataset_1,full,schemes,2
dataset_1,full,shakes,2
dataset_1,full,atkins,2
dataset_1,full,caus,2
dataset_1,full,versatile,2
dataset_1,full,decrypt,2
dataset_1,full,creamed,2
dataset_1,full,senseless,2
dataset_1,full,ngosh,2
dataset_1,full,caucasian,2
dataset_1,full,accomplishing,2
dataset_1,full,evangelicals,2
dataset_1,full,shud,2
dataset_1,full,intention,2
dataset_1,full,bypassing,2
dataset_1,full,hmo's,2
dataset_1,full,bounty,2
dataset_1,full,dolly,2
dataset_1,full,teresa,2
dataset_1,full,similarity,2
dataset_1,full,codon,2
dataset_1,full,lipids,2
dataset_1,full,herd,2
dataset_1,full,4y,2
dataset_1,full,groom,2
dataset_1,full,parents',2
dataset_1,full,boss',2
dataset_1,full,dissatisfied,2
dataset_1,full,prolly,2
dataset_1,full,barrier,2
dataset_1,full,hogwarts,2
dataset_1,full,tvs,2
dataset_1,full,launchers,2
dataset_1,full,implant,2
dataset_1,full,prolong,2
dataset_1,full,charmed,2
dataset_1,full,1959,2
dataset_1,full,1975,2
dataset_1,full,teacher's,2
dataset_1,full,colleagues,2
dataset_1,full,devise,2
dataset_1,full,antibody,2
dataset_1,full,halftime,2
dataset_1,full,warehouse,2
dataset_1,full,disclose,2
dataset_1,full,disolve,2
dataset_1,full,wt,2
dataset_1,full,blust,2
dataset_1,full,ornament,2
dataset_1,full,bismuth,2
dataset_1,full,wolfgang,2
dataset_1,full,megabytes,2
dataset_1,full,nicky,2
dataset_1,full,immensely,2
dataset_1,full,ethic,2
dataset_1,full,fulfilled,2
dataset_1,full,arise,2
dataset_1,full,bliss,2
dataset_1,full,combines,2
dataset_1,full,saturn,2
dataset_1,full,fueling,2
dataset_1,full,floats,2
dataset_1,full,flexibility,2
dataset_1,full,temperaments,2
dataset_1,full,resigned,2
dataset_1,full,noses,2
dataset_1,full,interlock,2
dataset_1,full,cbc,2
dataset_1,full,sedrate,2
dataset_1,full,layouts,2
dataset_1,full,leary,2
dataset_1,full,60s,2
dataset_1,full,justified,2
dataset_1,full,veitnam,2
dataset_1,full,genova,2
dataset_1,full,genoa,2
dataset_1,full,fleet,2
dataset_1,full,moyse,2
dataset_1,full,singular,2
dataset_1,full,undertaken,2
dataset_1,full,quotation,2
dataset_1,full,munsters,2
dataset_1,full,neighbours,2
dataset_1,full,narcotics,2
dataset_1,full,ncase,2
dataset_1,full,prejudice,2
dataset_1,full,dowload,2
dataset_1,full,l'amour,2
dataset_1,full,sackett,2
dataset_1,full,tasted,2
dataset_1,full,residing,2
dataset_1,full,compromised,2
dataset_1,full,youself,2
dataset_1,full,osteoporosis,2
dataset_1,full,fractures,2
dataset_1,full,withdrawing,2
dataset_1,full,n7xy,2
dataset_1,full,91x,2
dataset_1,full,nrange,2
dataset_1,full,auditions,2
dataset_1,full,guarenteed,2
dataset_1,full,gona,2
dataset_1,full,parked,2
dataset_1,full,chatroom,2
dataset_1,full,nmeans,2
dataset_1,full,chord,2
dataset_1,full,invocation,2
dataset_1,full,quartz,2
dataset_1,full,immigrated,2
dataset_1,full,murgi,2
dataset_1,full,nrussia,2
dataset_1,full,targeting,2
dataset_1,full,explosives,2
dataset_1,full,trailed,2
dataset_1,full,systematically,2
dataset_1,full,virgins,2
dataset_1,full,weirdos,2
dataset_1,full,clark,2
dataset_1,full,ntrue,2
dataset_1,full,dealerships,2
dataset_1,full,apptitude,2
dataset_1,full,spitting,2
dataset_1,full,discomfort,2
dataset_1,full,mono,2
dataset_1,full,definitley,2
dataset_1,full,steroid,2
dataset_1,full,nisbn,2
dataset_1,full,0231123663,2
dataset_1,full,nmichel,2
dataset_1,full,lively,2
dataset_1,full,prompting,2
dataset_1,full,prostitutes,2
dataset_1,full,pajamas,2
dataset_1,full,bankers,2
dataset_1,full,emily,2
dataset_1,full,esquire,2
dataset_1,full,annotation,2
dataset_1,full,ecole,2
dataset_1,full,editions,2
dataset_1,full,glaciers,2
dataset_1,full,dissolved,2
dataset_1,full,fresher,2
dataset_1,full,twitches,2
dataset_1,full,scramblers,2
dataset_1,full,anthropology,2
dataset_1,full,reflex,2
dataset_1,full,wiki,2
dataset_1,full,filmmakers,2
dataset_1,full,graphing,2
dataset_1,full,volcanos,2
dataset_1,full,hazardous,2
dataset_1,full,dismiss,2
dataset_1,full,portray,2
dataset_1,full,numb,2
dataset_1,full,lt,2
dataset_1,full,delivering,2
dataset_1,full,redhat,2
dataset_1,full,25redha9t,2
dataset_1,full,scariest,2
dataset_1,full,14a,2
dataset_1,full,lamps,2
dataset_1,full,7v,2
dataset_1,full,kirchoff's,2
dataset_1,full,m'sia,2
dataset_1,full,banana,2
dataset_1,full,nheres,2
dataset_1,full,nihgt,2
dataset_1,full,cals,2
dataset_1,full,nthings,2
dataset_1,full,campaigns,2
dataset_1,full,exxon,2
dataset_1,full,mondays,2
dataset_1,full,packard,2
dataset_1,full,pizometer,2
dataset_1,full,advent,2
dataset_1,full,enclosed,2
dataset_1,full,presumed,2
dataset_1,full,rangers,2
dataset_1,full,5'11,2
dataset_1,full,5',2
dataset_1,full,wight,2
dataset_1,full,ignor,2
dataset_1,full,filthy,2
dataset_1,full,rendering,2
dataset_1,full,dentistry,2
dataset_1,full,collage,2
dataset_1,full,h1b,2
dataset_1,full,ihave,2
dataset_1,full,vintage,2
dataset_1,full,weighing,2
dataset_1,full,athletics,2
dataset_1,full,404,2
dataset_1,full,webmasters,2
dataset_1,full,naverage,2
dataset_1,full,ranges,2
dataset_1,full,prosecution,2
dataset_1,full,appointments,2
dataset_1,full,forgets,2
dataset_1,full,sitisinverces,2
dataset_1,full,softball,2
dataset_1,full,successfull,2
dataset_1,full,nexcept,2
dataset_1,full,marques,2
dataset_1,full,colston,2
dataset_1,full,hamilton,2
dataset_1,full,hardship,2
dataset_1,full,kool,2
dataset_1,full,baffling,2
dataset_1,full,stuffed,2
dataset_1,full,states',2
dataset_1,full,assigning,2
dataset_1,full,cypher,2
dataset_1,full,scaring,2
dataset_1,full,publishing,2
dataset_1,full,'other,2
dataset_1,full,nhonest,2
dataset_1,full,weepy,2
dataset_1,full,xanax,2
dataset_1,full,drowsiness,2
dataset_1,full,bedtime,2
dataset_1,full,pharmacies,2
dataset_1,full,skeptical,2
dataset_1,full,drugstore,2
dataset_1,full,manhattan,2
dataset_1,full,valerie,2
dataset_1,full,dosage,2
dataset_1,full,germany's,2
dataset_1,full,anglo,2
dataset_1,full,morey,2
dataset_1,full,gramercy,2
dataset_1,full,cryogenic,2
dataset_1,full,electromagnets,2
dataset_1,full,transform,2
dataset_1,full,projectile,2
dataset_1,full,practitioners,2
dataset_1,full,fornication,2
dataset_1,full,forgiven,2
dataset_1,full,crustal,2
dataset_1,full,andes,2
dataset_1,full,wh,2
dataset_1,full,porch,2
dataset_1,full,malaysian,2
dataset_1,full,kelantan,2
dataset_1,full,rashiddin,2
dataset_1,full,departed,2
dataset_1,full,rashidi's,2
dataset_1,full,puritanism,2
dataset_1,full,deemed,2
dataset_1,full,1957,2
dataset_1,full,tractor's,2
dataset_1,full,5'o,2
dataset_1,full,nliving,2
dataset_1,full,drummerworld,2
dataset_1,full,rowing,2
dataset_1,full,joy,2
dataset_1,full,listins,2
dataset_1,full,infidelity,2
dataset_1,full,n1b,2
dataset_1,full,n2a,2
dataset_1,full,n2b,2
dataset_1,full,osmosis,2
dataset_1,full,goo,2
dataset_1,full,182,2
dataset_1,full,fading,2
dataset_1,full,kites,2
dataset_1,full,nswim,2
dataset_1,full,embracing,2
dataset_1,full,want's,2
dataset_1,full,overcomes,2
dataset_1,full,cradle,2
dataset_1,full,blooming,2
dataset_1,full,namely,2
dataset_1,full,spectrometer,2
dataset_1,full,solute,2
dataset_1,full,arabeya,2
dataset_1,full,evangelist,2
dataset_1,full,relgion,2
dataset_1,full,visions,2
dataset_1,full,deception,2
dataset_1,full,kodak,2
dataset_1,full,finacial,2
dataset_1,full,scalar,2
dataset_1,full,syntax,2
dataset_1,full,nsite,2
dataset_1,full,mov,2
dataset_1,full,dropdown,2
dataset_1,full,chana,2
dataset_1,full,dal,2
dataset_1,full,judgements,2
dataset_1,full,golfer,2
dataset_1,full,compilers,2
dataset_1,full,08,2
dataset_1,full,nbarry,2
dataset_1,full,lutheran,2
dataset_1,full,nazarene,2
dataset_1,full,governmental,2
dataset_1,full,punched,2
dataset_1,full,sprite,2
dataset_1,full,tubular,2
dataset_1,full,expectancy,2
dataset_1,full,'sexy',2
dataset_1,full,canucks,2
dataset_1,full,romans,2
dataset_1,full,sinned,2
dataset_1,full,sinners,2
dataset_1,full,watever,2
dataset_1,full,imjustobossy,2
dataset_1,full,showers,2
dataset_1,full,bigfix,2
dataset_1,full,managing,2
dataset_1,full,brian,2
dataset_1,full,saviour,2
dataset_1,full,nchrist,2
dataset_1,full,ntwice,2
dataset_1,full,lon,2
dataset_1,full,tent,2
dataset_1,full,'attach,2
dataset_1,full,bushville,2
dataset_1,full,nargentina,2
dataset_1,full,ripper,2
dataset_1,full,superficial,2
dataset_1,full,10kgs,2
dataset_1,full,6e,2
dataset_1,full,marbles,2
dataset_1,full,nassume,2
dataset_1,full,readability,2
dataset_1,full,tightness,2
dataset_1,full,polish,2
dataset_1,full,zi,2
dataset_1,full,lithosphere,2
dataset_1,full,zeta,2
dataset_1,full,irina,2
dataset_1,full,gondolo,2
dataset_1,full,jeweler,2
dataset_1,full,reputable,2
dataset_1,full,coded,2
dataset_1,full,offically,2
dataset_1,full,rowling's,2
dataset_1,full,'bout,2
dataset_1,full,priced,2
dataset_1,full,aos,2
dataset_1,full,tolls,2
dataset_1,full,nbrazil,2
dataset_1,full,nusa,2
dataset_1,full,nczech,2
dataset_1,full,nportugal,2
dataset_1,full,ngermany,2
dataset_1,full,necuador,2
dataset_1,full,nsweden,2
dataset_1,full,ntrinidad,2
dataset_1,full,tobago,2
dataset_1,full,nnetherlands,2
dataset_1,full,naustralia,2
dataset_1,full,nfrance,2
dataset_1,full,nsouth,2
dataset_1,full,nspain,2
dataset_1,full,2u,2
dataset_1,full,cursive,2
dataset_1,full,waxing,2
dataset_1,full,alienware,2
dataset_1,full,ge,2
dataset_1,full,tft,2
dataset_1,full,deprive,2
dataset_1,full,anchor,2
dataset_1,full,revered,2
dataset_1,full,enron,2
dataset_1,full,rougher,2
dataset_1,full,helmets,2
dataset_1,full,oppressed,2
dataset_1,full,authentication,2
dataset_1,full,xv,2
dataset_1,full,theodolites,2
dataset_1,full,028,2
dataset_1,full,expedition,2
dataset_1,full,attained,2
dataset_1,full,1955,2
dataset_1,full,washburn,2
dataset_1,full,upwards,2
dataset_1,full,chimborazo,2
dataset_1,full,sempre,2
dataset_1,full,especial,2
dataset_1,full,mim,2
dataset_1,full,para,2
dataset_1,full,conscientious,2
dataset_1,full,punishments,2
dataset_1,full,crucifixion,2
dataset_1,full,burnt,2
dataset_1,full,outcomes,2
dataset_1,full,failures,2
dataset_1,full,numerals,2
dataset_1,full,contexts,2
dataset_1,full,ruining,2
dataset_1,full,app,2
dataset_1,full,aerobics,2
dataset_1,full,flab,2
dataset_1,full,fetish,2
dataset_1,full,unanswered,2
dataset_1,full,harass,2
dataset_1,full,commons,2
dataset_1,full,smartly,2
dataset_1,full,tactics,2
dataset_1,full,parliament,2
dataset_1,full,constitutionally,2
dataset_1,full,codified,2
dataset_1,full,favour,2
dataset_1,full,professionally,2
dataset_1,full,stewart,2
dataset_1,full,tutoring,2
dataset_1,full,writting,2
dataset_1,full,boss's,2
dataset_1,full,22x,2
dataset_1,full,congratulations,2
dataset_1,full,nstate,2
dataset_1,full,absent,2
dataset_1,full,parent's,2
dataset_1,full,statutes,2
dataset_1,full,ae,2
dataset_1,full,nbelow,2
dataset_1,full,retake,2
dataset_1,full,awsome,2
dataset_1,full,6'0,2
dataset_1,full,mobo,2
dataset_1,full,webpages,2
dataset_1,full,webmaster,2
dataset_1,full,ulcer,2
dataset_1,full,pec,2
dataset_1,full,bureaucracy,2
dataset_1,full,encourages,2
dataset_1,full,spool,2
dataset_1,full,reeling,2
dataset_1,full,50x,2
dataset_1,full,vise,2
dataset_1,full,cater,2
dataset_1,full,procreation,2
dataset_1,full,prejudiced,2
dataset_1,full,song's,2
dataset_1,full,sequel,2
dataset_1,full,dhaxem,2
dataset_1,full,folk,2
dataset_1,full,80s,2
dataset_1,full,mononucleosis,2
dataset_1,full,nlea,2
dataset_1,full,n3s,2
dataset_1,full,nsue,2
dataset_1,full,psychiatrist,2
dataset_1,full,northeastern,2
dataset_1,full,viviendo,2
dataset_1,full,ntraditionally,2
dataset_1,full,laguna,2
dataset_1,full,gnarley,2
dataset_1,full,multiprogramming,2
dataset_1,full,solves,2
dataset_1,full,windfall,2
dataset_1,full,royalties,2
dataset_1,full,penpal,2
dataset_1,full,ejaculates,2
dataset_1,full,lone,2
dataset_1,full,twinkle,2
dataset_1,full,sweep,2
dataset_1,full,roberts,2
dataset_1,full,spa,2
dataset_1,full,exploited,2
dataset_1,full,attaching,2
dataset_1,full,takin,2
dataset_1,full,bugging,2
dataset_1,full,imbalances,2
dataset_1,full,czechs,2
dataset_1,full,depleted,2
dataset_1,full,predjudice,2
dataset_1,full,tresspassers,2
dataset_1,full,traitors,2
dataset_1,full,meme,2
dataset_1,full,ncoca,2
dataset_1,full,chewers,2
dataset_1,full,henderson,2
dataset_1,full,nmothers,2
dataset_1,full,piles,2
dataset_1,full,edison,2
dataset_1,full,flirts,2
dataset_1,full,storerooms,2
dataset_1,full,architects,2
dataset_1,full,ancients,2
dataset_1,full,speculate,2
dataset_1,full,employs,2
dataset_1,full,navel,2
dataset_1,full,nbye,2
dataset_1,full,glendale,2
dataset_1,full,firecracker,2
dataset_1,full,dries,2
dataset_1,full,deluxe,2
dataset_1,full,hahahaha,2
dataset_1,full,dumber,2
dataset_1,full,vespucci,2
dataset_1,full,prosper,2
dataset_1,full,mosta,2
dataset_1,full,nfeast,2
dataset_1,full,npatient,2
dataset_1,full,rhode,2
dataset_1,full,6779,2
dataset_1,full,793,2
dataset_1,full,nneedymeds,2
dataset_1,full,needymeds,2
dataset_1,full,downloadable,2
dataset_1,full,glibly,2
dataset_1,full,checkup,2
dataset_1,full,assign,2
dataset_1,full,achromatic,2
dataset_1,full,150mm,2
dataset_1,full,breaths,2
dataset_1,full,cheater,2
dataset_1,full,metastasis,2
dataset_1,full,madden,2
dataset_1,full,registering,2
dataset_1,full,harriet,2
dataset_1,full,tom's,2
dataset_1,full,incomes,2
dataset_1,full,ez,2
dataset_1,full,flora,2
dataset_1,full,shifts,2
dataset_1,full,lasagna,2
dataset_1,full,enchiladas,2
dataset_1,full,injected,2
dataset_1,full,pepper,2
dataset_1,full,cobalt,2
dataset_1,full,vodka,2
dataset_1,full,sip,2
dataset_1,full,donkey,2
dataset_1,full,spook,2
dataset_1,full,dub,2
dataset_1,full,taffy,2
dataset_1,full,guyz,2
dataset_1,full,onez,2
dataset_1,full,kosher,2
dataset_1,full,winfrey,2
dataset_1,full,t2300,2
dataset_1,full,rewriter,2
dataset_1,full,multidrive,2
dataset_1,full,brightview,2
dataset_1,full,sour,2
dataset_1,full,interprets,2
dataset_1,full,nod32's,2
dataset_1,full,contractarianism,2
dataset_1,full,hobbes,2
dataset_1,full,rousseau,2
dataset_1,full,hobbes',2
dataset_1,full,jointly,2
dataset_1,full,fictional,2
dataset_1,full,rousseau's,2
dataset_1,full,leviathan,2
dataset_1,full,declaring,2
dataset_1,full,murderers,2
dataset_1,full,montreal,2
dataset_1,full,htis,2
dataset_1,full,fused,2
dataset_1,full,boast,2
dataset_1,full,magnified,2
dataset_1,full,clarity,2
dataset_1,full,1s,2
dataset_1,full,moderator,2
dataset_1,full,avalanche,2
dataset_1,full,tottaly,2
dataset_1,full,corny,2
dataset_1,full,workouts,2
dataset_1,full,naerobic,2
dataset_1,full,tens,2
dataset_1,full,webmasterworld,2
dataset_1,full,footballeur,2
dataset_1,full,showbiz,2
dataset_1,full,inappropriate,2
dataset_1,full,fulfil,2
dataset_1,full,submission,2
dataset_1,full,aa,2
dataset_1,full,qur'an,2
dataset_1,full,continents,2
dataset_1,full,crt,2
dataset_1,full,crts,2
dataset_1,full,australians,2
dataset_1,full,odi,2
dataset_1,full,dhoni,2
dataset_1,full,raina,2
dataset_1,full,pioneers,2
dataset_1,full,glaze,2
dataset_1,full,incompetence,2
dataset_1,full,arousal,2
dataset_1,full,erected,2
dataset_1,full,clitoris,2
dataset_1,full,n1930,2
dataset_1,full,slap,2
dataset_1,full,omeprazole,2
dataset_1,full,polyethylene,2
dataset_1,full,peg,2
dataset_1,full,thai,2
dataset_1,full,riggleman,2
dataset_1,full,geroge,2
dataset_1,full,nchristians,2
dataset_1,full,aspartame,2
dataset_1,full,soaking,2
dataset_1,full,fm,2
dataset_1,full,distress,2
dataset_1,full,aggravated,2
dataset_1,full,potent,2
dataset_1,full,khatami,2
dataset_1,full,biuret,2
dataset_1,full,excommunicated,2
dataset_1,full,abruptly,2
dataset_1,full,tricep,2
dataset_1,full,striping,2
dataset_1,full,spins,2
dataset_1,full,trait,2
dataset_1,full,microprocessor,2
dataset_1,full,microprocessors,2
dataset_1,full,1960s,2
dataset_1,full,standardization,2
dataset_1,full,transistor,2
dataset_1,full,pms,2
dataset_1,full,divisive,2
dataset_1,full,reign,2
dataset_1,full,volunteering,2
dataset_1,full,virus',2
dataset_1,full,mercenaries,2
dataset_1,full,socail,2
dataset_1,full,1953,2
dataset_1,full,183,2
dataset_1,full,mpt,2
dataset_1,full,praemium,2
dataset_1,full,invincible,2
dataset_1,full,loyalty,2
dataset_1,full,arch,2
dataset_1,full,levin,2
dataset_1,full,colonel,2
dataset_1,full,latinamerican,2
dataset_1,full,turist,2
dataset_1,full,multiplying,2
dataset_1,full,arises,2
dataset_1,full,usaf,2
dataset_1,full,ally,2
dataset_1,full,sociological,2
dataset_1,full,specialties,2
dataset_1,full,perseveres,2
dataset_1,full,summoned,2
dataset_1,full,goats,2
dataset_1,full,dildo,2
dataset_1,full,'no,2
dataset_1,full,'god,2
dataset_1,full,baptizing,2
dataset_1,full,accumulated,2
dataset_1,full,missionaries,2
dataset_1,full,shoreline,2
dataset_1,full,capsules,2
dataset_1,full,peristalsis,2
dataset_1,full,capsule,2
dataset_1,full,duodenum,2
dataset_1,full,camelot,2
dataset_1,full,jackpots,2
dataset_1,full,76,2
dataset_1,full,nbigger,2
dataset_1,full,plex,2
dataset_1,full,duplex,2
dataset_1,full,lenders,2
dataset_1,full,collecting,2
dataset_1,full,prorated,2
dataset_1,full,predictable,2
dataset_1,full,slows,2
dataset_1,full,cannabis,2
dataset_1,full,offend,2
dataset_1,full,supervisor,2
dataset_1,full,mizuno,2
dataset_1,full,905r,2
dataset_1,full,shaft,2
dataset_1,full,redirect,2
dataset_1,full,nnano,2
dataset_1,full,vim,2
dataset_1,full,furthur,2
dataset_1,full,wav,2
dataset_1,full,animes,2
dataset_1,full,samurai,2
dataset_1,full,hazard,2
dataset_1,full,gost,2
dataset_1,full,nsaint,2
dataset_1,full,lucia,2
dataset_1,full,njamaica,2
dataset_1,full,npakistan,2
dataset_1,full,nscotland,2
dataset_1,full,sri,2
dataset_1,full,nbermuda,2
dataset_1,full,nkenya,2
dataset_1,full,nfinal,2
dataset_1,full,hudson,2
dataset_1,full,km2,2
dataset_1,full,plains,2
dataset_1,full,barrow,2
dataset_1,full,lodged,2
dataset_1,full,ottawa,2
dataset_1,full,striptease,2
dataset_1,full,frends,2
dataset_1,full,8u,2
dataset_1,full,63ux,2
dataset_1,full,28u,2
dataset_1,full,ux,2
dataset_1,full,doggish,2
dataset_1,full,mideast,2
dataset_1,full,easterners,2
dataset_1,full,rover,2
dataset_1,full,dissimilar,2
dataset_1,full,insurgents,2
dataset_1,full,manipulate,2
dataset_1,full,oyu,2
dataset_1,full,pychotics,2
dataset_1,full,whim,2
dataset_1,full,evangelists,2
dataset_1,full,astonishing,2
dataset_1,full,ying,2
dataset_1,full,destory,2
dataset_1,full,hunk,2
dataset_1,full,excitement,2
dataset_1,full,fw,2
dataset_1,full,tempting,2
dataset_1,full,arriver,2
dataset_1,full,domenech,2
dataset_1,full,ment,2
dataset_1,full,qu'en,2
dataset_1,full,tennessee's,2
dataset_1,full,lineman,2
dataset_1,full,kjccc,2
dataset_1,full,mvp,2
dataset_1,full,jeff,2
dataset_1,full,ampere,2
dataset_1,full,instalation,2
dataset_1,full,override,2
dataset_1,full,miranda,2
dataset_1,full,1846,2
dataset_1,full,emigrated,2
dataset_1,full,diaspora,2
dataset_1,full,bowflex,2
dataset_1,full,loins,2
dataset_1,full,funky,2
dataset_1,full,kgs,2
dataset_1,full,kilos,2
dataset_1,full,creams,2
dataset_1,full,oily,2
dataset_1,full,lamb,2
dataset_1,full,hima,2
dataset_1,full,croup,2
dataset_1,full,supplied,2
dataset_1,full,thompson,2
dataset_1,full,tween,2
dataset_1,full,gregory,2
dataset_1,full,forthcoming,2
dataset_1,full,hong,2
dataset_1,full,npremature,2
dataset_1,full,log4,2
dataset_1,full,hood,2
dataset_1,full,1800's,2
dataset_1,full,gin,2
dataset_1,full,jagal,2
dataset_1,full,lib,2
dataset_1,full,garnett,2
dataset_1,full,haka,2
dataset_1,full,nikes,2
dataset_1,full,karenna,2
dataset_1,full,wacko,2
dataset_1,full,madness,2
dataset_1,full,mule,2
dataset_1,full,sunbeds,2
dataset_1,full,contries,2
dataset_1,full,trendy,2
dataset_1,full,counseler,2
dataset_1,full,sneaky,2
dataset_1,full,folded,2
dataset_1,full,bpm,2
dataset_1,full,170,2
dataset_1,full,expenditure,2
dataset_1,full,odyssey,2
dataset_1,full,aphrodite,2
dataset_1,full,goddesses,2
dataset_1,full,zeus',2
dataset_1,full,ares,2
dataset_1,full,slum,2
dataset_1,full,flooding,2
dataset_1,full,tko,2
dataset_1,full,jellyfish,2
dataset_1,full,cycles,2
dataset_1,full,arya,2
dataset_1,full,outsiders,2
dataset_1,full,15years,2
dataset_1,full,wardrobe,2
dataset_1,full,noticable,2
dataset_1,full,10g,2
dataset_1,full,rankin,2
dataset_1,full,furtado,2
dataset_1,full,booty,2
dataset_1,full,realises,2
dataset_1,full,sleeper,2
dataset_1,full,diffrence,2
dataset_1,full,'listen',2
dataset_1,full,'hear',2
dataset_1,full,restoring,2
dataset_1,full,dragging,2
dataset_1,full,shockingly,2
dataset_1,full,does'nt,2
dataset_1,full,avon,2
dataset_1,full,paints,2
dataset_1,full,bunny,2
dataset_1,full,destabilizing,2
dataset_1,full,nsimply,2
dataset_1,full,competence,2
dataset_1,full,thunderstorm,2
dataset_1,full,lighting,2
dataset_1,full,porter's,2
dataset_1,full,fearful,2
dataset_1,full,sissy,2
dataset_1,full,roar,2
dataset_1,full,brace,2
dataset_1,full,figaro,2
dataset_1,full,tablecloth,2
dataset_1,full,weblog,2
dataset_1,full,nolan,2
dataset_1,full,moussaoui,2
dataset_1,full,indications,2
dataset_1,full,mohammed,2
dataset_1,full,takers,2
dataset_1,full,carey,2
dataset_1,full,whatman,2
dataset_1,full,juicy,2
dataset_1,full,sprinkling,2
dataset_1,full,underwood,2
dataset_1,full,turner,2
dataset_1,full,undeniable,2
dataset_1,full,elaborated,2
dataset_1,full,incidence,2
dataset_1,full,exchanging,2
dataset_1,full,reich,2
dataset_1,full,intentional,2
dataset_1,full,internally,2
dataset_1,full,ego,2
dataset_1,full,ingrained,2
dataset_1,full,neural,2
dataset_1,full,establishes,2
dataset_1,full,restructuring,2
dataset_1,full,levle,2
dataset_1,full,271,2
dataset_1,full,plaques,2
dataset_1,full,messaging,2
dataset_1,full,mac's,2
dataset_1,full,pun,2
dataset_1,full,hawk,2
dataset_1,full,geologist,2
dataset_1,full,aes,2
dataset_1,full,modify,2
dataset_1,full,manipulation,2
dataset_1,full,neg,2
dataset_1,full,chad,2
dataset_1,full,advertises,2
dataset_1,full,remnants,2
dataset_1,full,nth,2
dataset_1,full,fielded,2
dataset_1,full,unification,2
dataset_1,full,libs,2
dataset_1,full,slips,2
dataset_1,full,outsider,2
dataset_1,full,tattling,2
dataset_1,full,parker,2
dataset_1,full,bundle,2
dataset_1,full,mercedes,2
dataset_1,full,asshole,2
dataset_1,full,njeez,2
dataset_1,full,steele,2
dataset_1,full,spiritually,2
dataset_1,full,forceps,2
dataset_1,full,penn,2
dataset_1,full,archaebacteria,2
dataset_1,full,donated,2
dataset_1,full,liposuction,2
dataset_1,full,composite,2
dataset_1,full,adjile,2
dataset_1,full,agile,2
dataset_1,full,nmentally,2
dataset_1,full,alert,2
dataset_1,full,flunked,2
dataset_1,full,patriotic,2
dataset_1,full,welcomed,2
dataset_1,full,disciplines,2
dataset_1,full,gerard,2
dataset_1,full,babysitter,2
dataset_1,full,exports,2
dataset_1,full,graduates,2
dataset_1,full,trolls,2
dataset_1,full,nseventh,2
dataset_1,full,neighth,2
dataset_1,full,nninth,2
dataset_1,full,willow,2
dataset_1,full,ntenth,2
dataset_1,full,tin,2
dataset_1,full,neleventh,2
dataset_1,full,ntwelfth,2
dataset_1,full,nthirteenth,2
dataset_1,full,lace,2
dataset_1,full,nfourteenth,2
dataset_1,full,ivory,2
dataset_1,full,nfifteenth,2
dataset_1,full,ntwentieth,2
dataset_1,full,ntwenty,2
dataset_1,full,nthirtieth,2
dataset_1,full,nthirty,2
dataset_1,full,nfortieth,2
dataset_1,full,nforty,2
dataset_1,full,sapphire,2
dataset_1,full,nfiftieth,2
dataset_1,full,nfifty,2
dataset_1,full,emerald,2
dataset_1,full,nsixtieth,2
dataset_1,full,whipped,2
dataset_1,full,harrington,2
dataset_1,full,589,2
dataset_1,full,fha,2
dataset_1,full,nlog_2,2
dataset_1,full,log_10,2
dataset_1,full,geting,2
dataset_1,full,reigns,2
dataset_1,full,hearted,2
dataset_1,full,bypassed,2
dataset_1,full,biologists,2
dataset_1,full,cheatin,2
dataset_1,full,profitable,2
dataset_1,full,nailed,2
dataset_1,full,druid,2
dataset_1,full,nsoldier,2
dataset_1,full,nsnowblind,2
dataset_1,full,nshut,2
dataset_1,full,eminem,2
dataset_1,full,nsomebody,2
dataset_1,full,nickelback,2
dataset_1,full,nstupid,2
dataset_1,full,nsmooth,2
dataset_1,full,flyleaf,2
dataset_1,full,beastie,2
dataset_1,full,rhcp,2
dataset_1,full,nsex,2
dataset_1,full,disturbed,2
dataset_1,full,nstars,2
dataset_1,full,genuinely,2
dataset_1,full,trilogy,2
dataset_1,full,prerequisites,2
dataset_1,full,apprenticeship,2
dataset_1,full,educating,2
dataset_1,full,gripper,2
dataset_1,full,examining,2
dataset_1,full,fossils,2
dataset_1,full,plutocrats,2
dataset_1,full,prepay,2
dataset_1,full,hinders,2
dataset_1,full,lmt,2
dataset_1,full,emt's,2
dataset_1,full,paramedics,2
dataset_1,full,rns,2
dataset_1,full,sessions,2
dataset_1,full,rican,2
dataset_1,full,subliminal,2
dataset_1,full,approximate,2
dataset_1,full,aladdin,2
dataset_1,full,emailed,2
dataset_1,full,politely,2
dataset_1,full,sweets,2
dataset_1,full,resist,2
dataset_1,full,occupy,2
dataset_1,full,crowded,2
dataset_1,full,pinpoint,2
dataset_1,full,collectors,2
dataset_1,full,ndisadvantages,2
dataset_1,full,idenity,2
dataset_1,full,tabbed,2
dataset_1,full,resign,2
dataset_1,full,lex,2
dataset_1,full,transitions,2
dataset_1,full,kc,2
dataset_1,full,wink,2
dataset_1,full,witching,2
dataset_1,full,wiccans,2
dataset_1,full,decoys,2
dataset_1,full,decoy,2
dataset_1,full,matthews,2
dataset_1,full,factions,2
dataset_1,full,theses,2
dataset_1,full,dignified,2
dataset_1,full,rabbis,2
dataset_1,full,presiding,2
dataset_1,full,priestly,2
dataset_1,full,realization,2
dataset_1,full,rooted,2
dataset_1,full,swept,2
dataset_1,full,coward,2
dataset_1,full,starved,2
dataset_1,full,reforms,2
dataset_1,full,filial,2
dataset_1,full,tempter,2
dataset_1,full,vanquished,2
dataset_1,full,sympathize,2
dataset_1,full,penance,2
dataset_1,full,penitential,2
dataset_1,full,repairs,2
dataset_1,full,deduction,2
dataset_1,full,severed,2
dataset_1,full,stoped,2
dataset_1,full,termed,2
dataset_1,full,hawkish,2
dataset_1,full,exiting,2
dataset_1,full,unauthorized,2
dataset_1,full,prescreenings,2
dataset_1,full,jong,2
dataset_1,full,dsyphraxia,2
dataset_1,full,duchenne,2
dataset_1,full,medline,2
dataset_1,full,dmd,2
dataset_1,full,tories,2
dataset_1,full,amazingly,2
dataset_1,full,32x,2
dataset_1,full,brilliant,2
dataset_1,full,merci,2
dataset_1,full,pourquoi,2
dataset_1,full,coupet,2
dataset_1,full,sids,2
dataset_1,full,persue,2
dataset_1,full,kilauea,2
dataset_1,full,usg,2
dataset_1,full,hazards,2
dataset_1,full,ntutorials,2
dataset_1,full,abdul,2
dataset_1,full,nwords,2
dataset_1,full,nturned,2
dataset_1,full,watering,2
dataset_1,full,cracker,2
dataset_1,full,kicks,2
dataset_1,full,viii,2
dataset_1,full,nhenry,2
dataset_1,full,surprises,2
dataset_1,full,guesse,2
dataset_1,full,conferred,2
dataset_1,full,preparing,2
dataset_1,full,examinations,2
dataset_1,full,i',2
dataset_1,full,nneed,2
dataset_1,full,persistent,2
dataset_1,full,celibate,2
dataset_1,full,nsure,2
dataset_1,full,naway,2
dataset_1,full,w32,2
dataset_1,full,dloader,2
dataset_1,full,asqb,2
dataset_1,full,foreigners,2
dataset_1,full,undermining,2
dataset_1,full,counciling,2
dataset_1,full,realtionship,2
dataset_1,full,hive,2
dataset_1,full,bouncer,2
dataset_1,full,offender,2
dataset_1,full,ferment,2
dataset_1,full,belligerent,2
dataset_1,full,wrongly,2
dataset_1,full,wrapper,2
dataset_1,full,ricans,2
dataset_1,full,sparrows,2
dataset_1,full,sparrow,2
dataset_1,full,excessively,2
dataset_1,full,nesting,2
dataset_1,full,comix,2
dataset_1,full,odors,2
dataset_1,full,induce,2
dataset_1,full,monounsaturated,2
dataset_1,full,smokes,2
dataset_1,full,ncoconut,2
dataset_1,full,degrade,2
dataset_1,full,rust,2
dataset_1,full,linings,2
dataset_1,full,nutritional,2
dataset_1,full,aromatic,2
dataset_1,full,nbench,2
dataset_1,full,mcgahee,2
dataset_1,full,njeremy,2
dataset_1,full,radii,2
dataset_1,full,dispatcher,2
dataset_1,full,lucie,2
dataset_1,full,tedious,2
dataset_1,full,firearms,2
dataset_1,full,triples,2
dataset_1,full,asthma,2
dataset_1,full,disposal,2
dataset_1,full,incompetent,2
dataset_1,full,owing,2
dataset_1,full,drought,2
dataset_1,full,buttocks,2
dataset_1,full,abolish,2
dataset_1,full,inflamed,2
dataset_1,full,tonsils,2
dataset_1,full,hygiene,2
dataset_1,full,daddy's,2
dataset_1,full,aisle,2
dataset_1,full,snapping,2
dataset_1,full,dad's,2
dataset_1,full,network's,2
dataset_1,full,admittedly,2
dataset_1,full,carey's,2
dataset_1,full,nerrector,2
dataset_1,full,denies,2
dataset_1,full,broadcasts,2
dataset_1,full,broadcaster,2
dataset_1,full,g4,2
dataset_1,full,tic,2
dataset_1,full,titled,2
dataset_1,full,papillary,2
dataset_1,full,surgury,2
dataset_1,full,theives,2
dataset_1,full,weakness,2
dataset_1,full,ndealing,2
dataset_1,full,nblood,2
dataset_1,full,nloving,2
dataset_1,full,importing,2
dataset_1,full,bookstores,2
dataset_1,full,debray,2
dataset_1,full,crowns,2
dataset_1,full,eaton,2
dataset_1,full,ripcord,2
dataset_1,full,whirlybirds,2
dataset_1,full,jk,2
dataset_1,full,nodes,2
dataset_1,full,variants,2
dataset_1,full,na3,2
dataset_1,full,handset,2
dataset_1,full,diffusion,2
dataset_1,full,hooked,2
dataset_1,full,crackpot,2
dataset_1,full,lactobacillus,2
dataset_1,full,rogosa,2
dataset_1,full,saline,2
dataset_1,full,dilution,2
dataset_1,full,dilutions,2
dataset_1,full,finaly,2
dataset_1,full,mesa,2
dataset_1,full,az,2
dataset_1,full,suburb,2
dataset_1,full,opinoin,2
dataset_1,full,merit,2
dataset_1,full,delocalized,2
dataset_1,full,delocalised,2
dataset_1,full,ductility,2
dataset_1,full,whois,2
dataset_1,full,nknow,2
dataset_1,full,porno,2
dataset_1,full,coment,2
dataset_1,full,picturing,2
dataset_1,full,hagen,2
dataset_1,full,dazs,2
dataset_1,full,reflects,2
dataset_1,full,robes,2
dataset_1,full,flew,2
dataset_1,full,bing,2
dataset_1,full,isiah,2
dataset_1,full,say's,2
dataset_1,full,ranch,2
dataset_1,full,sob,2
dataset_1,full,mayo,2
dataset_1,full,thurs,2
dataset_1,full,poured,2
dataset_1,full,softer,2
dataset_1,full,colder,2
dataset_1,full,0x00000001,2
dataset_1,full,seated,2
dataset_1,full,barca,2
dataset_1,full,gce,2
dataset_1,full,synthesize,2
dataset_1,full,claimant,2
dataset_1,full,squads,2
dataset_1,full,91,2
dataset_1,full,011,2
dataset_1,full,loon,2
dataset_1,full,tit,2
dataset_1,full,pacing,2
dataset_1,full,shelves,2
dataset_1,full,vikash,2
dataset_1,full,lyon,2
dataset_1,full,olympique,2
dataset_1,full,1978,2
dataset_1,full,ian,2
dataset_1,full,smoother,2
dataset_1,full,amazes,2
dataset_1,full,tesh,2
dataset_1,full,physique,2
dataset_1,full,bodybuilder,2
dataset_1,full,powerlifter,2
dataset_1,full,cowards,2
dataset_1,full,victorious,2
dataset_1,full,bro's,2
dataset_1,full,harrased,2
dataset_1,full,essentials,2
dataset_1,full,patenting,2
dataset_1,full,journals,2
dataset_1,full,nhappy,2
dataset_1,full,texans,2
dataset_1,full,cytology,2
dataset_1,full,zoology,2
dataset_1,full,caveman,2
dataset_1,full,5k,2
dataset_1,full,branding,2
dataset_1,full,santos,2
dataset_1,full,lattices,2
dataset_1,full,nna,2
dataset_1,full,kernels,2
dataset_1,full,perfection,2
dataset_1,full,steak,2
dataset_1,full,terminate,2
dataset_1,full,klein,2
dataset_1,full,ode,2
dataset_1,full,brooke,2
dataset_1,full,suppression,2
dataset_1,full,cricketer,2
dataset_1,full,reckon,2
dataset_1,full,anaemia,2
dataset_1,full,b12,2
dataset_1,full,fanaticism,2
dataset_1,full,pounded,2
dataset_1,full,retaliation,2
dataset_1,full,bombings,2
dataset_1,full,pakistani,2
dataset_1,full,housed,2
dataset_1,full,compatriots,2
dataset_1,full,owning,2
dataset_1,full,retains,2
dataset_1,full,charle,2
dataset_1,full,inquisition,2
dataset_1,full,torrents,2
dataset_1,full,nuisance,2
dataset_1,full,tragedies,2
dataset_1,full,welll,2
dataset_1,full,pcp,2
dataset_1,full,flava,2
dataset_1,full,unscrambler,2
dataset_1,full,love's,2
dataset_1,full,beijing,2
dataset_1,full,saddened,2
dataset_1,full,rumours,2
dataset_1,full,replinish,2
dataset_1,full,angelic,2
dataset_1,full,ordained,2
dataset_1,full,superstition,2
dataset_1,full,chiromancy,2
dataset_1,full,palmists,2
dataset_1,full,decks,2
dataset_1,full,grita,2
dataset_1,full,vez,2
dataset_1,full,carcinoid,2
dataset_1,full,anderson,2
dataset_1,full,coexist,2
dataset_1,full,necklaces,2
dataset_1,full,trailers,2
dataset_1,full,nthx,2
dataset_1,full,angered,2
dataset_1,full,protects,2
dataset_1,full,fdr,2
dataset_1,full,pctfe,2
dataset_1,full,resin,2
dataset_1,full,nnurses,2
dataset_1,full,resistant,2
dataset_1,full,shreveport,2
dataset_1,full,carpet,2
dataset_1,full,preasure,2
dataset_1,full,heals,2
dataset_1,full,rotates,2
dataset_1,full,flipped,2
dataset_1,full,earths,2
dataset_1,full,cores,2
dataset_1,full,thing's,2
dataset_1,full,tagalong,2
dataset_1,full,sliding,2
dataset_1,full,councils,2
dataset_1,full,influx,2
dataset_1,full,john1,2
dataset_1,full,logos,2
dataset_1,full,natures,2
dataset_1,full,spirt,2
dataset_1,full,runing,2
dataset_1,full,peut,2
dataset_1,full,j'esp,2
dataset_1,full,gagner,2
dataset_1,full,contre,2
dataset_1,full,alors,2
dataset_1,full,toning,2
dataset_1,full,exersizes,2
dataset_1,full,tuned,2
dataset_1,full,standart,2
dataset_1,full,pernell,2
dataset_1,full,pbf,2
dataset_1,full,alltime,2
dataset_1,full,boxer,2
dataset_1,full,referees,2
dataset_1,full,673,2
dataset_1,full,816,2
dataset_1,full,idaho,2
dataset_1,full,321,2
dataset_1,full,n43,2
dataset_1,full,n45,2
dataset_1,full,n46,2
dataset_1,full,n47,2
dataset_1,full,n49,2
dataset_1,full,wyoming,2
dataset_1,full,apprehensions,2
dataset_1,full,marijauna,2
dataset_1,full,tranforms,2
dataset_1,full,expered,2
dataset_1,full,leaderboard,2
dataset_1,full,eighteen,2
dataset_1,full,gmat,2
dataset_1,full,campfire,2
dataset_1,full,ncalcium,2
dataset_1,full,cloride,2
dataset_1,full,ntoss,2
dataset_1,full,pinecones,2
dataset_1,full,jackson's,2
dataset_1,full,chimp,2
dataset_1,full,alla,2
dataset_1,full,lucifer,2
dataset_1,full,phenomenal,2
dataset_1,full,acquisition,2
dataset_1,full,pullover,2
dataset_1,full,tecknology,2
dataset_1,full,reall,2
dataset_1,full,dior,2
dataset_1,full,nooh,2
dataset_1,full,ngirl,2
dataset_1,full,resides,2
dataset_1,full,ak,2
dataset_1,full,pyrolysis,2
dataset_1,full,seals,2
dataset_1,full,instrumental,2
dataset_1,full,notion,2
dataset_1,full,beveridge,2
dataset_1,full,proprietary,2
dataset_1,full,beds,2
dataset_1,full,idealized,2
dataset_1,full,medicale,2
dataset_1,full,loosely,2
dataset_1,full,mugen,2
dataset_1,full,tournaments,2
dataset_1,full,pilot,2
dataset_1,full,arterial,2
dataset_1,full,biofuel,2
dataset_1,full,qus,2
dataset_1,full,canker,2
dataset_1,full,musically,2
dataset_1,full,maiden,2
dataset_1,full,76ml,2
dataset_1,full,k2cr2o7,2
dataset_1,full,cr2o7s,2
dataset_1,full,0004369488,2
dataset_1,full,cr2o7,2
dataset_1,full,0002184744mol,2
dataset_1,full,treasury,2
dataset_1,full,chunk,2
dataset_1,full,janica,2
dataset_1,full,snowman,2
dataset_1,full,doctorate,2
dataset_1,full,narthritis,2
dataset_1,full,ntrochanteric,2
dataset_1,full,bursitis,2
dataset_1,full,ntendonitis,2
dataset_1,full,tendonitis,2
dataset_1,full,nosteonecrosis,2
dataset_1,full,inadequate,2
dataset_1,full,nsnapping,2
dataset_1,full,groin,2
dataset_1,full,nhip,2
dataset_1,full,pregant,2
dataset_1,full,conceive,2
dataset_1,full,combatants,2
dataset_1,full,indestructible,2
dataset_1,full,solely,2
dataset_1,full,redd,2
dataset_1,full,rebound,2
dataset_1,full,archives,2
dataset_1,full,bionic,2
dataset_1,full,puppets,2
dataset_1,full,howdy,2
dataset_1,full,prospects,2
dataset_1,full,ndepending,2
dataset_1,full,hoorah,2
dataset_1,full,felons,2
dataset_1,full,divorcing,2
dataset_1,full,hegemony,2
dataset_1,full,sincerity,2
dataset_1,full,shunned,2
dataset_1,full,elders,2
dataset_1,full,n56,2
dataset_1,full,n60,2
dataset_1,full,flexing,2
dataset_1,full,gluteus,2
dataset_1,full,maximus,2
dataset_1,full,subscriber,2
dataset_1,full,sequences,2
dataset_1,full,formulated,2
dataset_1,full,lute,2
dataset_1,full,pretension,2
dataset_1,full,recipients,2
dataset_1,full,surrogate,2
dataset_1,full,abortion,2
dataset_1,full,closes,2
dataset_1,full,transfering,2
dataset_1,full,ticketmaster,2
dataset_1,full,mom's,2
dataset_1,full,karen,2
dataset_1,full,inserted,2
dataset_1,full,nafta,2
dataset_1,full,obituary,2
dataset_1,full,transcendental,2
dataset_1,full,trans,2
dataset_1,full,municipal,2
dataset_1,full,windies,2
dataset_1,full,sandhu,2
dataset_1,full,bowled,2
dataset_1,full,prays,2
dataset_1,full,diss,2
dataset_1,full,moderators,2
dataset_1,full,torr,2
dataset_1,full,gibbs,2
dataset_1,full,fidelity,2
dataset_1,full,metabolized,2
dataset_1,full,circumstantial,2
dataset_1,full,glove,2
dataset_1,full,tainted,2
dataset_1,full,umg,2
dataset_1,full,255,2
dataset_1,full,674,2
dataset_1,full,090,2
dataset_1,full,barrels,2
dataset_1,full,nbite,2
dataset_1,full,nswelling,2
dataset_1,full,hygienists,2
dataset_1,full,dash,2
dataset_1,full,splash,2
dataset_1,full,squat,2
dataset_1,full,grafting,2
dataset_1,full,toddler,2
dataset_1,full,crest,2
dataset_1,full,operative,2
dataset_1,full,affiliated,2
dataset_1,full,dojo,2
dataset_1,full,moderately,2
dataset_1,full,typhoon,2
dataset_1,full,painfull,2
dataset_1,full,rectum,2
dataset_1,full,appendicitis,2
dataset_1,full,pancreatitis,2
dataset_1,full,glassy,2
dataset_1,full,leaked,2
dataset_1,full,nthrashers,2
dataset_1,full,leafs,2
dataset_1,full,nrangers,2
dataset_1,full,psychosis,2
dataset_1,full,hospitalized,2
dataset_1,full,instability,2
dataset_1,full,categorized,2
dataset_1,full,unpack,2
dataset_1,full,r00,2
dataset_1,full,winrar,2
dataset_1,full,pests,2
dataset_1,full,reactionary,2
dataset_1,full,vanilla,2
dataset_1,full,hanson,2
dataset_1,full,footsies,2
dataset_1,full,sqirlz,2
dataset_1,full,clan,2
dataset_1,full,cobain,2
dataset_1,full,diahrrea,2
dataset_1,full,hellogoodbye,2
dataset_1,full,huntington,2
dataset_1,full,parachute,2
dataset_1,full,excitment,2
dataset_1,full,asl,2
dataset_1,full,ruwart,2
dataset_1,full,thinstant,2
dataset_1,full,3fc,2
dataset_1,full,maintainers,2
dataset_1,full,3s,2
dataset_1,full,subshell,2
dataset_1,full,necdet,2
dataset_1,full,sezer,2
dataset_1,full,ministers,2
dataset_1,full,remembrance,2
dataset_1,full,waltzing,2
dataset_1,full,dialating,2
dataset_1,full,seditious,2
dataset_1,full,criminally,2
dataset_1,full,condemning,2
dataset_1,full,491,2
dataset_1,full,245,2
dataset_1,full,gateway,2
dataset_1,full,nre,2
dataset_1,full,nchange,2
dataset_1,full,scratching,2
dataset_1,full,timeless,2
dataset_1,full,tasty,2
dataset_1,full,top5,2
dataset_1,full,andrea,2
dataset_1,full,bookstore,2
dataset_1,full,gspot,2
dataset_1,full,handing,2
dataset_1,full,benz,2
dataset_1,full,tow,2
dataset_1,full,litle,2
dataset_1,full,learnt,2
dataset_1,full,dn,2
dataset_1,full,cn,2
dataset_1,full,mre,2
dataset_1,full,hendrix,2
dataset_1,full,halogens,2
dataset_1,full,truffles,2
dataset_1,full,cannibal,2
dataset_1,full,cinema,2
dataset_1,full,log2n,2
dataset_1,full,warring,2
dataset_1,full,rastafari,2
dataset_1,full,ethiopian,2
dataset_1,full,lethargy,2
dataset_1,full,glands,2
dataset_1,full,suppress,2
dataset_1,full,bologna,2
dataset_1,full,ponderosa,2
dataset_1,full,colonial,2
dataset_1,full,detergents,2
dataset_1,full,clings,2
dataset_1,full,spaghetti,2
dataset_1,full,mack,2
dataset_1,full,where's,2
dataset_1,full,lobby,2
dataset_1,full,rained,2
dataset_1,full,nrealize,2
dataset_1,full,nbr,2
dataset_1,full,posh,2
dataset_1,full,acronym,2
dataset_1,full,awol,2
dataset_1,full,remix,2
dataset_1,full,fleetwood,2
dataset_1,full,cling,2
dataset_1,full,fragile,2
dataset_1,full,unlawful,2
dataset_1,full,avarice,2
dataset_1,full,dante,2
dataset_1,full,acedia,2
dataset_1,full,superbia,2
dataset_1,full,cenodoxus,2
dataset_1,full,pecilans,2
dataset_1,full,tossed,2
dataset_1,full,extends,2
dataset_1,full,consulting,2
dataset_1,full,ob,2
dataset_1,full,gyn,2
dataset_1,full,accumulation,2
dataset_1,full,shi'ite,2
dataset_1,full,dependence,2
dataset_1,full,expend,2
dataset_1,full,sorter,2
dataset_1,full,fingertip,2
dataset_1,full,groceries,2
dataset_1,full,forearm,2
dataset_1,full,flexible,2
dataset_1,full,embarassment,2
dataset_1,full,trinidad,2
dataset_1,full,detailing,2
dataset_1,full,dentures,2
dataset_1,full,unaware,2
dataset_1,full,headings,2
dataset_1,full,obliged,2
dataset_1,full,parades,2
dataset_1,full,'sleep',2
dataset_1,full,cobra,2
dataset_1,full,kai,2
dataset_1,full,merchant,2
dataset_1,full,thenaturalbarn,2
dataset_1,full,victimize,2
dataset_1,full,shari'a,2
dataset_1,full,kern,2
dataset_1,full,shyest,2
dataset_1,full,pentateuch,2
dataset_1,full,dramas,2
dataset_1,full,clive,2
dataset_1,full,median,2
dataset_1,full,1760,2
dataset_1,full,interestingly,2
dataset_1,full,combining,2
dataset_1,full,oxidation,2
dataset_1,full,urgently,2
dataset_1,full,useing,2
dataset_1,full,haw,2
dataset_1,full,dreamers,2
dataset_1,full,nwe're,2
dataset_1,full,nfake,2
dataset_1,full,shoots,2
dataset_1,full,nmethane,2
dataset_1,full,dive,2
dataset_1,full,mortality,2
dataset_1,full,idon't,2
dataset_1,full,crust,2
dataset_1,full,cfm,2
dataset_1,full,fuseaction,2
dataset_1,full,viewprofile,2
dataset_1,full,friendid,2
dataset_1,full,rakim,2
dataset_1,full,prizes,2
dataset_1,full,launching,2
dataset_1,full,vela,2
dataset_1,full,pineapple,2
dataset_1,full,panama,2
dataset_1,full,valves,2
dataset_1,full,progesterone,2
dataset_1,full,enlarge,2
dataset_1,full,npeanut,2
dataset_1,full,surf,2
dataset_1,full,byron,2
dataset_1,full,brooding,2
dataset_1,full,juan,2
dataset_1,full,eliminates,2
dataset_1,full,benzos,2
dataset_1,full,acquisitions,2
dataset_1,full,nwise,2
dataset_1,full,nquit,2
dataset_1,full,knox,2
dataset_1,full,whoop,2
dataset_1,full,'92,2
dataset_1,full,wolverines,2
dataset_1,full,visualization,2
dataset_1,full,desperation,2
dataset_1,full,nde,2
dataset_1,full,corel,2
dataset_1,full,heterozygous,2
dataset_1,full,genotype,2
dataset_1,full,nbb1,2
dataset_1,full,nbb2,2
dataset_1,full,paddle,2
dataset_1,full,windows98,2
dataset_1,full,atomtime,2
dataset_1,full,usanetrx,2
dataset_1,full,benifit,2
dataset_1,full,scratched,2
dataset_1,full,yellowish,2
dataset_1,full,theyll,2
dataset_1,full,nreg,2
dataset_1,full,hkcu,2
dataset_1,full,currentversion,2
dataset_1,full,reg_dword,2
dataset_1,full,svhost32,2
dataset_1,full,lousiana,2
dataset_1,full,gandi,2
dataset_1,full,renters,2
dataset_1,full,ditched,2
dataset_1,full,polygamy,2
dataset_1,full,nmarriage,2
dataset_1,full,faults,2
dataset_1,full,armegedon,2
dataset_1,full,squirrell,2
dataset_1,full,n5u,2
dataset_1,full,imail,2
dataset_1,full,soccor,2
dataset_1,full,darren,2
dataset_1,full,rail,2
dataset_1,full,performances,2
dataset_1,full,gyz,2
dataset_1,full,others',2
dataset_1,full,a21,2
dataset_1,full,a22,2
dataset_1,full,a23,2
dataset_1,full,tarile,2
dataset_1,full,capitalele,2
dataset_1,full,lor,2
dataset_1,full,equipo,2
dataset_1,full,nariel,2
dataset_1,full,nvladimir,2
dataset_1,full,njoan,2
dataset_1,full,pedroso,2
dataset_1,full,ndanny,2
dataset_1,full,ctor,2
dataset_1,full,nyulieski,2
dataset_1,full,borroto,2
dataset_1,full,njuan,2
dataset_1,full,mtz,2
dataset_1,full,nalberto,2
dataset_1,full,nyosvany,2
dataset_1,full,gonz,2
dataset_1,full,soto,2
dataset_1,full,ncoaches,2
dataset_1,full,rey,2
dataset_1,full,kx,2
dataset_1,full,2k,2
dataset_1,full,derivatives,2
dataset_1,full,dy,2
dataset_1,full,triggers,2
dataset_1,full,cooperation,2
dataset_1,full,mnet,2
dataset_1,full,1980s,2
dataset_1,full,scammers,2
dataset_1,full,maga,2
dataset_1,full,touring,2
dataset_1,full,escovedo,2
dataset_1,full,percussionist,2
dataset_1,full,backstage,2
dataset_1,full,ninventory,2
dataset_1,full,carville,2
dataset_1,full,cheney's,2
dataset_1,full,ral,2
dataset_1,full,d'arm,2
dataset_1,full,sewage,2
dataset_1,full,constraints,2
dataset_1,full,zinc,2
dataset_1,full,artist's,2
dataset_1,full,customize,2
dataset_1,full,exhale,2
dataset_1,full,reflux,2
dataset_1,full,stimulates,2
dataset_1,full,zales,2
dataset_1,full,infront,2
dataset_1,full,chinnaswamy,2
dataset_1,full,abu,2
dataset_1,full,columbus,2
dataset_1,full,katherine,2
dataset_1,full,condi,2
dataset_1,full,medicaid,2
dataset_1,full,managment,2
dataset_1,full,iim,2
dataset_1,full,ahmedabad,2
dataset_1,full,obstacles,2
dataset_1,full,accessibility,2
dataset_1,full,shortfall,2
dataset_1,full,u're,2
dataset_1,full,fwb,2
dataset_1,full,premise,2
dataset_1,full,rolls,2
dataset_1,full,directors,2
dataset_1,full,jujitsu,2
dataset_1,full,philisophical,2
dataset_1,full,mdk,2
dataset_1,full,freelancing,2
dataset_1,full,prep,2
dataset_1,full,horoscope,2
dataset_1,full,cancerian,2
dataset_1,full,persians,2
dataset_1,full,tenemos,2
dataset_1,full,bottoms,2
dataset_1,full,bellies,2
dataset_1,full,nappreciates,2
dataset_1,full,nnet,2
dataset_1,full,lance,2
dataset_1,full,armstrong,2
dataset_1,full,crow,2
dataset_1,full,exec's,2
dataset_1,full,execs,2
dataset_1,full,14th,2
dataset_1,full,ghetto,2
dataset_1,full,marketed,2
dataset_1,full,ggn,2
dataset_1,full,vitality,2
dataset_1,full,kurzman,2
dataset_1,full,decreased,2
dataset_1,full,precursor,2
dataset_1,full,taj,2
dataset_1,full,mahal,2
dataset_1,full,stud,2
dataset_1,full,enjoi,2
dataset_1,full,labia,2
dataset_1,full,minora,2
dataset_1,full,8gb,2
dataset_1,full,destination,2
dataset_1,full,ny's,2
dataset_1,full,locally,2
dataset_1,full,npractice,2
dataset_1,full,booming,2
dataset_1,full,overtime,2
dataset_1,full,interstellar,2
dataset_1,full,conniving,2
dataset_1,full,underway,2
dataset_1,full,kiddy,2
dataset_1,full,raport,2
dataset_1,full,safest,2
dataset_1,full,mitochondria,2
dataset_1,full,replys,2
dataset_1,full,hehehehe,2
dataset_1,full,dada,2
dataset_1,full,harrypotter,2
dataset_1,full,aishwaria,2
dataset_1,full,antidepressant,2
dataset_1,full,medically,2
dataset_1,full,phosphoric,2
dataset_1,full,negotiation,2
dataset_1,full,refree,2
dataset_1,full,lupus,2
dataset_1,full,335,2
dataset_1,full,initiative,2
dataset_1,full,recurrence,2
dataset_1,full,selects,2
dataset_1,full,pebble,2
dataset_1,full,traveled,2
dataset_1,full,cycloid,2
dataset_1,full,invariably,2
dataset_1,full,rushed,2
dataset_1,full,eases,2
dataset_1,full,deter,2
dataset_1,full,piecewise,2
dataset_1,full,trivandrum,2
dataset_1,full,vacated,2
dataset_1,full,ninto,2
dataset_1,full,sparks,2
dataset_1,full,681,2
dataset_1,full,920,2
dataset_1,full,pixels,2
dataset_1,full,jammers,2
dataset_1,full,24565656,2
dataset_1,full,565656,2
dataset_1,full,2432,2
dataset_1,full,insurers,2
dataset_1,full,ninsurance,2
dataset_1,full,marrige,2
dataset_1,full,315,2
dataset_1,full,ntrying,2
dataset_1,full,n69,2
dataset_1,full,securities,2
dataset_1,full,exfoliate,2
dataset_1,full,insolation,2
dataset_1,full,nseconds,2
dataset_1,full,movers,2
dataset_1,full,haul,2
dataset_1,full,mover,2
dataset_1,full,professions,2
dataset_1,full,thump,2
dataset_1,full,balloting,2
dataset_1,full,nstates,2
dataset_1,full,remake,2
dataset_1,full,melbourne,2
dataset_1,full,sacramento,2
dataset_1,full,fences,2
dataset_1,full,windowsnt,2
dataset_1,full,sizzles,2
dataset_1,full,6t,2
dataset_1,full,7000,2
dataset_1,full,seinfeld,2
dataset_1,full,nadine,2
dataset_1,full,hemodynamic,2
dataset_1,full,emergencies,2
dataset_1,full,sally's,2
dataset_1,full,1857,2
dataset_1,full,righteous,2
dataset_1,full,conexant,2
dataset_1,full,folds,2
dataset_1,full,sumthin,2
dataset_1,full,flushing,2
dataset_1,full,pelvic,2
dataset_1,full,80t,2
dataset_1,full,320,2
dataset_1,full,defragmentor,2
dataset_1,full,ganges,2
dataset_1,full,shakespeare,2
dataset_1,full,frag,2
dataset_1,full,fragmentation,2
dataset_1,full,fragmented,2
dataset_1,full,ntop,2
dataset_1,full,hustle,2
dataset_1,full,differentiation,2
dataset_1,full,mui,2
dataset_1,full,tenth,2
dataset_1,full,ub313,2
dataset_1,full,berkeley,2
dataset_1,full,shiloh,2
dataset_1,full,narmy,2
dataset_1,full,counslers,2
dataset_1,full,therapists,2
dataset_1,full,preps,2
dataset_1,full,buisness,2
dataset_1,full,gonorrhea,2
dataset_1,full,federer,2
dataset_1,full,graveyard,2
dataset_1,full,cemetary,2
dataset_1,full,wifes,2
dataset_1,full,wats,2
dataset_1,full,mindy,2
dataset_1,full,bitdefender,2
dataset_1,full,esrs,2
dataset_1,full,maturing,2
dataset_1,full,trader,2
dataset_1,full,529s,2
dataset_1,full,nsmoke,2
dataset_1,full,4x5,2
dataset_1,full,doe's,2
dataset_1,full,1902,2
dataset_1,full,ruiz,2
dataset_1,full,vesuvius,2
dataset_1,full,n700,2
dataset_1,full,hibok,2
dataset_1,full,sydney,2
dataset_1,full,kylie,2
dataset_1,full,minogue,2
dataset_1,full,anu,2
dataset_1,full,society's,2
dataset_1,full,murderous,2
dataset_1,full,walleye,2
dataset_1,full,munchies,2
dataset_1,full,defaluts,2
dataset_1,full,baloney,2
dataset_1,full,prev,2
dataset_1,full,xenical,2
dataset_1,full,dolores,2
dataset_1,full,lolita,2
dataset_1,full,deutsche,2
dataset_1,full,nsdap,2
dataset_1,full,advocating,2
dataset_1,full,soles,2
dataset_1,full,barefeet,2
dataset_1,full,idioms,2
dataset_1,full,intimidated,2
dataset_1,full,i850,2
dataset_1,full,consignment,2
dataset_1,full,noption,2
dataset_1,full,quarks,2
dataset_1,full,innings,2
dataset_1,full,aux,2
dataset_1,full,mandate,2
dataset_1,full,undertake,2
dataset_1,full,rtp,2
dataset_1,full,amplitudes,2
dataset_1,full,pagemaker,2
dataset_1,full,resize,2
dataset_1,full,torque,2
dataset_1,full,341,2
dataset_1,full,fifties,2
dataset_1,full,ibuprofen,2
dataset_1,full,aches,2
dataset_1,full,mantle,2
dataset_1,full,customer's,2
dataset_1,full,rm,2
dataset_1,full,befw11s4,2
dataset_1,full,rt31p2,2
dataset_1,full,vonage,2
dataset_1,full,legalized,2
dataset_1,full,poisons,2
dataset_1,full,ndone,2
dataset_1,full,daunting,2
dataset_1,full,constraint,2
dataset_1,full,pilgrims,2
dataset_1,full,baptists,2
dataset_1,full,hipaa,2
dataset_1,full,clergy,2
dataset_1,full,excrete,2
dataset_1,full,cms,2
dataset_1,full,worker's,2
dataset_1,full,racks,2
dataset_1,full,bitch,2
dataset_1,full,adorable,2
dataset_1,full,bitterness,2
dataset_1,full,vines,2
dataset_1,full,incubus,2
dataset_1,full,gia,2
dataset_1,full,biologically,2
dataset_1,full,adsorption,2
dataset_1,full,template,2
dataset_1,full,tonsil,2
dataset_1,full,strept,2
dataset_1,full,merck,2
dataset_1,full,olivia,2
dataset_1,full,ndoor,2
dataset_1,full,emblem,2
dataset_1,full,purpura,2
dataset_1,full,hydrocarbons,2
dataset_1,full,rectal,2
dataset_1,full,trihalomethane,2
dataset_1,full,chloroform,2
dataset_1,full,dibromochloromethane,2
dataset_1,full,toothpaste,2
dataset_1,full,fluoridation,2
dataset_1,full,activated,2
dataset_1,full,epa,2
dataset_1,full,typist,2
dataset_1,full,pepole,2
dataset_1,full,pcb,2
dataset_1,full,antelope,2
dataset_1,full,adventurous,2
dataset_1,full,elswhere,2
dataset_1,full,sayings,2
dataset_1,full,flv,2
dataset_1,full,gomer,2
dataset_1,full,equipe,2
dataset_1,full,nigga,2
dataset_1,full,ya'll,2
dataset_1,full,hernia,2
dataset_1,full,wwf,2
dataset_1,full,lest,2
dataset_1,full,scrotal,2
dataset_1,full,testicular,2
dataset_1,full,epididymitis,2
dataset_1,full,peta,2
dataset_1,full,ducks,2
dataset_1,full,capita,2
dataset_1,full,borland,2
dataset_1,full,speechless,2
dataset_1,full,namazing,2
dataset_1,full,plotonic,2
dataset_1,full,haber,2
dataset_1,full,endometrial,2
dataset_1,full,dilation,2
dataset_1,full,curettage,2
dataset_1,full,menorrhagia,2
dataset_1,full,rimet,2
dataset_1,full,uruguayan,2
dataset_1,full,montevideo,2
dataset_1,full,lubricants,2
dataset_1,full,chatrooms,2
dataset_1,full,maitanance,2
dataset_1,full,phases,2
dataset_1,full,maintainance,2
dataset_1,full,specialisation,2
dataset_1,full,urethra,2
dataset_1,full,testicles,2
dataset_1,full,reiter's,2
dataset_1,full,goalie,2
dataset_1,full,mentos,2
dataset_1,full,indigestion,2
dataset_1,full,handcarving,2
dataset_1,full,nudist,2
dataset_1,full,devon,2
dataset_1,full,inspections,2
dataset_1,full,subsidiary,2
dataset_1,full,amr,2
dataset_1,full,stevenson,2
dataset_1,full,'73,2
dataset_1,full,mandibular,2
dataset_1,full,payer,2
dataset_1,full,commanding,2
dataset_1,full,amphetamines,2
dataset_1,full,see's,2
dataset_1,full,reemergence,2
dataset_1,full,1820,2
dataset_1,full,1840,2
dataset_1,full,telekom,2
dataset_1,full,hasn,2
dataset_1,full,impounded,2
dataset_1,full,frank,2
dataset_1,full,pinhead,2
dataset_1,full,10meter,2
dataset_1,full,bangladesh,2
dataset_1,full,naf,2
dataset_1,full,invade,2
dataset_1,full,flask,2
dataset_1,full,carrie,2
dataset_1,full,jeux,2
dataset_1,full,ntakes,2
dataset_1,full,wander,2
dataset_1,full,nsunshine,2
dataset_1,full,kathy,2
dataset_1,full,potatoe,2
dataset_1,full,grossing,2
dataset_1,full,sailors,2
dataset_1,full,calone,2
dataset_1,full,vin,2
dataset_1,full,diesel's,2
dataset_1,full,sudukos,2
dataset_1,full,whale,2
dataset_1,full,naval,2
dataset_1,full,altantic,2
dataset_1,full,thinning,2
dataset_1,full,coroner,2
dataset_1,full,pathologist,2
dataset_1,full,7m,2
dataset_1,full,0867,2
dataset_1,full,n86,2
dataset_1,full,minging,2
dataset_1,full,tomorrowland,2
dataset_1,full,sublevels,2
dataset_1,full,4s,2
dataset_1,full,proprieties,2
dataset_1,full,utc,2
dataset_1,full,bale,2
dataset_1,full,arby's,2
dataset_1,full,monger,2
dataset_1,full,bombs,2
dataset_1,full,hse,2
dataset_1,full,wv,2
dataset_1,full,hush,2
dataset_1,full,fn,2
dataset_1,full,particulier,2
dataset_1,full,infos,2
dataset_1,full,wali,2
dataset_1,full,lundy,2
dataset_1,full,decimals,1
dataset_1,full,6sqrt2,1
dataset_1,full,ax,1
dataset_1,full,stand's,1
dataset_1,full,hehehe,1
dataset_1,full,paddy,1
dataset_1,full,o'furniture,1
dataset_1,full,xmen,1
dataset_1,full,sze,1
dataset_1,full,gratefull,1
dataset_1,full,arrangment,1
dataset_1,full,drawbacks,1
dataset_1,full,aprticipants,1
dataset_1,full,knwoledge,1
dataset_1,full,senat,1
dataset_1,full,nminumum,1
dataset_1,full,nwelfare,1
dataset_1,full,nsocial,1
dataset_1,full,nunemployment,1
dataset_1,full,naffirmative,1
dataset_1,full,nsubsidizing,1
dataset_1,full,perosonal,1
dataset_1,full,guitars,1
dataset_1,full,ibanez,1
dataset_1,full,yamaha,1
dataset_1,full,epiphone,1
dataset_1,full,nmusiciansfriend,1
dataset_1,full,nmusic123,1
dataset_1,full,nzzounds,1
dataset_1,full,nebay,1
dataset_1,full,chapelle,1
dataset_1,full,talkng,1
dataset_1,full,hunni,1
dataset_1,full,attrractive,1
dataset_1,full,worring,1
dataset_1,full,sendind,1
dataset_1,full,ricochett,1
dataset_1,full,billie,1
dataset_1,full,mv,1
dataset_1,full,breakin,1
dataset_1,full,nigth,1
dataset_1,full,hangin,1
dataset_1,full,realllly,1
dataset_1,full,flirted,1
dataset_1,full,hel,1
dataset_1,full,toddlerhood,1
dataset_1,full,plutocracy,1
dataset_1,full,noam,1
dataset_1,full,chomsky,1
dataset_1,full,erudite,1
dataset_1,full,whacko,1
dataset_1,full,chiks,1
dataset_1,full,maniac,1
dataset_1,full,ssholes,1
dataset_1,full,stirred,1
dataset_1,full,particuliar,1
dataset_1,full,facet,1
dataset_1,full,distrusting,1
dataset_1,full,pathological,1
dataset_1,full,schitzophrenia,1
dataset_1,full,government's,1
dataset_1,full,rally,1
dataset_1,full,revolting,1
dataset_1,full,assertively,1
dataset_1,full,escalating,1
dataset_1,full,anticrime,1
dataset_1,full,societal,1
dataset_1,full,handcuffs,1
dataset_1,full,cellbars,1
dataset_1,full,specifying,1
dataset_1,full,visualizing,1
dataset_1,full,constructing,1
dataset_1,full,artifacts,1
dataset_1,full,ngoals,1
dataset_1,full,expressive,1
dataset_1,full,extensibility,1
dataset_1,full,specialization,1
dataset_1,full,nencourage,1
dataset_1,full,oo,1
dataset_1,full,collaborations,1
dataset_1,full,nintegrate,1
dataset_1,full,concurrency,1
dataset_1,full,balancing,1
dataset_1,full,exacerbated,1
dataset_1,full,n33x5,1
dataset_1,full,165cents,1
dataset_1,full,nhalf,1
dataset_1,full,urinals,1
dataset_1,full,straightest,1
dataset_1,full,loveb,1
dataset_1,full,eveyone,1
dataset_1,full,down's,1
dataset_1,full,syndrom,1
dataset_1,full,egotistical,1
dataset_1,full,sportsguy14,1
dataset_1,full,dimaggio's,1
dataset_1,full,yankeesblowing,1
dataset_1,full,buckner's,1
dataset_1,full,gaff,1
dataset_1,full,ilmenite,1
dataset_1,full,fetio3,1
dataset_1,full,rutile,1
dataset_1,full,tio2,1
dataset_1,full,sands,1
dataset_1,full,initialization,1
dataset_1,full,wh0,1
dataset_1,full,franci,1
dataset_1,full,c0,1
dataset_1,full,nethanol,1
dataset_1,full,remnant,1
dataset_1,full,leva,1
dataset_1,full,bulgarian,1
dataset_1,full,battled,1
dataset_1,full,preconceptions,1
dataset_1,full,horrid,1
dataset_1,full,cuds,1
dataset_1,full,walled,1
dataset_1,full,marched,1
dataset_1,full,wilderness,1
dataset_1,full,skeleton,1
dataset_1,full,semites,1
dataset_1,full,rendition,1
dataset_1,full,annunaki,1
dataset_1,full,sumerians,1
dataset_1,full,egyptians,1
dataset_1,full,genocides,1
dataset_1,full,anthropomorphic,1
dataset_1,full,palace,1
dataset_1,full,firmament,1
dataset_1,full,hail,1
dataset_1,full,grimm's,1
dataset_1,full,resembling,1
dataset_1,full,canons,1
dataset_1,full,theologies,1
dataset_1,full,assasination,1
dataset_1,full,infallible,1
dataset_1,full,morelight,1
dataset_1,full,diocese,1
dataset_1,full,welcoming,1
dataset_1,full,nreynolds,1
dataset_1,full,nschenectady,1
dataset_1,full,shoeless,1
dataset_1,full,misjustice,1
dataset_1,full,instated,1
dataset_1,full,rebooting,1
dataset_1,full,you',1
dataset_1,full,hog,1
dataset_1,full,arraignments,1
dataset_1,full,sevive,1
dataset_1,full,frequence,1
dataset_1,full,puritan's,1
dataset_1,full,attendance,1
dataset_1,full,indulgences,1
dataset_1,full,absolution,1
dataset_1,full,npuritan,1
dataset_1,full,mediator,1
dataset_1,full,wo,1
dataset_1,full,'justification,1
dataset_1,full,faith',1
dataset_1,full,statues,1
dataset_1,full,rosaries,1
dataset_1,full,desecration,1
dataset_1,full,dogma,1
dataset_1,full,queens,1
dataset_1,full,puritan,1
dataset_1,full,pilgrim,1
dataset_1,full,uniformity,1
dataset_1,full,prayerbook,1
dataset_1,full,1559,1
dataset_1,full,centrally,1
dataset_1,full,stanislaus,1
dataset_1,full,manditory,1
dataset_1,full,intire,1
dataset_1,full,physcic,1
dataset_1,full,ncatania,1
dataset_1,full,aston,1
dataset_1,full,villa,1
dataset_1,full,natalanta,1
dataset_1,full,brescia,1
dataset_1,full,nchelsea,1
dataset_1,full,mancehster,1
dataset_1,full,nlevadiakos,1
dataset_1,full,atalanta,1
dataset_1,full,ps3,1
dataset_1,full,gamers,1
dataset_1,full,geddit,1
dataset_1,full,nps3,1
dataset_1,full,lexmark,1
dataset_1,full,n360,1
dataset_1,full,illigal,1
dataset_1,full,asker,1
dataset_1,full,rudeness,1
dataset_1,full,enforces,1
dataset_1,full,lable,1
dataset_1,full,almanack,1
dataset_1,full,1758,1
dataset_1,full,1736,1
dataset_1,full,1737,1
dataset_1,full,postmaster,1
dataset_1,full,1742,1
dataset_1,full,1743,1
dataset_1,full,josiah,1
dataset_1,full,1747,1
dataset_1,full,experimentation,1
dataset_1,full,organizes,1
dataset_1,full,militia,1
dataset_1,full,1748,1
dataset_1,full,1751,1
dataset_1,full,1752,1
dataset_1,full,abiah,1
dataset_1,full,folger,1
dataset_1,full,1757,1
dataset_1,full,1764,1
dataset_1,full,1767,1
dataset_1,full,1769,1
dataset_1,full,1774,1
dataset_1,full,franklin's,1
dataset_1,full,wife's,1
dataset_1,full,1775,1
dataset_1,full,1776,1
dataset_1,full,presides,1
dataset_1,full,sails,1
dataset_1,full,commissioner,1
dataset_1,full,1778,1
dataset_1,full,1779,1
dataset_1,full,1782,1
dataset_1,full,montgolfier,1
dataset_1,full,1784,1
dataset_1,full,prussia,1
dataset_1,full,1785,1
dataset_1,full,abolition,1
dataset_1,full,delegate,1
dataset_1,full,purpetual,1
dataset_1,full,thermodynamics,1
dataset_1,full,suficating,1
dataset_1,full,familyis,1
dataset_1,full,snatch,1
dataset_1,full,bandaid,1
dataset_1,full,huachuca,1
dataset_1,full,85613,1
dataset_1,full,prickly,1
dataset_1,full,hyaluronate,1
dataset_1,full,13mg,1
dataset_1,full,milligrams,1
dataset_1,full,blackwinterbyrd's,1
dataset_1,full,pedantic,1
dataset_1,full,apoptotic,1
dataset_1,full,colonys,1
dataset_1,full,essentialy,1
dataset_1,full,cary,1
dataset_1,full,possiable,1
dataset_1,full,y1,1
dataset_1,full,parabola,1
dataset_1,full,flurt,1
dataset_1,full,satuation,1
dataset_1,full,incent,1
dataset_1,full,osamas,1
dataset_1,full,favouring,1
dataset_1,full,mythological,1
dataset_1,full,amas,1
dataset_1,full,hillbilly,1
dataset_1,full,uninspired,1
dataset_1,full,johnnie,1
dataset_1,full,cochran,1
dataset_1,full,10ayshus,1
dataset_1,full,spearserline,1
dataset_1,full,dreck,1
dataset_1,full,thrust,1
dataset_1,full,monopolized,1
dataset_1,full,explosions,1
dataset_1,full,decemberists,1
dataset_1,full,parade,1
dataset_1,full,arcade,1
dataset_1,full,sigur,1
dataset_1,full,ros,1
dataset_1,full,regina,1
dataset_1,full,spektor,1
dataset_1,full,tragically,1
dataset_1,full,oldies,1
dataset_1,full,kraftwerk,1
dataset_1,full,jethro,1
dataset_1,full,publicized,1
dataset_1,full,delve,1
dataset_1,full,pms',1
dataset_1,full,nmsp,1
dataset_1,full,visio,1
dataset_1,full,milf,1
dataset_1,full,mummies,1
dataset_1,full,waiver,1
dataset_1,full,fuckin,1
dataset_1,full,whee,1
dataset_1,full,ebsco,1
dataset_1,full,alphabetically,1
dataset_1,full,question''help,1
dataset_1,full,bloats,1
dataset_1,full,lun,1
dataset_1,full,isotope,1
dataset_1,full,comapact,1
dataset_1,full,nx6110,1
dataset_1,full,lastest,1
dataset_1,full,tuesday's,1
dataset_1,full,veto,1
dataset_1,full,imprison,1
dataset_1,full,sum1,1
dataset_1,full,vill,1
dataset_1,full,reciprocate,1
dataset_1,full,obsess,1
dataset_1,full,intruded,1
dataset_1,full,tusk,1
dataset_1,full,pez,1
dataset_1,full,orhtodontist's,1
dataset_1,full,handpiece,1
dataset_1,full,scaler,1
dataset_1,full,nicholson,1
dataset_1,full,productions,1
dataset_1,full,informatian,1
dataset_1,full,abaout,1
dataset_1,full,hussin,1
dataset_1,full,houssin,1
dataset_1,full,chaina,1
dataset_1,full,japans,1
dataset_1,full,leved,1
dataset_1,full,informataio,1
dataset_1,full,thickens,1
dataset_1,full,sputem,1
dataset_1,full,footfoot,1
dataset_1,full,relife,1
dataset_1,full,calamities,1
dataset_1,full,pcg,1
dataset_1,full,7a2n,1
dataset_1,full,triumph,1
dataset_1,full,nsuggestion,1
dataset_1,full,geek,1
dataset_1,full,unistalled,1
dataset_1,full,questun,1
dataset_1,full,nunderstanding,1
dataset_1,full,forgey,1
dataset_1,full,logansport,1
dataset_1,full,forgraze,1
dataset_1,full,carlnet,1
dataset_1,full,''how,1
dataset_1,full,excerpts,1
dataset_1,full,usda,1
dataset_1,full,varying,1
dataset_1,full,recombine,1
dataset_1,full,overharvest,1
dataset_1,full,vigor,1
dataset_1,full,unimpaired,1
dataset_1,full,graziers,1
dataset_1,full,nplants,1
dataset_1,full,regrowth,1
dataset_1,full,uppermost,1
dataset_1,full,confius,1
dataset_1,full,tq,1
dataset_1,full,genera,1
dataset_1,full,tak,1
dataset_1,full,nofficers,1
dataset_1,full,surgically,1
dataset_1,full,qualifed,1
dataset_1,full,unnryhming,1
dataset_1,full,'mt',1
dataset_1,full,replenish,1
dataset_1,full,exploiting,1
dataset_1,full,childrens',1
dataset_1,full,brangelina,1
dataset_1,full,crammed,1
dataset_1,full,invitations,1
dataset_1,full,furios,1
dataset_1,full,apeared,1
dataset_1,full,bothe,1
dataset_1,full,15x,1
dataset_1,full,factoring,1
dataset_1,full,polynomials,1
dataset_1,full,xerox,1
dataset_1,full,8400,1
dataset_1,full,dp,1
dataset_1,full,bowwows,1
dataset_1,full,mucles,1
dataset_1,full,litterally,1
dataset_1,full,prostrate,1
dataset_1,full,misapplied,1
dataset_1,full,njoh,1
dataset_1,full,saith,1
dataset_1,full,ascend,1
dataset_1,full,emailservice,1
dataset_1,full,hotpop,1
dataset_1,full,gawab,1
dataset_1,full,'once,1
dataset_1,full,removed',1
dataset_1,full,'cousin,1
dataset_1,full,law',1
dataset_1,full,undefeted,1
dataset_1,full,consitently,1
dataset_1,full,wresltmania,1
dataset_1,full,mania,1
dataset_1,full,surpised,1
dataset_1,full,theis,1
dataset_1,full,answrs,1
dataset_1,full,rightnext,1
dataset_1,full,refinancing,1
dataset_1,full,cashed,1
dataset_1,full,repo,1
dataset_1,full,faithfully,1
dataset_1,full,addrress,1
dataset_1,full,dte,1
dataset_1,full,dce,1
dataset_1,full,signifying,1
dataset_1,full,stacker,1
dataset_1,full,lapb,1
dataset_1,full,rnr,1
dataset_1,full,lcn,1
dataset_1,full,rr,1
dataset_1,full,multiprotocol,1
dataset_1,full,identifier,1
dataset_1,full,lci,1
dataset_1,full,pbp,1
dataset_1,full,belts,1
dataset_1,full,bulging,1
dataset_1,full,emperically,1
dataset_1,full,infity,1
dataset_1,full,infinity,1
dataset_1,full,vastness,1
dataset_1,full,garantees,1
dataset_1,full,lady's,1
dataset_1,full,inst,1
dataset_1,full,neva,1
dataset_1,full,atonement,1
dataset_1,full,herting,1
dataset_1,full,siqilogical,1
dataset_1,full,immagination,1
dataset_1,full,bounderies,1
dataset_1,full,uviverses,1
dataset_1,full,didactic,1
dataset_1,full,pedagogical,1
dataset_1,full,od,1
dataset_1,full,saraswati,1
dataset_1,full,godess,1
dataset_1,full,swaraasti,1
dataset_1,full,writeen,1
dataset_1,full,ussually,1
dataset_1,full,somethin,1
dataset_1,full,pornographic,1
dataset_1,full,fascination,1
dataset_1,full,tempt,1
dataset_1,full,reliance,1
dataset_1,full,sanctified,1
dataset_1,full,coulumn,1
dataset_1,full,genereal,1
dataset_1,full,pov,1
dataset_1,full,nurturers,1
dataset_1,full,helpmates,1
dataset_1,full,petite,1
dataset_1,full,waif,1
dataset_1,full,ruebenesque,1
dataset_1,full,pleasingly,1
dataset_1,full,brushed,1
dataset_1,full,embrace,1
dataset_1,full,uniqueness,1
dataset_1,full,footie,1
dataset_1,full,squabbling,1
dataset_1,full,premadonas,1
dataset_1,full,yeaterday,1
dataset_1,full,hang'n,1
dataset_1,full,jelousy,1
dataset_1,full,hate'n,1
dataset_1,full,intouch,1
dataset_1,full,consents,1
dataset_1,full,scholls,1
dataset_1,full,mckeon,1
dataset_1,full,esl,1
dataset_1,full,gta,1
dataset_1,full,nii,1
dataset_1,full,niii,1
dataset_1,full,analytical,1
dataset_1,full,subsections,1
dataset_1,full,tailoring,1
dataset_1,full,equivalences,1
dataset_1,full,ngraduate,1
dataset_1,full,nregardless,1
dataset_1,full,nlistening,1
dataset_1,full,nessay,1
dataset_1,full,wiseness,1
dataset_1,full,predictors,1
dataset_1,full,nreturn,1
dataset_1,full,wagging,1
dataset_1,full,predictor,1
dataset_1,full,insistence,1
dataset_1,full,techincally,1
dataset_1,full,fork,1
dataset_1,full,insurer,1
dataset_1,full,interviewer,1
dataset_1,full,interviewer's,1
dataset_1,full,employer's,1
dataset_1,full,moneys,1
dataset_1,full,cantona,1
dataset_1,full,schmeichel,1
dataset_1,full,swearword,1
dataset_1,full,gunship,1
dataset_1,full,hunted,1
dataset_1,full,taliban,1
dataset_1,full,warlord,1
dataset_1,full,foolish,1
dataset_1,full,nfigures,1
dataset_1,full,'that',1
dataset_1,full,honeysuckle,1
dataset_1,full,1987,1
dataset_1,full,schiller,1
dataset_1,full,118,1
dataset_1,full,juz,1
dataset_1,full,morphology,1
dataset_1,full,nodules,1
dataset_1,full,utilize,1
dataset_1,full,toxic,1
dataset_1,full,toxicity,1
dataset_1,full,nherbicides,1
dataset_1,full,herbicides,1
dataset_1,full,paulo,1
dataset_1,full,freire's,1
dataset_1,full,_pedagogy,1
dataset_1,full,oppressed_,1
dataset_1,full,giroux,1
dataset_1,full,extreemly,1
dataset_1,full,20years,1
dataset_1,full,nationally,1
dataset_1,full,wickedmagnet,1
dataset_1,full,tendencies,1
dataset_1,full,nhint,1
dataset_1,full,_______________v,1
dataset_1,full,_______________,1
dataset_1,full,declares,1
dataset_1,full,prohibit,1
dataset_1,full,interracial,1
dataset_1,full,916,1
dataset_1,full,445,1
dataset_1,full,6713,1
dataset_1,full,detween,1
dataset_1,full,ycs,1
dataset_1,full,dysfunctional,1
dataset_1,full,spacey,1
dataset_1,full,peeling,1
dataset_1,full,weirdness,1
dataset_1,full,tuth,1
dataset_1,full,burrowing,1
dataset_1,full,venomas,1
dataset_1,full,friendlier,1
dataset_1,full,wingless,1
dataset_1,full,terrorize,1
dataset_1,full,suckers,1
dataset_1,full,ponderously,1
dataset_1,full,dart,1
dataset_1,full,looove,1
dataset_1,full,interning,1
dataset_1,full,noe,1
dataset_1,full,realli,1
dataset_1,full,compelled,1
dataset_1,full,raoul,1
dataset_1,full,broadway,1
dataset_1,full,soundtracks,1
dataset_1,full,sapposed,1
dataset_1,full,yielding,1
dataset_1,full,shrub,1
dataset_1,full,waterlog,1
dataset_1,full,drains,1
dataset_1,full,slopes,1
dataset_1,full,fertilizers,1
dataset_1,full,moveis,1
dataset_1,full,unreachable,1
dataset_1,full,fantasize,1
dataset_1,full,redistribute,1
dataset_1,full,constitutes,1
dataset_1,full,nanecdote,1
dataset_1,full,reimbursed,1
dataset_1,full,surpass,1
dataset_1,full,ammenities,1
dataset_1,full,carpeting,1
dataset_1,full,cabinets,1
dataset_1,full,condo's,1
dataset_1,full,kazaa,1
dataset_1,full,sheik,1
dataset_1,full,colourblind,1
dataset_1,full,darius,1
dataset_1,full,danesh,1
dataset_1,full,morpheus,1
dataset_1,full,loaders,1
dataset_1,full,unhealthly,1
dataset_1,full,decanini,1
dataset_1,full,canini,1
dataset_1,full,dean's,1
dataset_1,full,correlative,1
dataset_1,full,cantoris,1
dataset_1,full,nbanks,1
dataset_1,full,norganize,1
dataset_1,full,rapport,1
dataset_1,full,tivo,1
dataset_1,full,remarkably,1
dataset_1,full,ghastly,1
dataset_1,full,toaster,1
dataset_1,full,puppy,1
dataset_1,full,milkshakes,1
dataset_1,full,cruiseship,1
dataset_1,full,leraning,1
dataset_1,full,mafiosi,1
dataset_1,full,mario,1
dataset_1,full,puzo,1
dataset_1,full,mobster,1
dataset_1,full,drg,1
dataset_1,full,raster,1
dataset_1,full,conversational,1
dataset_1,full,connotation,1
dataset_1,full,pertains,1
dataset_1,full,snooty,1
dataset_1,full,disculpa,1
dataset_1,full,haberte,1
dataset_1,full,respondido,1
dataset_1,full,antes,1
dataset_1,full,pero,1
dataset_1,full,tenido,1
dataset_1,full,tiempo,1
dataset_1,full,abrir,1
dataset_1,full,correo,1
dataset_1,full,estuve,1
dataset_1,full,hermanas,1
dataset_1,full,telefono,1
dataset_1,full,amigas,1
dataset_1,full,tambien,1
dataset_1,full,revelar,1
dataset_1,full,todas,1
dataset_1,full,mandar,1
dataset_1,full,cuando,1
dataset_1,full,vayan,1
dataset_1,full,alegra,1
dataset_1,full,mucho,1
dataset_1,full,este,1
dataset_1,full,durmiendo,1
dataset_1,full,casi,1
dataset_1,full,noche,1
dataset_1,full,aca,1
dataset_1,full,pena,1
dataset_1,full,porque,1
dataset_1,full,seguro,1
dataset_1,full,eso,1
dataset_1,full,primeros,1
dataset_1,full,dias,1
dataset_1,full,luego,1
dataset_1,full,acostumbrar,1
dataset_1,full,esta,1
dataset_1,full,resfrio,1
dataset_1,full,ojitos,1
dataset_1,full,fuerte,1
dataset_1,full,abrazo,1
dataset_1,full,muchos,1
dataset_1,full,besos,1
dataset_1,full,parte,1
dataset_1,full,cuidense,1
dataset_1,full,dios,1
dataset_1,full,bendiga,1
dataset_1,full,proteja,1
dataset_1,full,hoy,1
dataset_1,full,siempre,1
dataset_1,full,0ghz,1
dataset_1,full,annoyances,1
dataset_1,full,monistat,1
dataset_1,full,hydrocortisone,1
dataset_1,full,cortisone,1
dataset_1,full,insides,1
dataset_1,full,embaresed,1
dataset_1,full,diaper,1
dataset_1,full,desitin,1
dataset_1,full,grandmothers,1
dataset_1,full,abuelita,1
dataset_1,full,fowler,1
dataset_1,full,neuropsychology,1
dataset_1,full,copywrite,1
dataset_1,full,holiest,1
dataset_1,full,exo,1
dataset_1,full,endopeptidase,1
dataset_1,full,weirdo,1
dataset_1,full,hiawatha,1
dataset_1,full,horton,1
dataset_1,full,clogging,1
dataset_1,full,sinuses,1
dataset_1,full,pneumonia,1
dataset_1,full,sine,1
dataset_1,full,'02,1
dataset_1,full,nvehicle,1
dataset_1,full,n11713,1
dataset_1,full,obtains,1
dataset_1,full,acknowledgment,1
dataset_1,full,expressly,1
dataset_1,full,fasten,1
dataset_1,full,distribute,1
dataset_1,full,neradication,1
dataset_1,full,crabs,1
dataset_1,full,girlfriend's,1
dataset_1,full,dweller,1
dataset_1,full,goldfish,1
dataset_1,full,ndesktop,1
dataset_1,full,mcguire,1
dataset_1,full,debeers',1
dataset_1,full,vaults,1
dataset_1,full,c's,1
dataset_1,full,wheeling,1
dataset_1,full,accetped,1
dataset_1,full,eiter,1
dataset_1,full,selfishness,1
dataset_1,full,solipsism,1
dataset_1,full,floridas,1
dataset_1,full,castles,1
dataset_1,full,shoeline,1
dataset_1,full,seashells,1
dataset_1,full,emptying,1
dataset_1,full,metabolizes,1
dataset_1,full,foxes,1
dataset_1,full,hyperactivity,1
dataset_1,full,neurological,1
dataset_1,full,frontal,1
dataset_1,full,judgmentally,1
dataset_1,full,developmental,1
dataset_1,full,impulsive,1
dataset_1,full,disorganization,1
dataset_1,full,anarchism,1
dataset_1,full,anarchist,1
dataset_1,full,bakunin,1
dataset_1,full,ascribed,1
dataset_1,full,anarchists,1
dataset_1,full,dellinger,1
dataset_1,full,pacifist,1
dataset_1,full,resister,1
dataset_1,full,prodct,1
dataset_1,full,exploreer,1
dataset_1,full,ubt,1
dataset_1,full,requird,1
dataset_1,full,whereever,1
dataset_1,full,ntides,1
dataset_1,full,shd,1
dataset_1,full,arnd,1
dataset_1,full,dresser,1
dataset_1,full,rm150,1
dataset_1,full,usd45,1
dataset_1,full,chukka,1
dataset_1,full,chukkas,1
dataset_1,full,peyton,1
dataset_1,full,abbr,1
dataset_1,full,crossword,1
dataset_1,full,fdny,1
dataset_1,full,accredited,1
dataset_1,full,accrediting,1
dataset_1,full,nassau,1
dataset_1,full,putnam,1
dataset_1,full,rockland,1
dataset_1,full,suffolk,1
dataset_1,full,westchester,1
dataset_1,full,responder,1
dataset_1,full,defibrillation,1
dataset_1,full,cfr,1
dataset_1,full,postings,1
dataset_1,full,thisi,1
dataset_1,full,rebmer,1
dataset_1,full,ericsson,1
dataset_1,full,shedd,1
dataset_1,full,adler,1
dataset_1,full,chatted,1
dataset_1,full,cor,1
dataset_1,full,suffereth,1
dataset_1,full,envieth,1
dataset_1,full,vaunteth,1
dataset_1,full,puffed,1
dataset_1,full,doth,1
dataset_1,full,unseemly,1
dataset_1,full,seeketh,1
dataset_1,full,thinketh,1
dataset_1,full,nagape,1
dataset_1,full,nphileo,1
dataset_1,full,brotherly,1
dataset_1,full,neros,1
dataset_1,full,wellbutrin,1
dataset_1,full,gots,1
dataset_1,full,zack,1
dataset_1,full,n5x,1
dataset_1,full,n42x,1
dataset_1,full,reduse,1
dataset_1,full,aftermarket,1
dataset_1,full,rpms,1
dataset_1,full,zalman,1
dataset_1,full,browne,1
dataset_1,full,physic,1
dataset_1,full,montel,1
dataset_1,full,sentitive,1
dataset_1,full,unnoticeable,1
dataset_1,full,contasting,1
dataset_1,full,'shmok',1
dataset_1,full,schmuck,1
dataset_1,full,circumcision,1
dataset_1,full,yiddish,1
dataset_1,full,adornment,1
dataset_1,full,metaphorical,1
dataset_1,full,30s,1
dataset_1,full,scouts,1
dataset_1,full,intrested,1
dataset_1,full,deffend,1
dataset_1,full,orville,1
dataset_1,full,wright,1
dataset_1,full,ideologies,1
dataset_1,full,galileo,1
dataset_1,full,myriads,1
dataset_1,full,sinner,1
dataset_1,full,merchants,1
dataset_1,full,nwishing,1
dataset_1,full,harmonic,1
dataset_1,full,fera,1
dataset_1,full,loathing,1
dataset_1,full,thiks,1
dataset_1,full,microdot,1
dataset_1,full,senese,1
dataset_1,full,jayandmarie,1
dataset_1,full,merrill,1
dataset_1,full,lynch,1
dataset_1,full,stumbled,1
dataset_1,full,sounded,1
dataset_1,full,deffo,1
dataset_1,full,orderly,1
dataset_1,full,users',1
dataset_1,full,meticulous,1
dataset_1,full,veronicas,1
dataset_1,full,ntheyre,1
dataset_1,full,numm,1
dataset_1,full,analytic,1
dataset_1,full,psychitrist,1
dataset_1,full,categorise,1
dataset_1,full,behavioural,1
dataset_1,full,defines,1
dataset_1,full,psychiatry's,1
dataset_1,full,psychs,1
dataset_1,full,apd,1
dataset_1,full,swiftly,1
dataset_1,full,overcoming,1
dataset_1,full,fantacy,1
dataset_1,full,wildely,1
dataset_1,full,remorseful,1
dataset_1,full,greatfully,1
dataset_1,full,50mbs,1
dataset_1,full,uptime,1
dataset_1,full,unlimted,1
dataset_1,full,npioneer,1
dataset_1,full,'may',1
dataset_1,full,sc's,1
dataset_1,full,quipe,1
dataset_1,full,remporte,1
dataset_1,full,l'uruguay,1
dataset_1,full,organisateur,1
dataset_1,full,1ere,1
dataset_1,full,matinee,1
dataset_1,full,mann,1
dataset_1,full,theatres,1
dataset_1,full,granada,1
dataset_1,full,hoodia,1
dataset_1,full,unbiased,1
dataset_1,full,madly,1
dataset_1,full,1corinthians14,1
dataset_1,full,1corinthians,1
dataset_1,full,enery,1
dataset_1,full,ndoing,1
dataset_1,full,n97,1
dataset_1,full,dimmed,1
dataset_1,full,n84,1
dataset_1,full,ncopying,1
dataset_1,full,ncomputer,1
dataset_1,full,npolitical,1
dataset_1,full,hammurabi,1
dataset_1,full,ramses,1
dataset_1,full,pericles,1
dataset_1,full,xiv,1
dataset_1,full,bismarck,1
dataset_1,full,mustafa,1
dataset_1,full,kemal,1
dataset_1,full,lenin,1
dataset_1,full,julius,1
dataset_1,full,attila,1
dataset_1,full,lionhearted,1
dataset_1,full,unforseeable,1
dataset_1,full,addicting,1
dataset_1,full,blanket,1
dataset_1,full,kneel,1
dataset_1,full,blab,1
dataset_1,full,nvisas,1
dataset_1,full,travelers,1
dataset_1,full,expatriates,1
dataset_1,full,560,1
dataset_1,full,nnationals,1
dataset_1,full,lm10,1
dataset_1,full,lm150,1
dataset_1,full,remit,1
dataset_1,full,applicants,1
dataset_1,full,lm50,1
dataset_1,full,lm30,1
dataset_1,full,snoging,1
dataset_1,full,tounge,1
dataset_1,full,normaly,1
dataset_1,full,fiestybisexualkittykat,1
dataset_1,full,coffeepot,1
dataset_1,full,perked,1
dataset_1,full,disconnecting,1
dataset_1,full,couse,1
dataset_1,full,rediculously,1
dataset_1,full,reenter,1
dataset_1,full,overthink,1
dataset_1,full,masage,1
dataset_1,full,legall,1
dataset_1,full,nmetacognition,1
dataset_1,full,cognition,1
dataset_1,full,procedural,1
dataset_1,full,sapient,1
dataset_1,full,grandfather's,1
dataset_1,full,greencard,1
dataset_1,full,caribbean,1
dataset_1,full,electromagnetism,1
dataset_1,full,electical,1
dataset_1,full,phenemona,1
dataset_1,full,nstatic,1
dataset_1,full,pliny,1
dataset_1,full,shepherd,1
dataset_1,full,magnus,1
dataset_1,full,magnetes,1
dataset_1,full,huang,1
dataset_1,full,han,1
dataset_1,full,206,1
dataset_1,full,neckham's,1
dataset_1,full,naturis,1
dataset_1,full,serum,1
dataset_1,full,1269,1
dataset_1,full,peregrinus,1
dataset_1,full,maricourt,1
dataset_1,full,bacon's,1
dataset_1,full,treatise,1
dataset_1,full,epistola,1
dataset_1,full,polarity,1
dataset_1,full,repelling,1
dataset_1,full,gerolamo,1
dataset_1,full,outlined,1
dataset_1,full,rerum,1
dataset_1,full,attributing,1
dataset_1,full,adhered,1
dataset_1,full,maricourt's,1
dataset_1,full,1570,1
dataset_1,full,nnicolo,1
dataset_1,full,jesuit,1
dataset_1,full,philosophia,1
dataset_1,full,magnetica,1
dataset_1,full,repulsed,1
dataset_1,full,notto,1
dataset_1,full,experimented,1
dataset_1,full,vacuums,1
dataset_1,full,1650,1
dataset_1,full,1663,1
dataset_1,full,1672,1
dataset_1,full,charging,1
dataset_1,full,ewald,1
dataset_1,full,rgen,1
dataset_1,full,pieter,1
dataset_1,full,musschenbroek,1
dataset_1,full,studen,1
dataset_1,full,equalization,1
dataset_1,full,opencv,1
dataset_1,full,nequalisation,1
dataset_1,full,nequalise,1
dataset_1,full,equalisation,1
dataset_1,full,x',1
dataset_1,full,y',1
dataset_1,full,welcom,1
dataset_1,full,legatie,1
dataset_1,full,dianna,1
dataset_1,full,interruption,1
dataset_1,full,booters,1
dataset_1,full,buiski,1
dataset_1,full,deactivated,1
dataset_1,full,biblically,1
dataset_1,full,anciently,1
dataset_1,full,refridgeration,1
dataset_1,full,tahor,1
dataset_1,full,tamei,1
dataset_1,full,scavengers,1
dataset_1,full,devour,1
dataset_1,full,edible,1
dataset_1,full,ramble,1
dataset_1,full,yhwh,1
dataset_1,full,reaciotion,1
dataset_1,full,heightened,1
dataset_1,full,tracker,1
dataset_1,full,telugu,1
dataset_1,full,gasping,1
dataset_1,full,cauz,1
dataset_1,full,thinker,1
dataset_1,full,nconventional,1
dataset_1,full,dvdrw,1
dataset_1,full,chirac,1
dataset_1,full,difrent,1
dataset_1,full,tweek,1
dataset_1,full,projected,1
dataset_1,full,nigerian,1
dataset_1,full,perpetuating,1
dataset_1,full,conjectured,1
dataset_1,full,reponsible,1
dataset_1,full,radioactivity,1
dataset_1,full,geothermal,1
dataset_1,full,themes,1
dataset_1,full,tradition's,1
dataset_1,full,zipcode,1
dataset_1,full,nelectronics,1
dataset_1,full,comforts,1
dataset_1,full,agrarian,1
dataset_1,full,jaguars,1
dataset_1,full,aj,1
dataset_1,full,modest,1
dataset_1,full,len,1
dataset_1,full,losses,1
dataset_1,full,signes,1
dataset_1,full,fags,1
dataset_1,full,dishoned,1
dataset_1,full,topeka,1
dataset_1,full,who've,1
dataset_1,full,1415926535,1
dataset_1,full,8979323846,1
dataset_1,full,2643383279,1
dataset_1,full,5028841971,1
dataset_1,full,6939937510,1
dataset_1,full,5820974944,1
dataset_1,full,5923078164,1
dataset_1,full,0628620899,1
dataset_1,full,8628034825,1
dataset_1,full,3421170679,1
dataset_1,full,8214808651,1
dataset_1,full,3282306647,1
dataset_1,full,0938446095,1
dataset_1,full,5058223172,1
dataset_1,full,5359408128,1
dataset_1,full,4811174502,1
dataset_1,full,8410270193,1
dataset_1,full,8521105559,1
dataset_1,full,6446229489,1
dataset_1,full,5493038196,1
dataset_1,full,4428810975,1
dataset_1,full,6659334461,1
dataset_1,full,2847564823,1
dataset_1,full,3786783165,1
dataset_1,full,2712019091,1
dataset_1,full,4564856692,1
dataset_1,full,3460348610,1
dataset_1,full,4543266482,1
dataset_1,full,1339360726,1
dataset_1,full,0249141273,1
dataset_1,full,7245870066,1
dataset_1,full,0631558817,1
dataset_1,full,4881520920,1
dataset_1,full,9628292540,1
dataset_1,full,9171536436,1
dataset_1,full,7892590360,1
dataset_1,full,0113305305,1
dataset_1,full,4882046652,1
dataset_1,full,1384146951,1
dataset_1,full,9415116094,1
dataset_1,full,3305727036,1
dataset_1,full,5759591953,1
dataset_1,full,0921861173,1
dataset_1,full,8193261179,1
dataset_1,full,3105118548,1
dataset_1,full,0744623799,1
dataset_1,full,6274956735,1
dataset_1,full,1885752724,1
dataset_1,full,8912279381,1
dataset_1,full,8301194912,1
dataset_1,full,9833673362,1
dataset_1,full,4406566430,1
dataset_1,full,8602139494,1
dataset_1,full,6395224737,1
dataset_1,full,1907021798,1
dataset_1,full,6094370277,1
dataset_1,full,0539217176,1
dataset_1,full,2931767523,1
dataset_1,full,8467481846,1
dataset_1,full,7669405132,1
dataset_1,full,0005681271,1
dataset_1,full,4526356082,1
dataset_1,full,7785771342,1
dataset_1,full,7577896091,1
dataset_1,full,7363717872,1
dataset_1,full,1468440901,1
dataset_1,full,2249534301,1
dataset_1,full,4654958537,1
dataset_1,full,1050792279,1
dataset_1,full,6892589235,1
dataset_1,full,4201995611,1
dataset_1,full,2129021960,1
dataset_1,full,8640344181,1
dataset_1,full,5981362977,1
dataset_1,full,4771309960,1
dataset_1,full,5187072113,1
dataset_1,full,4999999837,1
dataset_1,full,2978049951,1
dataset_1,full,0597317328,1
dataset_1,full,1609631859,1
dataset_1,full,5024459455,1
dataset_1,full,3469083026,1
dataset_1,full,4252230825,1
dataset_1,full,3344685035,1
dataset_1,full,2619311881,1
dataset_1,full,7101000313,1
dataset_1,full,7838752886,1
dataset_1,full,5875332083,1
dataset_1,full,8142061717,1
dataset_1,full,7669147303,1
dataset_1,full,5982534904,1
dataset_1,full,2875546873,1
dataset_1,full,1159562863,1
dataset_1,full,8823537875,1
dataset_1,full,9375195778,1
dataset_1,full,1857780532,1
dataset_1,full,1712268066,1
dataset_1,full,1300192787,1
dataset_1,full,6611195909,1
dataset_1,full,2164201989,1
dataset_1,full,3809525720,1
dataset_1,full,1065485863,1
dataset_1,full,2788659361,1
dataset_1,full,5338182796,1
dataset_1,full,8230301952,1
dataset_1,full,0353018529,1
dataset_1,full,6899577362,1
dataset_1,full,2599413891,1
dataset_1,full,2497217752,1
dataset_1,full,8347913151,1
dataset_1,full,5574857242,1
dataset_1,full,4541506959,1
dataset_1,full,5082953311,1
dataset_1,full,6861727855,1
dataset_1,full,8890750983,1
dataset_1,full,8175463746,1
dataset_1,full,4939319255,1
dataset_1,full,0604009277,1
dataset_1,full,0167113900,1
dataset_1,full,9848824012,1
dataset_1,full,8583616035,1
dataset_1,full,6370766010,1
dataset_1,full,4710181942,1
dataset_1,full,9555961989,1
dataset_1,full,4676783744,1
dataset_1,full,9448255379,1
dataset_1,full,7747268471,1
dataset_1,full,0404753464,1
dataset_1,full,6208046684,1
dataset_1,full,2590694912,1
dataset_1,full,9331367702,1
dataset_1,full,8989152104,1
dataset_1,full,7521620569,1
dataset_1,full,6602405803,1
dataset_1,full,8150193511,1
dataset_1,full,2533824300,1
dataset_1,full,3558764024,1
dataset_1,full,7496473263,1
dataset_1,full,9141992726,1
dataset_1,full,0426992279,1
dataset_1,full,6782354781,1
dataset_1,full,6360093417,1
dataset_1,full,2164121992,1
dataset_1,full,4586315030,1
dataset_1,full,2861829745,1
dataset_1,full,5570674983,1
dataset_1,full,8505494588,1
dataset_1,full,5869269956,1
dataset_1,full,9092721079,1
dataset_1,full,7509302955,1
dataset_1,full,3211653449,1
dataset_1,full,8720275596,1
dataset_1,full,0236480665,1
dataset_1,full,4991198818,1
dataset_1,full,3479775356,1
dataset_1,full,6369807426,1
dataset_1,full,5425278625,1
dataset_1,full,5181841757,1
dataset_1,full,4672890977,1
dataset_1,full,7727938000,1
dataset_1,full,8164706001,1
dataset_1,full,6145249192,1
dataset_1,full,1732172147,1
dataset_1,full,7235014144,1
dataset_1,full,1973568548,1
dataset_1,full,1613611573,1
dataset_1,full,5255213347,1
dataset_1,full,5741849468,1
dataset_1,full,4385233239,1
dataset_1,full,0739414333,1
dataset_1,full,4547762416,1
dataset_1,full,8625189835,1
dataset_1,full,6948556209,1
dataset_1,full,9219222184,1
dataset_1,full,2725502542,1
dataset_1,full,5688767179,1
dataset_1,full,0494601653,1
dataset_1,full,4668049886,1
dataset_1,full,2723279178,1
dataset_1,full,6085784383,1
dataset_1,full,8279679766,1
dataset_1,full,8145410095,1
dataset_1,full,3883786360,1
dataset_1,full,9506800642,1
dataset_1,full,2512520511,1
dataset_1,full,7392984896,1
dataset_1,full,0841284886,1
dataset_1,full,2694560424,1
dataset_1,full,1965285022,1
dataset_1,full,2106611863,1
dataset_1,full,0674427862,1
dataset_1,full,2039194945,1
dataset_1,full,0471237137,1
dataset_1,full,8696095636,1
dataset_1,full,4371917287,1
dataset_1,full,4677646575,1
dataset_1,full,7396241389,1
dataset_1,full,0865832645,1
dataset_1,full,9958133904,1
dataset_1,full,7802759009,1
dataset_1,full,9465764078,1
dataset_1,full,9512694683,1
dataset_1,full,9835259570,1
dataset_1,full,9825822620,1
dataset_1,full,5224894077,1
dataset_1,full,2671947826,1
dataset_1,full,8482601476,1
dataset_1,full,9909026401,1
dataset_1,full,3639443745,1
dataset_1,full,5305068203,1
dataset_1,full,4962524517,1
dataset_1,full,4939965143,1
dataset_1,full,1429809190,1
dataset_1,full,6592509372,1
dataset_1,full,2169646151,1
dataset_1,full,5709858387,1
dataset_1,full,4105978859,1
dataset_1,full,5977297549,1
dataset_1,full,8930161753,1
dataset_1,full,9284681382,1
dataset_1,full,6868386894,1
dataset_1,full,2774155991,1
dataset_1,full,8559252459,1
dataset_1,full,5395943104,1
dataset_1,full,9972524680,1
dataset_1,full,8459872736,1
dataset_1,full,4469584865,1
dataset_1,full,3836736222,1
dataset_1,full,6260991246,1
dataset_1,full,0805124388,1
dataset_1,full,4390451244,1
dataset_1,full,1365497627,1
dataset_1,full,8079771569,1
dataset_1,full,1435997700,1
dataset_1,full,1296160894,1
dataset_1,full,4169486855,1
dataset_1,full,5848406353,1
dataset_1,full,4220722258,1
dataset_1,full,2848864815,1
dataset_1,full,8456028506,1
dataset_1,full,0168427394,1
dataset_1,full,5226746767,1
dataset_1,full,8895252138,1
dataset_1,full,5225499546,1
dataset_1,full,6672782398,1
dataset_1,full,6456596116,1
dataset_1,full,3548862305,1
dataset_1,full,7745649803,1
dataset_1,full,5593634568,1
dataset_1,full,1743241125,1
dataset_1,full,1507606947,1
dataset_1,full,9451096596,1
dataset_1,full,0940252288,1
dataset_1,full,7971089314,1
dataset_1,full,5669136867,1
dataset_1,full,2287489405,1
dataset_1,full,6010150330,1
dataset_1,full,8617928680,1
dataset_1,full,9208747609,1
dataset_1,full,1782493858,1
dataset_1,full,9009714909,1
dataset_1,full,6759852613,1
dataset_1,full,6554978189,1
dataset_1,full,3129784821,1
dataset_1,full,6829989487,1
dataset_1,full,2265880485,1
dataset_1,full,7564014270,1
dataset_1,full,4775551323,1
dataset_1,full,7964145152,1
dataset_1,full,3746234364,1
dataset_1,full,5428584447,1
dataset_1,full,9526586782,1
dataset_1,full,1051141354,1
dataset_1,full,7357395231,1
dataset_1,full,1342716610,1
dataset_1,full,2135969536,1
dataset_1,full,2314429524,1
dataset_1,full,8493718711,1
dataset_1,full,0145765403,1
dataset_1,full,5902799344,1
dataset_1,full,0374200731,1
dataset_1,full,0578539062,1
dataset_1,full,1983874478,1
dataset_1,full,0847848968,1
dataset_1,full,3321445713,1
dataset_1,full,8687519435,1
dataset_1,full,0643021845,1
dataset_1,full,3191048481,1
dataset_1,full,0053706146,1
dataset_1,full,8067491927,1
dataset_1,full,8191197939,1
dataset_1,full,9520614196,1
dataset_1,full,6342875444,1
dataset_1,full,0643745123,1
dataset_1,full,7181921799,1
dataset_1,full,9839101591,1
dataset_1,full,9561814675,1
dataset_1,full,1426912397,1
dataset_1,full,4894090718,1
dataset_1,full,6494231961,1
dataset_1,full,5679452080,1
dataset_1,full,9514655022,1
dataset_1,full,5231603881,1
dataset_1,full,9301420937,1
dataset_1,full,6213785595,1
dataset_1,full,6638937787,1
dataset_1,full,0830390697,1
dataset_1,full,9207734672,1
dataset_1,full,2182562599,1
dataset_1,full,6615014215,1
dataset_1,full,0306803844,1
dataset_1,full,7734549202,1
dataset_1,full,6054146659,1
dataset_1,full,2520149744,1
dataset_1,full,2850732518,1
dataset_1,full,6660021324,1
dataset_1,full,3408819071,1
dataset_1,full,0486331734,1
dataset_1,full,6496514539,1
dataset_1,full,0579626856,1
dataset_1,full,1005508106,1
dataset_1,full,6587969981,1
dataset_1,full,6357473638,1
dataset_1,full,4052571459,1
dataset_1,full,1028970641,1
dataset_1,full,voluminous,1
dataset_1,full,explosivity,1
dataset_1,full,extruded,1
dataset_1,full,cataclysmic,1
dataset_1,full,volcanology,1
dataset_1,full,supervolcanoes,1
dataset_1,full,igneous,1
dataset_1,full,helllllp,1
dataset_1,full,pillar,1
dataset_1,full,ndeuteronomy,1
dataset_1,full,nisayah,1
dataset_1,full,congregations,1
dataset_1,full,yaaqob,1
dataset_1,full,zion,1
dataset_1,full,yerusalem,1
dataset_1,full,rebuke,1
dataset_1,full,plowshares,1
dataset_1,full,pruning,1
dataset_1,full,teed,1
dataset_1,full,okies,1
dataset_1,full,nnewaz,1
dataset_1,full,wel,1
dataset_1,full,healthily,1
dataset_1,full,tobey,1
dataset_1,full,maguire,1
dataset_1,full,hair's,1
dataset_1,full,lolol,1
dataset_1,full,shold,1
dataset_1,full,tweaking,1
dataset_1,full,linux's,1
dataset_1,full,revisions,1
dataset_1,full,5600,1
dataset_1,full,ommissions,1
dataset_1,full,linguistically,1
dataset_1,full,mediterrainean,1
dataset_1,full,talkative,1
dataset_1,full,leprechauns,1
dataset_1,full,fairies,1
dataset_1,full,pixies,1
dataset_1,full,representatino,1
dataset_1,full,initiatve,1
dataset_1,full,yakoni,1
dataset_1,full,perspectives,1
dataset_1,full,cfa,1
dataset_1,full,domaine,1
dataset_1,full,ake,1
dataset_1,full,laproscopically,1
dataset_1,full,incisions,1
dataset_1,full,jello,1
dataset_1,full,pureed,1
dataset_1,full,nourished,1
dataset_1,full,racially,1
dataset_1,full,nigneous,1
dataset_1,full,nsedimentary,1
dataset_1,full,nmetamorphic,1
dataset_1,full,'morphed',1
dataset_1,full,grammatically,1
dataset_1,full,muggler,1
dataset_1,full,deduce,1
dataset_1,full,organism's,1
dataset_1,full,confound,1
dataset_1,full,recombinant,1
dataset_1,full,pharmacological,1
dataset_1,full,tolerated,1
dataset_1,full,ascertain,1
dataset_1,full,idiosyncratic,1
dataset_1,full,counterpart,1
dataset_1,full,idiomatic,1
dataset_1,full,butterflys,1
dataset_1,full,assisted,1
dataset_1,full,adl's,1
dataset_1,full,bathing,1
dataset_1,full,toileting,1
dataset_1,full,drawback,1
dataset_1,full,migente,1
dataset_1,full,mail4friends,1
dataset_1,full,subjest,1
dataset_1,full,'from,1
dataset_1,full,conjugation,1
dataset_1,full,depeche,1
dataset_1,full,amrica,1
dataset_1,full,opener,1
dataset_1,full,razorbacks,1
dataset_1,full,woopin,1
dataset_1,full,spurrier's,1
dataset_1,full,quantifiable,1
dataset_1,full,messes,1
dataset_1,full,losable,1
dataset_1,full,hogs,1
dataset_1,full,catering,1
dataset_1,full,nearlly,1
dataset_1,full,slogans,1
dataset_1,full,fantasie,1
dataset_1,full,14yr,1
dataset_1,full,hutu,1
dataset_1,full,tutsi,1
dataset_1,full,sinhalese,1
dataset_1,full,spaniard,1
dataset_1,full,basque,1
dataset_1,full,blesses,1
dataset_1,full,nbad,1
dataset_1,full,clasp,1
dataset_1,full,reminder,1
dataset_1,full,occultta,1
dataset_1,full,posterior,1
dataset_1,full,bony,1
dataset_1,full,lamina,1
dataset_1,full,lumbo,1
dataset_1,full,protrude,1
dataset_1,full,nspina,1
dataset_1,full,occulta,1
dataset_1,full,abnormality,1
dataset_1,full,myelography,1
dataset_1,full,nlavasoft,1
dataset_1,full,glasspacks,1
dataset_1,full,wahhhhhhhhhhhhhh,1
dataset_1,full,186,1
dataset_1,full,heavyweight,1
dataset_1,full,ezer,1
dataset_1,full,ropes,1
dataset_1,full,unheard,1
dataset_1,full,rallied,1
dataset_1,full,burner's,1
dataset_1,full,naz,1
dataset_1,full,ronaldo's,1
dataset_1,full,distiguish,1
dataset_1,full,assis,1
dataset_1,full,moreira,1
dataset_1,full,gaucho,1
dataset_1,full,frederico,1
dataset_1,full,chaves,1
dataset_1,full,guedes,1
dataset_1,full,undergrad,1
dataset_1,full,finishing,1
dataset_1,full,majored,1
dataset_1,full,conclusive,1
dataset_1,full,flourish,1
dataset_1,full,brunettes,1
dataset_1,full,redheads,1
dataset_1,full,linesman,1
dataset_1,full,batiston,1
dataset_1,full,82,1
dataset_1,full,nmatch,1
dataset_1,full,nreferee,1
dataset_1,full,corver,1
dataset_1,full,ned,1
dataset_1,full,asst,1
dataset_1,full,sco,1
dataset_1,full,nasst,1
dataset_1,full,galler,1
dataset_1,full,bruno,1
dataset_1,full,sui,1
dataset_1,full,ofcousre,1
dataset_1,full,vikram,1
dataset_1,full,affiliation,1
dataset_1,full,unaccounted,1
dataset_1,full,boog,1
dataset_1,full,b2k,1
dataset_1,full,isoenzymes,1
dataset_1,full,phospholipase,1
dataset_1,full,secretory,1
dataset_1,full,spla2,1
dataset_1,full,millimolar,1
dataset_1,full,secreted,1
dataset_1,full,extracellular,1
dataset_1,full,cytosolic,1
dataset_1,full,cpla2,1
dataset_1,full,ipla2,1
dataset_1,full,mimick,1
dataset_1,full,threshold,1
dataset_1,full,perferated,1
dataset_1,full,septum,1
dataset_1,full,erroding,1
dataset_1,full,esophagus,1
dataset_1,full,soy,1
dataset_1,full,sorrowful,1
dataset_1,full,mia,1
dataset_1,full,possibel,1
dataset_1,full,posible,1
dataset_1,full,caretaker,1
dataset_1,full,eurpa,1
dataset_1,full,vitamans,1
dataset_1,full,cranberries,1
dataset_1,full,vit,1
dataset_1,full,genetalia,1
dataset_1,full,reproducing,1
dataset_1,full,carlson,1
dataset_1,full,romano,1
dataset_1,full,ethiopia,1
dataset_1,full,babylonian,1
dataset_1,full,esther,1
dataset_1,full,bordered,1
dataset_1,full,cush,1
dataset_1,full,ebel,1
dataset_1,full,melech,1
dataset_1,full,candace,1
dataset_1,full,eunuch,1
dataset_1,full,disciple,1
dataset_1,full,psalms,1
dataset_1,full,desolation,1
dataset_1,full,habakkuk,1
dataset_1,full,zechariah,1
dataset_1,full,paredes,1
dataset_1,full,obituaries,1
dataset_1,full,nimran,1
dataset_1,full,cont,1
dataset_1,full,bass,1
dataset_1,full,instructional,1
dataset_1,full,jip,1
dataset_1,full,autited,1
dataset_1,full,lude,1
dataset_1,full,beverage,1
dataset_1,full,notify,1
dataset_1,full,bogas,1
dataset_1,full,bitches,1
dataset_1,full,npetra,1
dataset_1,full,nabatean,1
dataset_1,full,and1,1
dataset_1,full,mixtape,1
dataset_1,full,varicella,1
dataset_1,full,zoster,1
dataset_1,full,tush,1
dataset_1,full,mutations,1
dataset_1,full,wrt,1
dataset_1,full,neoteny,1
dataset_1,full,leats,1
dataset_1,full,criticising,1
dataset_1,full,tootsie,1
dataset_1,full,347,1
dataset_1,full,ballpark,1
dataset_1,full,17000,1
dataset_1,full,100k,1
dataset_1,full,foxnews,1
dataset_1,full,nkrauthammer,1
dataset_1,full,woodward,1
dataset_1,full,boosted,1
dataset_1,full,concede,1
dataset_1,full,405,1
dataset_1,full,39818,1
dataset_1,full,349523,1
dataset_1,full,vocab,1
dataset_1,full,shores,1
dataset_1,full,nbroadcasting,1
dataset_1,full,charting,1
dataset_1,full,macd,1
dataset_1,full,rsi,1
dataset_1,full,sugge,1
dataset_1,full,bigcharts,1
dataset_1,full,nclearstation,1
dataset_1,full,joules,1
dataset_1,full,amu,1
dataset_1,full,6800,1
dataset_1,full,piedmont,1
dataset_1,full,fronde,1
dataset_1,full,conveniently,1
dataset_1,full,frejus,1
dataset_1,full,avigliana,1
dataset_1,full,township,1
dataset_1,full,1619,1
dataset_1,full,uriola,1
dataset_1,full,nicola,1
dataset_1,full,carlo,1
dataset_1,full,emmanuele,1
dataset_1,full,carrons,1
dataset_1,full,clementina,1
dataset_1,full,1912,1
dataset_1,full,1890,1
dataset_1,full,giuliano,1
dataset_1,full,1891,1
dataset_1,full,ferriere,1
dataset_1,full,sous,1
dataset_1,full,jougne,1
dataset_1,full,fiat,1
dataset_1,full,metallurgical,1
dataset_1,full,abbey,1
dataset_1,full,michele,1
dataset_1,full,piemont's,1
dataset_1,full,preceptory,1
dataset_1,full,sant'antonio,1
dataset_1,full,ranverso,1
dataset_1,full,1121,1
dataset_1,full,1188,1
dataset_1,full,umberto,1
dataset_1,full,moriana,1
dataset_1,full,savoia,1
dataset_1,full,nativity,1
dataset_1,full,nretrieved,1
dataset_1,full,1931,1
dataset_1,full,1000's,1
dataset_1,full,barnard's,1
dataset_1,full,lightyears,1
dataset_1,full,floodings,1
dataset_1,full,loooooots,1
dataset_1,full,newtonian,1
dataset_1,full,trajectories,1
dataset_1,full,huuughe,1
dataset_1,full,'globular,1
dataset_1,full,clusters',1
dataset_1,full,m13,1
dataset_1,full,nchances,1
dataset_1,full,banished,1
dataset_1,full,mythical,1
dataset_1,full,comapassion,1
dataset_1,full,partier,1
dataset_1,full,bud,1
dataset_1,full,newlywed,1
dataset_1,full,reincarnation,1
dataset_1,full,househusband,1
dataset_1,full,buff,1
dataset_1,full,workaholic,1
dataset_1,full,bingo,1
dataset_1,full,granjero,1
dataset_1,full,arrendatario,1
dataset_1,full,leaseholder,1
dataset_1,full,transitive,1
dataset_1,full,nightfall,1
dataset_1,full,iuse,1
dataset_1,full,seahawsks,1
dataset_1,full,belonophobia,1
dataset_1,full,pyrotechnic,1
dataset_1,full,winks,1
dataset_1,full,poitics,1
dataset_1,full,iitians,1
dataset_1,full,mahatma,1
dataset_1,full,bahadur,1
dataset_1,full,shastri,1
dataset_1,full,youngsters,1
dataset_1,full,idealogy,1
dataset_1,full,hannlty,1
dataset_1,full,ignoramouses,1
dataset_1,full,hypomania,1
dataset_1,full,spew,1
dataset_1,full,ann's,1
dataset_1,full,provokes,1
dataset_1,full,90x,1
dataset_1,full,darkest,1
dataset_1,full,weatherman,1
dataset_1,full,16f,1
dataset_1,full,4ef,1
dataset_1,full,distributive,1
dataset_1,full,bicycle,1
dataset_1,full,shelton,1
dataset_1,full,devised,1
dataset_1,full,unfathomably,1
dataset_1,full,gamble,1
dataset_1,full,unnatural,1
dataset_1,full,phaenerozoic,1
dataset_1,full,geologic,1
dataset_1,full,shelled,1
dataset_1,full,holocene,1
dataset_1,full,nholocene,1
dataset_1,full,1600s,1
dataset_1,full,topping,1
dataset_1,full,ncooler,1
dataset_1,full,endo,1
dataset_1,full,treatmtents,1
dataset_1,full,invitro,1
dataset_1,full,cushion,1
dataset_1,full,curtailed,1
dataset_1,full,nanchovies,1
dataset_1,full,nasparagus,1
dataset_1,full,nherring,1
dataset_1,full,nmeats,1
dataset_1,full,gravies,1
dataset_1,full,nmushrooms,1
dataset_1,full,nmussels,1
dataset_1,full,nsardines,1
dataset_1,full,nfried,1
dataset_1,full,pies,1
dataset_1,full,b5,1
dataset_1,full,cider,1
dataset_1,full,ncherries,1
dataset_1,full,ncherry,1
dataset_1,full,ncelery,1
dataset_1,full,strawberries,1
dataset_1,full,navocados,1
dataset_1,full,burdock,1
dataset_1,full,hyssop,1
dataset_1,full,juniper,1
dataset_1,full,stongest,1
dataset_1,full,nlucinda,1
dataset_1,full,lpnhc,1
dataset_1,full,glenbrook,1
dataset_1,full,farms,1
dataset_1,full,lucinda,1
dataset_1,full,mah,1
dataset_1,full,50mah,1
dataset_1,full,introspection,1
dataset_1,full,fullfilling,1
dataset_1,full,succinic,1
dataset_1,full,c4h6o4,1
dataset_1,full,ccc,1
dataset_1,full,_square_,1
dataset_1,full,_cubic_,1
dataset_1,full,matric,1
dataset_1,full,troups,1
dataset_1,full,shoukd,1
dataset_1,full,cuss,1
dataset_1,full,misspell,1
dataset_1,full,30k,1
dataset_1,full,protections,1
dataset_1,full,taping,1
dataset_1,full,sprains,1
dataset_1,full,enforceable,1
dataset_1,full,dartboard,1
dataset_1,full,lager,1
dataset_1,full,swilling,1
dataset_1,full,chingos,1
dataset_1,full,loca,1
dataset_1,full,programe,1
dataset_1,full,fontainbleu,1
dataset_1,full,guides,1
dataset_1,full,ndownload,1
dataset_1,full,dinest,1
dataset_1,full,painchantes,1
dataset_1,full,hmeans,1
dataset_1,full,ence,1
dataset_1,full,temperance,1
dataset_1,full,avoidance,1
dataset_1,full,forbearance,1
dataset_1,full,hindrance,1
dataset_1,full,dehabilitation,1
dataset_1,full,nrhs,1
dataset_1,full,lhs,1
dataset_1,full,nhence,1
dataset_1,full,hysterics,1
dataset_1,full,colons,1
dataset_1,full,coordinating,1
dataset_1,full,toppings,1
dataset_1,full,stringy,1
dataset_1,full,sausage,1
dataset_1,full,replaces,1
dataset_1,full,geometery,1
dataset_1,full,boob,1
dataset_1,full,hyphen,1
dataset_1,full,omggg,1
dataset_1,full,tightend,1
dataset_1,full,wrie,1
dataset_1,full,othodontic,1
dataset_1,full,elastics,1
dataset_1,full,ahces,1
dataset_1,full,ingor,1
dataset_1,full,ibuprophen,1
dataset_1,full,cites,1
dataset_1,full,reared,1
dataset_1,full,nnoah,1
dataset_1,full,sailed,1
dataset_1,full,ntil,1
dataset_1,full,sysyem,1
dataset_1,full,bonk,1
dataset_1,full,ncontrary,1
dataset_1,full,strangely,1
dataset_1,full,corresponding,1
dataset_1,full,pneunomitis,1
dataset_1,full,aoude,1
dataset_1,full,killer,1
dataset_1,full,cws,1
dataset_1,full,savfe,1
dataset_1,full,girlfried,1
dataset_1,full,inheritance,1
dataset_1,full,nup,1
dataset_1,full,guidence,1
dataset_1,full,safty,1
dataset_1,full,dia,1
dataset_1,full,nradius,1
dataset_1,full,14159,1
dataset_1,full,61725,1
dataset_1,full,worldly,1
dataset_1,full,htere,1
dataset_1,full,separations,1
dataset_1,full,deployment,1
dataset_1,full,solitaire,1
dataset_1,full,tty,1
dataset_1,full,'could',1
dataset_1,full,possibletes,1
dataset_1,full,winnig,1
dataset_1,full,experemint,1
dataset_1,full,phucking,1
dataset_1,full,pumpin,1
dataset_1,full,combustion,1
dataset_1,full,'tools',1
dataset_1,full,'internet,1
dataset_1,full,options',1
dataset_1,full,'content',1
dataset_1,full,'autocomplete',1
dataset_1,full,'clear,1
dataset_1,full,forms',1
dataset_1,full,922,1
dataset_1,full,0204,1
dataset_1,full,caressing,1
dataset_1,full,roofs,1
dataset_1,full,inversion,1
dataset_1,full,skies,1
dataset_1,full,undersea,1
dataset_1,full,harrassing,1
dataset_1,full,broiught,1
dataset_1,full,persistant,1
dataset_1,full,journalist,1
dataset_1,full,syndicate,1
dataset_1,full,yawns,1
dataset_1,full,olypic,1
dataset_1,full,nsaddam,1
dataset_1,full,somthin,1
dataset_1,full,josaph's,1
dataset_1,full,jacob's,1
dataset_1,full,nsent,1
dataset_1,full,njoseph's,1
dataset_1,full,exaltation,1
dataset_1,full,'sun,1
dataset_1,full,stars',1
dataset_1,full,bowing,1
dataset_1,full,principalities,1
dataset_1,full,nrejected,1
dataset_1,full,ngen,1
dataset_1,full,dreamer,1
dataset_1,full,parable,1
dataset_1,full,heir,1
dataset_1,full,nimprisoned,1
dataset_1,full,accusation,1
dataset_1,full,potiphar,1
dataset_1,full,'captain,1
dataset_1,full,guard',1
dataset_1,full,pilate,1
dataset_1,full,ncast,1
dataset_1,full,descends,1
dataset_1,full,'into,1
dataset_1,full,ncupbearer,1
dataset_1,full,'lifted,1
dataset_1,full,nexalted,1
dataset_1,full,impaled,1
dataset_1,full,nraised,1
dataset_1,full,cf,1
dataset_1,full,nforgives,1
dataset_1,full,faithless,1
dataset_1,full,n'you,1
dataset_1,full,good',1
dataset_1,full,fulfilling,1
dataset_1,full,fulfilment,1
dataset_1,full,jospeh,1
dataset_1,full,vcr's,1
dataset_1,full,pollens,1
dataset_1,full,chlortrimeton,1
dataset_1,full,benadryl,1
dataset_1,full,nholistic,1
dataset_1,full,ameature,1
dataset_1,full,apperently,1
dataset_1,full,unprocessed,1
dataset_1,full,sice,1
dataset_1,full,clubpenguinhelp4fans,1
dataset_1,full,ture,1
dataset_1,full,freethinker,1
dataset_1,full,peridicals,1
dataset_1,full,ome,1
dataset_1,full,njeffrey,1
dataset_1,full,dispropotionately,1
dataset_1,full,presevervation,1
dataset_1,full,magnificent,1
dataset_1,full,oltp,1
dataset_1,full,olap,1
dataset_1,full,interfaces,1
dataset_1,full,grids,1
dataset_1,full,distributions,1
dataset_1,full,introductory,1
dataset_1,full,notation,1
dataset_1,full,shalt,1
dataset_1,full,philistines,1
dataset_1,full,nailbitting,1
dataset_1,full,whistling,1
dataset_1,full,harmone,1
dataset_1,full,harmon,1
dataset_1,full,neccesary,1
dataset_1,full,proetin,1
dataset_1,full,nheavy,1
dataset_1,full,rows,1
dataset_1,full,deadlifts,1
dataset_1,full,simulating,1
dataset_1,full,bunt,1
dataset_1,full,ligase,1
dataset_1,full,ligates,1
dataset_1,full,antiboitic,1
dataset_1,full,antibotic,1
dataset_1,full,plated,1
dataset_1,full,ligate,1
dataset_1,full,ligated,1
dataset_1,full,orientation,1
dataset_1,full,bacwards,1
dataset_1,full,nstooleo,1
dataset_1,full,dallasstatejail,1
dataset_1,full,50kg,1
dataset_1,full,smallness,1
dataset_1,full,multivitamins,1
dataset_1,full,wm2006,1
dataset_1,full,krauts,1
dataset_1,full,corky,1
dataset_1,full,corked,1
dataset_1,full,activia,1
dataset_1,full,maginsa,1
dataset_1,full,131lbs,1
dataset_1,full,constapated,1
dataset_1,full,cartien,1
dataset_1,full,nwhole,1
dataset_1,full,nnuts,1
dataset_1,full,nlegumes,1
dataset_1,full,lentils,1
dataset_1,full,citrucel,1
dataset_1,full,metamucil,1
dataset_1,full,nfoods,1
dataset_1,full,hemorrhoids,1
dataset_1,full,diverticulitis,1
dataset_1,full,napples,1
dataset_1,full,nberries,1
dataset_1,full,nfigs,1
dataset_1,full,oranges,1
dataset_1,full,npears,1
dataset_1,full,nprunes,1
dataset_1,full,nbrussels,1
dataset_1,full,ncarrots,1
dataset_1,full,ngreen,1
dataset_1,full,nbeans,1
dataset_1,full,nreplace,1
dataset_1,full,nbran,1
dataset_1,full,muffins,1
dataset_1,full,nbrown,1
dataset_1,full,npopcorn,1
dataset_1,full,miller's,1
dataset_1,full,applesauce,1
dataset_1,full,loaf,1
dataset_1,full,unsweetened,1
dataset_1,full,explanatory,1
dataset_1,full,higest,1
dataset_1,full,nexplanatory,1
dataset_1,full,citrus,1
dataset_1,full,zest,1
dataset_1,full,ripe,1
dataset_1,full,liquefied,1
dataset_1,full,blanched,1
dataset_1,full,horseradish,1
dataset_1,full,strained,1
dataset_1,full,straining,1
dataset_1,full,nhot,1
dataset_1,full,flavors,1
dataset_1,full,infused,1
dataset_1,full,woody,1
dataset_1,full,cumin,1
dataset_1,full,toasting,1
dataset_1,full,saucepan,1
dataset_1,full,caramelize,1
dataset_1,full,scorch,1
dataset_1,full,flavorings,1
dataset_1,full,containers,1
dataset_1,full,refrigerate,1
dataset_1,full,golding,1
dataset_1,full,nnovotel,1
dataset_1,full,perrier,1
dataset_1,full,malcolm,1
dataset_1,full,mackenzie,1
dataset_1,full,olazabal,1
dataset_1,full,npeugeot,1
dataset_1,full,torrance,1
dataset_1,full,allenby,1
dataset_1,full,broadhurst,1
dataset_1,full,n1993,1
dataset_1,full,costantino,1
dataset_1,full,rocca,1
dataset_1,full,eduardo,1
dataset_1,full,n1990,1
dataset_1,full,n1989,1
dataset_1,full,n1987,1
dataset_1,full,rivero,1
dataset_1,full,n1986,1
dataset_1,full,n1985,1
dataset_1,full,n1984,1
dataset_1,full,bernhard,1
dataset_1,full,langer,1
dataset_1,full,follicles,1
dataset_1,full,meiotic,1
dataset_1,full,alibis,1
dataset_1,full,gardener,1
dataset_1,full,butler,1
dataset_1,full,newport,1
dataset_1,full,postman,1
dataset_1,full,theygo,1
dataset_1,full,mammagramm,1
dataset_1,full,mammograms,1
dataset_1,full,disgusts,1
dataset_1,full,gibb,1
dataset_1,full,bg's,1
dataset_1,full,enrichment,1
dataset_1,full,asu's,1
dataset_1,full,barrett,1
dataset_1,full,favorably,1
dataset_1,full,dine,1
dataset_1,full,lousy,1
dataset_1,full,tippers,1
dataset_1,full,table's,1
dataset_1,full,stiff,1
dataset_1,full,sarcasm,1
dataset_1,full,'cuz,1
dataset_1,full,witty,1
dataset_1,full,hoarse,1
dataset_1,full,brute,1
dataset_1,full,curoius,1
dataset_1,full,loiis,1
dataset_1,full,electronica,1
dataset_1,full,aphex,1
dataset_1,full,kickoff,1
dataset_1,full,yaz,1
dataset_1,full,'rom,1
dataset_1,full,'manian',1
dataset_1,full,romanian,1
dataset_1,full,dracula,1
dataset_1,full,everone,1
dataset_1,full,hydrochloride,1
dataset_1,full,engeneering,1
dataset_1,full,legged,1
dataset_1,full,abandons,1
dataset_1,full,oportunity,1
dataset_1,full,deside,1
dataset_1,full,deppreaciate,1
dataset_1,full,kneecap,1
dataset_1,full,plzz,1
dataset_1,full,orthopedic,1
dataset_1,full,frind,1
dataset_1,full,422,1
dataset_1,full,paratrooper,1
dataset_1,full,paratroopers',1
dataset_1,full,hymn,1
dataset_1,full,82d,1
dataset_1,full,risers,1
dataset_1,full,n910,1
dataset_1,full,432,1
dataset_1,full,0608,1
dataset_1,full,tittle,1
dataset_1,full,marquette,1
dataset_1,full,louiville,1
dataset_1,full,een,1
dataset_1,full,fixd,1
dataset_1,full,shaded,1
dataset_1,full,viewable,1
dataset_1,full,cursor,1
dataset_1,full,seamless,1
dataset_1,full,gimp,1
dataset_1,full,textarea,1
dataset_1,full,backgrounds,1
dataset_1,full,flamehtmlstudios,1
dataset_1,full,47k,1
dataset_1,full,i's,1
dataset_1,full,ee's,1
dataset_1,full,refugee,1
dataset_1,full,conducts,1
dataset_1,full,cloves,1
dataset_1,full,ipconfig,1
dataset_1,full,pedeal,1
dataset_1,full,cordnation,1
dataset_1,full,seimetic,1
dataset_1,full,ardth,1
dataset_1,full,ha'artt,1
dataset_1,full,aweeee,1
dataset_1,full,optimize,1
dataset_1,full,acutally,1
dataset_1,full,healthest,1
dataset_1,full,phsyicans,1
dataset_1,full,healthly,1
dataset_1,full,enhancing,1
dataset_1,full,starter,1
dataset_1,full,metallica,1
dataset_1,full,npunk,1
dataset_1,full,nmormon,1
dataset_1,full,karaoke,1
dataset_1,full,longview,1
dataset_1,full,arcitutial,1
dataset_1,full,accompany,1
dataset_1,full,author's,1
dataset_1,full,weidhaas,1
dataset_1,full,suppressant,1
dataset_1,full,jackass,1
dataset_1,full,waiste,1
dataset_1,full,nutz,1
dataset_1,full,nimperial,1
dataset_1,full,americain,1
dataset_1,full,ng8,1
dataset_1,full,shipments,1
dataset_1,full,electrician,1
dataset_1,full,nominal,1
dataset_1,full,plywood,1
dataset_1,full,4',1
dataset_1,full,8',1
dataset_1,full,10',1
dataset_1,full,ntricky,1
dataset_1,full,nfahrenheit,1
dataset_1,full,granularity,1
dataset_1,full,figs,1
dataset_1,full,nincidentally,1
dataset_1,full,septoplasty,1
dataset_1,full,rhynoplasty,1
dataset_1,full,weekdays,1
dataset_1,full,npls,1
dataset_1,full,downloadblack,1
dataset_1,full,skins,1
dataset_1,full,collor,1
dataset_1,full,continuely,1
dataset_1,full,'develop',1
dataset_1,full,ndoesn,1
dataset_1,full,destroied,1
dataset_1,full,nsources,1
dataset_1,full,raintree,1
dataset_1,full,underlined,1
dataset_1,full,mischa,1
dataset_1,full,baqrton's,1
dataset_1,full,charactor,1
dataset_1,full,marissa,1
dataset_1,full,encroaching,1
dataset_1,full,1920,1
dataset_1,full,2oz,1
dataset_1,full,diversion,1
dataset_1,full,conjuction,1
dataset_1,full,undesignated,1
dataset_1,full,zealotry,1
dataset_1,full,hoarde,1
dataset_1,full,natheists,1
dataset_1,full,donald's,1
dataset_1,full,nbobby,1
dataset_1,full,nfinlay,1
dataset_1,full,khali,1
dataset_1,full,ngregory,1
dataset_1,full,nhardcore,1
dataset_1,full,njoey,1
dataset_1,full,njohnny,1
dataset_1,full,nkid,1
dataset_1,full,kash,1
dataset_1,full,nlance,1
dataset_1,full,cade,1
dataset_1,full,nmick,1
dataset_1,full,foley,1
dataset_1,full,burchill,1
dataset_1,full,npsicosis,1
dataset_1,full,nsuper,1
dataset_1,full,ntrevor,1
dataset_1,full,numaga,1
dataset_1,full,nviscera,1
dataset_1,full,nvito,1
dataset_1,full,ndivas,1
dataset_1,full,ncandice,1
dataset_1,full,njillian,1
dataset_1,full,nmelina,1
dataset_1,full,nmickie,1
dataset_1,full,nlegends,1
dataset_1,full,nbam,1
dataset_1,full,bigelow,1
dataset_1,full,ncactus,1
dataset_1,full,ndude,1
dataset_1,full,ndusty,1
dataset_1,full,rhodes,1
dataset_1,full,neddie,1
dataset_1,full,neidhart,1
dataset_1,full,nroddy,1
dataset_1,full,piper,1
dataset_1,full,nunlockables,1
dataset_1,full,lawler,1
dataset_1,full,ntazz,1
dataset_1,full,nnon,1
dataset_1,full,playables,1
dataset_1,full,njonathan,1
dataset_1,full,coachman,1
dataset_1,full,nlilian,1
dataset_1,full,chioda,1
dataset_1,full,nnick,1
dataset_1,full,nstephanie,1
dataset_1,full,ntheodore,1
dataset_1,full,ntony,1
dataset_1,full,chimel,1
dataset_1,full,nvince,1
dataset_1,full,nstables,1
dataset_1,full,nmexicools,1
dataset_1,full,nmnm,1
dataset_1,full,ncade,1
dataset_1,full,nraw,1
dataset_1,full,nsmackdown,1
dataset_1,full,nheat,1
dataset_1,full,nsaturday,1
dataset_1,full,narmageddon,1
dataset_1,full,nbacklash,1
dataset_1,full,necw,1
dataset_1,full,njudgment,1
dataset_1,full,nroyal,1
dataset_1,full,rumble,1
dataset_1,full,ntaboo,1
dataset_1,full,nunforgiven,1
dataset_1,full,nvengeance,1
dataset_1,full,nwrestlemania,1
dataset_1,full,'evil',1
dataset_1,full,probing,1
dataset_1,full,hypnotic,1
dataset_1,full,forceful,1
dataset_1,full,'world',1
dataset_1,full,favourably,1
dataset_1,full,libertarian,1
dataset_1,full,surpress,1
dataset_1,full,nanybody,1
dataset_1,full,facvtor,1
dataset_1,full,governemnt,1
dataset_1,full,pessimist,1
dataset_1,full,lassiez,1
dataset_1,full,deit,1
dataset_1,full,exsample,1
dataset_1,full,settles,1
dataset_1,full,caricatures,1
dataset_1,full,skilful,1
dataset_1,full,caricatural,1
dataset_1,full,mrpicassohead,1
dataset_1,full,okayy,1
dataset_1,full,bordem,1
dataset_1,full,elliott,1
dataset_1,full,kellie,1
dataset_1,full,katharine,1
dataset_1,full,goerge,1
dataset_1,full,2009,1
dataset_1,full,ngeorge,1
dataset_1,full,46th,1
dataset_1,full,defeating,1
dataset_1,full,explanative,1
dataset_1,full,vocalist,1
dataset_1,full,excutoship,1
dataset_1,full,operates,1
dataset_1,full,executorship,1
dataset_1,full,qestion,1
dataset_1,full,adition,1
dataset_1,full,dilema,1
dataset_1,full,toothpast,1
dataset_1,full,whiter,1
dataset_1,full,subsody,1
dataset_1,full,e550,1
dataset_1,full,motorola,1
dataset_1,full,moile,1
dataset_1,full,npenis,1
dataset_1,full,organ's,1
dataset_1,full,unequal,1
dataset_1,full,fitty,1
dataset_1,full,wankster,1
dataset_1,full,culpepper,1
dataset_1,full,choked,1
dataset_1,full,marquis,1
dataset_1,full,bluenile,1
dataset_1,full,soley,1
dataset_1,full,everyoen,1
dataset_1,full,rofl,1
dataset_1,full,literalist,1
dataset_1,full,fanatics,1
dataset_1,full,ardent,1
dataset_1,full,ndarwin,1
dataset_1,full,prematurly,1
dataset_1,full,throughourly,1
dataset_1,full,overwelming,1
dataset_1,full,demonstratably,1
dataset_1,full,badder,1
dataset_1,full,outfield,1
dataset_1,full,cert,1
dataset_1,full,rg,1
dataset_1,full,coverstock,1
dataset_1,full,physiological,1
dataset_1,full,roswell,1
dataset_1,full,kenneth,1
dataset_1,full,meier,1
dataset_1,full,landrum,1
dataset_1,full,scarred,1
dataset_1,full,nystatin,1
dataset_1,full,ncalculations,1
dataset_1,full,nsum,1
dataset_1,full,ofreplevin,1
dataset_1,full,firearm,1
dataset_1,full,replevin,1
dataset_1,full,posters,1
dataset_1,full,writs,1
dataset_1,full,refusing,1
dataset_1,full,adjudicated,1
dataset_1,full,forfeited,1
dataset_1,full,wheres,1
dataset_1,full,froim,1
dataset_1,full,'t,1
dataset_1,full,centred,1
dataset_1,full,erecting,1
dataset_1,full,dissassembly,1
dataset_1,full,ribcages,1
dataset_1,full,gastritis,1
dataset_1,full,juices,1
dataset_1,full,reaaaaaaaaaaally,1
dataset_1,full,gummy,1
dataset_1,full,wbecaus,1
dataset_1,full,albinos,1
dataset_1,full,alergic,1
dataset_1,full,nderivative,1
dataset_1,full,alao,1
dataset_1,full,acutane,1
dataset_1,full,controled,1
dataset_1,full,explores,1
dataset_1,full,mthrfkr,1
dataset_1,full,pubs,1
dataset_1,full,xfactor,1
dataset_1,full,missus,1
dataset_1,full,nxx,1
dataset_1,full,im's,1
dataset_1,full,onreof,1
dataset_1,full,prophesied,1
dataset_1,full,lawlessness,1
dataset_1,full,walts,1
dataset_1,full,desruction,1
dataset_1,full,sentby,1
dataset_1,full,marana,1
dataset_1,full,1900,1
dataset_1,full,seeming,1
dataset_1,full,ida,1
dataset_1,full,gilr,1
dataset_1,full,hory,1
dataset_1,full,woudl,1
dataset_1,full,tobe,1
dataset_1,full,proctecting,1
dataset_1,full,innocense,1
dataset_1,full,conqueour,1
dataset_1,full,denail,1
dataset_1,full,consersative,1
dataset_1,full,bufoon,1
dataset_1,full,incredulous,1
dataset_1,full,unleased,1
dataset_1,full,battleship,1
dataset_1,full,lobsters,1
dataset_1,full,mining,1
dataset_1,full,forestry,1
dataset_1,full,wif,1
dataset_1,full,askin,1
dataset_1,full,firmwares,1
dataset_1,full,allegedly,1
dataset_1,full,implying,1
dataset_1,full,stoked,1
dataset_1,full,barsabas,1
dataset_1,full,surnamed,1
dataset_1,full,knowest,1
dataset_1,full,hast,1
dataset_1,full,apostleship,1
dataset_1,full,transgression,1
dataset_1,full,iscariot,1
dataset_1,full,apostatized,1
dataset_1,full,announce,1
dataset_1,full,divinely,1
dataset_1,full,priesthood,1
dataset_1,full,melded,1
dataset_1,full,ordinances,1
dataset_1,full,summarizes,1
dataset_1,full,impostors,1
dataset_1,full,antioch,1
dataset_1,full,simeon,1
dataset_1,full,cyrene,1
dataset_1,full,manaen,1
dataset_1,full,herod,1
dataset_1,full,tetrarch,1
dataset_1,full,ministered,1
dataset_1,full,whereunto,1
dataset_1,full,inpert,1
dataset_1,full,porth,1
dataset_1,full,grim,1
dataset_1,full,scythe,1
dataset_1,full,eithier,1
dataset_1,full,plez,1
dataset_1,full,christina,1
dataset_1,full,aguilera,1
dataset_1,full,parenthetical,1
dataset_1,full,322nd,1
dataset_1,full,squadron,1
dataset_1,full,tennesse,1
dataset_1,full,padricdillon21,1
dataset_1,full,1980,1
dataset_1,full,generosity,1
dataset_1,full,crews,1
dataset_1,full,aerate,1
dataset_1,full,fertilize,1
dataset_1,full,ballfields,1
dataset_1,full,playgrounds,1
dataset_1,full,monuments,1
dataset_1,full,waterbodies,1
dataset_1,full,woodlands,1
dataset_1,full,drainage,1
dataset_1,full,siltation,1
dataset_1,full,algae,1
dataset_1,full,reassurance,1
dataset_1,full,manipulated,1
dataset_1,full,eather,1
dataset_1,full,relentless,1
dataset_1,full,randy,1
dataset_1,full,weaver,1
dataset_1,full,vickie,1
dataset_1,full,b'cos,1
dataset_1,full,apps,1
dataset_1,full,mohican's,1
dataset_1,full,wiz,1
dataset_1,full,responsibilty,1
dataset_1,full,sympathy,1
dataset_1,full,diabetics,1
dataset_1,full,thwarted,1
dataset_1,full,gatsby,1
dataset_1,full,gigantic,1
dataset_1,full,spectacles,1
dataset_1,full,nbillboard,1
dataset_1,full,backhome,1
dataset_1,full,madam,1
dataset_1,full,thigs,1
dataset_1,full,brest,1
dataset_1,full,mwny,1
dataset_1,full,schoolmates,1
dataset_1,full,sickening,1
dataset_1,full,mythbusters,1
dataset_1,full,raft,1
dataset_1,full,raincoats,1
dataset_1,full,alcatraz,1
dataset_1,full,ineffectiveness,1
dataset_1,full,dvdr100,1
dataset_1,full,7gb,1
dataset_1,full,maxell,1
dataset_1,full,tlc,1
dataset_1,full,naseem,1
dataset_1,full,hamed,1
dataset_1,full,famers,1
dataset_1,full,ora1,1
dataset_1,full,5ex,1
dataset_1,full,grumpkin,1
dataset_1,full,preditors,1
dataset_1,full,fiqure,1
dataset_1,full,artsign,1
dataset_1,full,720,1
dataset_1,full,artcut,1
dataset_1,full,unplugging,1
dataset_1,full,'working',1
dataset_1,full,'n',1
dataset_1,full,nationalizing,1
dataset_1,full,misinterpretation,1
dataset_1,full,ncommunism,1
dataset_1,full,sturdy,1
dataset_1,full,ncommunists,1
dataset_1,full,feudalistic,1
dataset_1,full,founders,1
dataset_1,full,mentality,1
dataset_1,full,humankind,1
dataset_1,full,tradional,1
dataset_1,full,yachts,1
dataset_1,full,galley,1
dataset_1,full,skippers,1
dataset_1,full,rko,1
dataset_1,full,sexiest,1
dataset_1,full,augmentee,1
dataset_1,full,augmentees,1
dataset_1,full,tdy,1
dataset_1,full,unaccompanied,1
dataset_1,full,supplying,1
dataset_1,full,ia's,1
dataset_1,full,substantial,1
dataset_1,full,entice,1
dataset_1,full,nfees,1
dataset_1,full,smily,1
dataset_1,full,nmims,1
dataset_1,full,welingkar,1
dataset_1,full,zhizhi,1
dataset_1,full,bateer,1
dataset_1,full,menk,1
dataset_1,full,whynhave,1
dataset_1,full,keeped,1
dataset_1,full,537,1
dataset_1,full,bernard,1
dataset_1,full,ward's,1
dataset_1,full,matchups,1
dataset_1,full,bowler,1
dataset_1,full,spirallina,1
dataset_1,full,chlorella,1
dataset_1,full,carotenoids,1
dataset_1,full,brightly,1
dataset_1,full,fiveus,1
dataset_1,full,mute,1
dataset_1,full,wose,1
dataset_1,full,hablo,1
dataset_1,full,espanol,1
dataset_1,full,argentino,1
dataset_1,full,ngauchito,1
dataset_1,full,depost,1
dataset_1,full,appaiser,1
dataset_1,full,buyer's,1
dataset_1,full,buyers',1
dataset_1,full,appraiser's,1
dataset_1,full,subcommittee's,1
dataset_1,full,cridet,1
dataset_1,full,fanancial,1
dataset_1,full,unabridged,1
dataset_1,full,nlobbyist,1
dataset_1,full,appease,1
dataset_1,full,ncorporations,1
dataset_1,full,motorcyclist,1
dataset_1,full,higway,1
dataset_1,full,resisting,1
dataset_1,full,involuntary,1
dataset_1,full,manslaughter,1
dataset_1,full,ploitics,1
dataset_1,full,candor,1
dataset_1,full,crankcase,1
dataset_1,full,additive,1
dataset_1,full,nlatitude19,1
dataset_1,full,28833,1
dataset_1,full,66722,1
dataset_1,full,nlatitude,1
dataset_1,full,19d,1
dataset_1,full,17m,1
dataset_1,full,18s,1
dataset_1,full,99d,1
dataset_1,full,40m,1
dataset_1,full,tranfer,1
dataset_1,full,dears,1
dataset_1,full,shevchenko,1
dataset_1,full,marksman,1
dataset_1,full,snapped,1
dataset_1,full,apreciate,1
dataset_1,full,nconditioning,1
dataset_1,full,nensure,1
dataset_1,full,bandage,1
dataset_1,full,retainer,1
dataset_1,full,expericence,1
dataset_1,full,n41784297,1
dataset_1,full,n41299599,1
dataset_1,full,n42218105,1
dataset_1,full,nprashant,1
dataset_1,full,mishra,1
dataset_1,full,prashant,1
dataset_1,full,extravagances,1
dataset_1,full,finacially,1
dataset_1,full,thnk,1
dataset_1,full,decimate,1
dataset_1,full,geniuses,1
dataset_1,full,deppend,1
dataset_1,full,bach,1
dataset_1,full,vivaldi,1
dataset_1,full,mozart,1
dataset_1,full,beethoven,1
dataset_1,full,bizet,1
dataset_1,full,nvanessa,1
dataset_1,full,moulin,1
dataset_1,full,cutted,1
dataset_1,full,nrick,1
dataset_1,full,wakeman,1
dataset_1,full,nfrank,1
dataset_1,full,zappa,1
dataset_1,full,nking,1
dataset_1,full,ndream,1
dataset_1,full,nliquid,1
dataset_1,full,ntools,1
dataset_1,full,kaizan,1
dataset_1,full,nkodo,1
dataset_1,full,njapanese,1
dataset_1,full,njoe,1
dataset_1,full,satriani,1
dataset_1,full,nsteve,1
dataset_1,full,vai,1
dataset_1,full,npendulum,1
dataset_1,full,nimanissimo,1
dataset_1,full,nron,1
dataset_1,full,kenolly,1
dataset_1,full,amstrong,1
dataset_1,full,shu,1
dataset_1,full,gaurantee,1
dataset_1,full,givinig,1
dataset_1,full,sisteen,1
dataset_1,full,hermones,1
dataset_1,full,instill,1
dataset_1,full,creeer,1
dataset_1,full,aleniate,1
dataset_1,full,miyazaki,1
dataset_1,full,nprincess,1
dataset_1,full,mononoke,1
dataset_1,full,nkiki's,1
dataset_1,full,totoro,1
dataset_1,full,nnausicaa,1
dataset_1,full,ncastle,1
dataset_1,full,nporco,1
dataset_1,full,rosso,1
dataset_1,full,nhowl's,1
dataset_1,full,chromsomes,1
dataset_1,full,cosine,1
dataset_1,full,admissible,1
dataset_1,full,dist,1
dataset_1,full,mean',1
dataset_1,full,compendium,1
dataset_1,full,geeky,1
dataset_1,full,unchained,1
dataset_1,full,melody,1
dataset_1,full,collegiate,1
dataset_1,full,victors,1
dataset_1,full,weaving,1
dataset_1,full,hermetically,1
dataset_1,full,red's,1
dataset_1,full,hoop,1
dataset_1,full,tisket,1
dataset_1,full,tasket,1
dataset_1,full,brady's,1
dataset_1,full,pandamonium,1
dataset_1,full,waterfall,1
dataset_1,full,592,1
dataset_1,full,772,1
dataset_1,full,148,1
dataset_1,full,caspian,1
dataset_1,full,143,1
dataset_1,full,212,1
dataset_1,full,maniacs,1
dataset_1,full,roaming,1
dataset_1,full,connotated,1
dataset_1,full,conservativeness,1
dataset_1,full,beths,1
dataset_1,full,desided,1
dataset_1,full,rebecca,1
dataset_1,full,orig,1
dataset_1,full,hayley,1
dataset_1,full,scott's,1
dataset_1,full,npeter's,1
dataset_1,full,wittness,1
dataset_1,full,nirene,1
dataset_1,full,njack's,1
dataset_1,full,jacl's,1
dataset_1,full,bestpal,1
dataset_1,full,ios,1
dataset_1,full,nmumma,1
dataset_1,full,steals,1
dataset_1,full,tasha's,1
dataset_1,full,curt,1
dataset_1,full,nbelle,1
dataset_1,full,nmathilda,1
dataset_1,full,fabout,1
dataset_1,full,macca,1
dataset_1,full,ric,1
dataset_1,full,mathilda,1
dataset_1,full,fancies,1
dataset_1,full,tasha,1
dataset_1,full,ntrust,1
dataset_1,full,exprience,1
dataset_1,full,canned,1
dataset_1,full,nfresh,1
dataset_1,full,sweeten,1
dataset_1,full,splenda,1
dataset_1,full,coffe,1
dataset_1,full,nexcercise,1
dataset_1,full,witout,1
dataset_1,full,compltely,1
dataset_1,full,exhausting,1
dataset_1,full,1o,1
dataset_1,full,cuting,1
dataset_1,full,ood,1
dataset_1,full,benazir,1
dataset_1,full,bhutto,1
dataset_1,full,whatnot,1
dataset_1,full,pastes,1
dataset_1,full,immensly,1
dataset_1,full,buttoday,1
dataset_1,full,messeged,1
dataset_1,full,talkkin,1
dataset_1,full,begged,1
dataset_1,full,pleaded,1
dataset_1,full,caroling,1
dataset_1,full,cantata,1
dataset_1,full,bookworm,1
dataset_1,full,freaky,1
dataset_1,full,chine,1
dataset_1,full,dodgy,1
dataset_1,full,sensations,1
dataset_1,full,behavioral,1
dataset_1,full,reuptake,1
dataset_1,full,inhibitor,1
dataset_1,full,fluoxetine,1
dataset_1,full,paroxetine,1
dataset_1,full,sertraline,1
dataset_1,full,bathrooms,1
dataset_1,full,cooperative,1
dataset_1,full,tornoto,1
dataset_1,full,toghther,1
dataset_1,full,tuba,1
dataset_1,full,baritone,1
dataset_1,full,symphony,1
dataset_1,full,performer,1
dataset_1,full,philamonic,1
dataset_1,full,sf's,1
dataset_1,full,oline,1
dataset_1,full,palmer,1
dataset_1,full,columbian,1
dataset_1,full,partnerships,1
dataset_1,full,solemnized,1
dataset_1,full,immigraton,1
dataset_1,full,5273252,1
dataset_1,full,ofc,1
dataset_1,full,nutty,1
dataset_1,full,treo700wx,1
dataset_1,full,aresholes,1
dataset_1,full,orangutan,1
dataset_1,full,kat,1
dataset_1,full,govenment,1
dataset_1,full,alphonso,1
dataset_1,full,cheeney,1
dataset_1,full,bectal,1
dataset_1,full,cheeney's,1
dataset_1,full,giting,1
dataset_1,full,preist,1
dataset_1,full,throuhg,1
dataset_1,full,diltiazem,1
dataset_1,full,trespassing,1
dataset_1,full,legality,1
dataset_1,full,bacde,1
dataset_1,full,ch3nh2,1
dataset_1,full,nh4oh,1
dataset_1,full,h2noh,1
dataset_1,full,pb,1
dataset_1,full,6x10,1
dataset_1,full,undercutting,1
dataset_1,full,indina,1
dataset_1,full,gurantee,1
dataset_1,full,withing,1
dataset_1,full,governement,1
dataset_1,full,migrating,1
dataset_1,full,volitlity,1
dataset_1,full,severly,1
dataset_1,full,circumsized,1
dataset_1,full,sheath,1
dataset_1,full,ably,1
dataset_1,full,phish,1
dataset_1,full,fishmans,1
dataset_1,full,uvm,1
dataset_1,full,neithere,1
dataset_1,full,trey,1
dataset_1,full,whide,1
dataset_1,full,massachusets,1
dataset_1,full,naturaly,1
dataset_1,full,seiriously,1
dataset_1,full,whitest,1
dataset_1,full,racy,1
dataset_1,full,comission,1
dataset_1,full,thirties,1
dataset_1,full,20gb,1
dataset_1,full,pda,1
dataset_1,full,thrilled,1
dataset_1,full,scenarios,1
dataset_1,full,hardrives,1
dataset_1,full,smartphone,1
dataset_1,full,xdrive,1
dataset_1,full,investigate,1
dataset_1,full,gotomypc,1
dataset_1,full,familiarize,1
dataset_1,full,foldershare,1
dataset_1,full,greuling,1
dataset_1,full,waterloo,1
dataset_1,full,1g,1
dataset_1,full,pwood,1
dataset_1,full,heidi,1
dataset_1,full,pampered,1
dataset_1,full,ncircuit,1
dataset_1,full,icing,1
dataset_1,full,downing,1
dataset_1,full,smurfett,1
dataset_1,full,infiltrate,1
dataset_1,full,clutches,1
dataset_1,full,sassette,1
dataset_1,full,charms,1
dataset_1,full,ngargamel's,1
dataset_1,full,spikey,1
dataset_1,full,npapa,1
dataset_1,full,smurfery,1
dataset_1,full,schemed,1
dataset_1,full,competed,1
dataset_1,full,smurfette's,1
dataset_1,full,spurting,1
dataset_1,full,flooded,1
dataset_1,full,sorcerer,1
dataset_1,full,gargamel's,1
dataset_1,full,jokey,1
dataset_1,full,moderated,1
dataset_1,full,shaved,1
dataset_1,full,prideless,1
dataset_1,full,acquaintances,1
dataset_1,full,bankrupcy,1
dataset_1,full,chapter7or13,1
dataset_1,full,impresses,1
dataset_1,full,stillness,1
dataset_1,full,muscularity,1
dataset_1,full,penile,1
dataset_1,full,choosed,1
dataset_1,full,vitae,1
dataset_1,full,site's,1
dataset_1,full,frizzle,1
dataset_1,full,al_qaida,1
dataset_1,full,lobster,1
dataset_1,full,narcotic,1
dataset_1,full,analgesic,1
dataset_1,full,wannna,1
dataset_1,full,ringtones,1
dataset_1,full,freee,1
dataset_1,full,fones,1
dataset_1,full,considration,1
dataset_1,full,noni,1
dataset_1,full,uncontrollably,1
dataset_1,full,2log,1
dataset_1,full,simplification,1
dataset_1,full,miraculously,1
dataset_1,full,testimonies,1
dataset_1,full,ozzy,1
dataset_1,full,sshit,1
dataset_1,full,squashed,1
dataset_1,full,certainty,1
dataset_1,full,handshake,1
dataset_1,full,srew,1
dataset_1,full,incontrol,1
dataset_1,full,dvergenece,1
dataset_1,full,leaning,1
dataset_1,full,readers',1
dataset_1,full,meteors,1
dataset_1,full,pfd,1
dataset_1,full,chioce,1
dataset_1,full,consquences,1
dataset_1,full,pionts,1
dataset_1,full,ncreed,1
dataset_1,full,'get',1
dataset_1,full,do',1
dataset_1,full,get',1
dataset_1,full,bog,1
dataset_1,full,ntiffany,1
dataset_1,full,riviera,1
dataset_1,full,junkyards,1
dataset_1,full,desango,1
dataset_1,full,diop,1
dataset_1,full,kaman,1
dataset_1,full,diaw,1
dataset_1,full,al',1
dataset_1,full,outdoors,1
dataset_1,full,budgets,1
dataset_1,full,invites,1
dataset_1,full,'heads',1
dataset_1,full,talkin,1
dataset_1,full,jp,1
dataset_1,full,skedule,1
dataset_1,full,aviod,1
dataset_1,full,excersing,1
dataset_1,full,furthest,1
dataset_1,full,nchanging,1
dataset_1,full,wares,1
dataset_1,full,afican,1
dataset_1,full,desent,1
dataset_1,full,asme,1
dataset_1,full,anythin,1
dataset_1,full,pleeeezzzz,1
dataset_1,full,analization,1
dataset_1,full,titanic,1
dataset_1,full,wdo,1
dataset_1,full,feelinging,1
dataset_1,full,compromises,1
dataset_1,full,criticise,1
dataset_1,full,ridicule,1
dataset_1,full,gentleness,1
dataset_1,full,fest,1
dataset_1,full,unreadable,1
dataset_1,full,secrecy,1
dataset_1,full,encrytion,1
dataset_1,full,decipher,1
dataset_1,full,interviewing,1
dataset_1,full,employeees,1
dataset_1,full,reviewer,1
dataset_1,full,channel's,1
dataset_1,full,concurred,1
dataset_1,full,bjalover4492,1
dataset_1,full,straightforwardness,1
dataset_1,full,reschedule,1
dataset_1,full,interivew,1
dataset_1,full,overcharged,1
dataset_1,full,happned,1
dataset_1,full,nneptunedream33,1
dataset_1,full,bottleneck,1
dataset_1,full,johns,1
dataset_1,full,concerts,1
dataset_1,full,occuring,1
dataset_1,full,internediary,1
dataset_1,full,paramecium,1
dataset_1,full,absolutyl,1
dataset_1,full,aristocrats,1
dataset_1,full,aroung,1
dataset_1,full,entwined,1
dataset_1,full,draped,1
dataset_1,full,tous,1
dataset_1,full,sortie,1
dataset_1,full,spectacle,1
dataset_1,full,lamentable,1
dataset_1,full,facile,1
dataset_1,full,d'aller,1
dataset_1,full,enseigner,1
dataset_1,full,gamins,1
dataset_1,full,leurs,1
dataset_1,full,idoles,1
dataset_1,full,mettent,1
dataset_1,full,plein,1
dataset_1,full,gueule,1
dataset_1,full,ncertaines,1
dataset_1,full,taient,1
dataset_1,full,stupides,1
dataset_1,full,intelligentes,1
dataset_1,full,nle,1
dataset_1,full,tait,1
dataset_1,full,manqu,1
dataset_1,full,d'exp,1
dataset_1,full,rience,1
dataset_1,full,portugais,1
dataset_1,full,rit,1
dataset_1,full,heureusement,1
dataset_1,full,parce,1
dataset_1,full,qu'avec,1
dataset_1,full,caract,1
dataset_1,full,serait,1
dataset_1,full,pris,1
dataset_1,full,avant,1
dataset_1,full,fin,1
dataset_1,full,scissors,1
dataset_1,full,92122,1
dataset_1,full,maight,1
dataset_1,full,rollin'rock,1
dataset_1,full,ashy,1
dataset_1,full,irks,1
dataset_1,full,1010,1
dataset_1,full,l70,1
dataset_1,full,1nl,1
dataset_1,full,nref,1
dataset_1,full,9420x,1
dataset_1,full,nbatch,1
dataset_1,full,074,1
dataset_1,full,zy369,1
dataset_1,full,nplasmanet,1
dataset_1,full,4562,1
dataset_1,full,10163,1
dataset_1,full,nid33650489,1
dataset_1,full,aronin,1
dataset_1,full,nchairman,1
dataset_1,full,nprize,1
dataset_1,full,ngals,1
dataset_1,full,devastated,1
dataset_1,full,cmmon,1
dataset_1,full,nguys,1
dataset_1,full,kiddin,1
dataset_1,full,wheer,1
dataset_1,full,rodrigo,1
dataset_1,full,alvarez,1
dataset_1,full,cambra,1
dataset_1,full,rugrats,1
dataset_1,full,nperformed,1
dataset_1,full,baha,1
dataset_1,full,bumpin',1
dataset_1,full,havin',1
dataset_1,full,fellas,1
dataset_1,full,callin',1
dataset_1,full,speedboat,1
dataset_1,full,flea,1
dataset_1,full,mongrel,1
dataset_1,full,nuttin,1
dataset_1,full,nuttin',1
dataset_1,full,dogy,1
dataset_1,full,nwait,1
dataset_1,full,figurin',1
dataset_1,full,doah,1
dataset_1,full,ooooo,1
dataset_1,full,howl,1
dataset_1,full,'properties',1
dataset_1,full,hesc,1
dataset_1,full,fastweb,1
dataset_1,full,capitalization,1
dataset_1,full,hilliary,1
dataset_1,full,'hot,1
dataset_1,full,market',1
dataset_1,full,1292,1
dataset_1,full,nexam,1
dataset_1,full,nobles,1
dataset_1,full,oscars,1
dataset_1,full,repuclic,1
dataset_1,full,turkiye,1
dataset_1,full,fearsome,1
dataset_1,full,tunis,1
dataset_1,full,ottoman,1
dataset_1,full,territories,1
dataset_1,full,adamantly,1
dataset_1,full,turkish,1
dataset_1,full,kurds,1
dataset_1,full,mountainous,1
dataset_1,full,accelearation,1
dataset_1,full,habituation,1
dataset_1,full,elevates,1
dataset_1,full,bridal,1
dataset_1,full,claret,1
dataset_1,full,chambord,1
dataset_1,full,exhaust,1
dataset_1,full,manifold,1
dataset_1,full,bolts,1
dataset_1,full,suzuki,1
dataset_1,full,usally,1
dataset_1,full,gentlemen,1
dataset_1,full,sleezy,1
dataset_1,full,stereotypical,1
dataset_1,full,smites,1
dataset_1,full,nprocess,1
dataset_1,full,reuses,1
dataset_1,full,onetime,1
dataset_1,full,opend,1
dataset_1,full,fabrick,1
dataset_1,full,softner,1
dataset_1,full,civics,1
dataset_1,full,nword,1
dataset_1,full,singleparentsmingle,1
dataset_1,full,dono,1
dataset_1,full,centralist,1
dataset_1,full,r's,1
dataset_1,full,_please_,1
dataset_1,full,humanities,1
dataset_1,full,nhumanities,1
dataset_1,full,monosaccharides,1
dataset_1,full,disaccharides,1
dataset_1,full,monosaccharide,1
dataset_1,full,monomer,1
dataset_1,full,disaccharide,1
dataset_1,full,polymer,1
dataset_1,full,nmonosaccharides,1
dataset_1,full,ch2o,1
dataset_1,full,triose,1
dataset_1,full,glyceraldehyde,1
dataset_1,full,dihydroxyacetone,1
dataset_1,full,pentose,1
dataset_1,full,ribose,1
dataset_1,full,deoxyribose,1
dataset_1,full,ribulose,1
dataset_1,full,hexose,1
dataset_1,full,ndisaccharides,1
dataset_1,full,c12h22o11,1
dataset_1,full,monomers,1
dataset_1,full,sucrose,1
dataset_1,full,maltose,1
dataset_1,full,lactose,1
dataset_1,full,npolysaccharides,1
dataset_1,full,c6h10o5,1
dataset_1,full,nstorage,1
dataset_1,full,linkages,1
dataset_1,full,amylose,1
dataset_1,full,nstructural,1
dataset_1,full,chitin,1
dataset_1,full,ncellulose,1
dataset_1,full,nenzymes,1
dataset_1,full,curently,1
dataset_1,full,gcse's,1
dataset_1,full,extracurricular,1
dataset_1,full,mcats,1
dataset_1,full,cuban,1
dataset_1,full,complaning,1
dataset_1,full,dallas',1
dataset_1,full,refine,1
dataset_1,full,smelting,1
dataset_1,full,'iliad,1
dataset_1,full,values',1
dataset_1,full,brainstorming,1
dataset_1,full,medialive,1
dataset_1,full,dougherty,1
dataset_1,full,pioneer,1
dataset_1,full,regularity,1
dataset_1,full,harnassing,1
dataset_1,full,lightweight,1
dataset_1,full,ntaken,1
dataset_1,full,ndoubleclick,1
dataset_1,full,nofoto,1
dataset_1,full,nakamai,1
dataset_1,full,nmp3,1
dataset_1,full,nbritannica,1
dataset_1,full,blogging,1
dataset_1,full,nevite,1
dataset_1,full,evdb,1
dataset_1,full,speculation,1
dataset_1,full,npage,1
dataset_1,full,nscreen,1
dataset_1,full,npublishing,1
dataset_1,full,wikis,1
dataset_1,full,ndirectories,1
dataset_1,full,tagging,1
dataset_1,full,folksonomy,1
dataset_1,full,nstickiness,1
dataset_1,full,royce,1
dataset_1,full,silt,1
dataset_1,full,excavation,1
dataset_1,full,shoulld,1
dataset_1,full,excavated,1
dataset_1,full,backfilled,1
dataset_1,full,compaction,1
dataset_1,full,undisturbed,1
dataset_1,full,cohesive,1
dataset_1,full,reinforce,1
dataset_1,full,binder,1
dataset_1,full,jag,1
dataset_1,full,municipality,1
dataset_1,full,andit,1
dataset_1,full,engneers,1
dataset_1,full,amman,1
dataset_1,full,'d,1
dataset_1,full,visa',1
dataset_1,full,'moving,1
dataset_1,full,country',1
dataset_1,full,'passports,1
dataset_1,full,visas',1
dataset_1,full,'student,1
dataset_1,full,ireland',1
dataset_1,full,vulcano,1
dataset_1,full,gunshot,1
dataset_1,full,agreements,1
dataset_1,full,natchitoches,1
dataset_1,full,burrrrrrrr,1
dataset_1,full,gerrrrrrr,1
dataset_1,full,kiiiiing,1
dataset_1,full,everbody,1
dataset_1,full,whispering,1
dataset_1,full,lettucre,1
dataset_1,full,postion,1
dataset_1,full,chesse,1
dataset_1,full,cheeeeeseee,1
dataset_1,full,maynoiseeeeeeee,1
dataset_1,full,mayoise,1
dataset_1,full,mayanoise,1
dataset_1,full,sandwhices,1
dataset_1,full,heyyyyyyyyyy,1
dataset_1,full,tum,1
dataset_1,full,apne,1
dataset_1,full,bachpan,1
dataset_1,full,ko,1
dataset_1,full,nai,1
dataset_1,full,pehchaanthe,1
dataset_1,full,kiddin',1
dataset_1,full,oreo,1
dataset_1,full,nutter,1
dataset_1,full,flipping,1
dataset_1,full,cassettes,1
dataset_1,full,maiden's,1
dataset_1,full,dickerson,1
dataset_1,full,brainpounding,1
dataset_1,full,visceral,1
dataset_1,full,longed,1
dataset_1,full,anothers,1
dataset_1,full,residental,1
dataset_1,full,decals,1
dataset_1,full,invoices,1
dataset_1,full,clerical,1
dataset_1,full,billboards,1
dataset_1,full,clientele,1
dataset_1,full,interenet,1
dataset_1,full,finalize,1
dataset_1,full,ntaxes,1
dataset_1,full,apprentice,1
dataset_1,full,cerenkov,1
dataset_1,full,nmasterman,1
dataset_1,full,narranged,1
dataset_1,full,wallis,1
dataset_1,full,leibniz',1
dataset_1,full,subtracting,1
dataset_1,full,stretegy,1
dataset_1,full,commodities,1
dataset_1,full,sizable,1
dataset_1,full,safes,1
dataset_1,full,diversify,1
dataset_1,full,etfs,1
dataset_1,full,ticker,1
dataset_1,full,dbc,1
dataset_1,full,nexodus,1
dataset_1,full,nnumbers,1
dataset_1,full,n'the,1
dataset_1,full,abounding,1
dataset_1,full,unpunished,1
dataset_1,full,punishes,1
dataset_1,full,spaniord,1
dataset_1,full,coins,1
dataset_1,full,centenarios,1
dataset_1,full,noitced,1
dataset_1,full,popes,1
dataset_1,full,1900s,1
dataset_1,full,uniited,1
dataset_1,full,knigdom,1
dataset_1,full,propping,1
dataset_1,full,300th,1
dataset_1,full,neighbouring,1
dataset_1,full,hefty,1
dataset_1,full,supplemet,1
dataset_1,full,robespierre,1
dataset_1,full,manifestations,1
dataset_1,full,freeform,1
dataset_1,full,occult,1
dataset_1,full,gravitate,1
dataset_1,full,vampires',1
dataset_1,full,liquidated,1
dataset_1,full,nstores,1
dataset_1,full,ncompany,1
dataset_1,full,139,1
dataset_1,full,nrepresent,1
dataset_1,full,cessation,1
dataset_1,full,nincludes,1
dataset_1,full,ncolumbus,1
dataset_1,full,nrecorded,1
dataset_1,full,nproceedings,1
dataset_1,full,nmerchandise,1
dataset_1,full,nmarch,1
dataset_1,full,nseverance,1
dataset_1,full,nmillion,1
dataset_1,full,cartier,1
dataset_1,full,cariter,1
dataset_1,full,14k,1
dataset_1,full,arnt,1
dataset_1,full,butte,1
dataset_1,full,nwaverly,1
dataset_1,full,uganda,1
dataset_1,full,chating,1
dataset_1,full,expencires,1
dataset_1,full,ncomplete,1
dataset_1,full,parrot,1
dataset_1,full,ageing,1
dataset_1,full,'parrots,1
dataset_1,full,beak',1
dataset_1,full,generalizations,1
dataset_1,full,aggresive,1
dataset_1,full,hairdresser,1
dataset_1,full,urinanry,1
dataset_1,full,1could,1
dataset_1,full,coli,1
dataset_1,full,urethral,1
dataset_1,full,utherea,1
dataset_1,full,cloudy,1
dataset_1,full,snot,1
dataset_1,full,sniffling,1
dataset_1,full,nalways,1
dataset_1,full,hamiltonian,1
dataset_1,full,rarly,1
dataset_1,full,powders,1
dataset_1,full,sanctity,1
dataset_1,full,mediavial,1
dataset_1,full,scandel,1
dataset_1,full,nshouldnt,1
dataset_1,full,unease,1
dataset_1,full,insisting,1
dataset_1,full,balaclava,1
dataset_1,full,arising,1
dataset_1,full,turban,1
dataset_1,full,'mask',1
dataset_1,full,tolerent,1
dataset_1,full,downgraded,1
dataset_1,full,skewed,1
dataset_1,full,imrpove,1
dataset_1,full,concordia,1
dataset_1,full,immersions,1
dataset_1,full,cuernavaca,1
dataset_1,full,watchable,1
dataset_1,full,shindler's,1
dataset_1,full,roxbury,1
dataset_1,full,nrounders,1
dataset_1,full,nindiana,1
dataset_1,full,nlethal,1
dataset_1,full,dobbed,1
dataset_1,full,bop,1
dataset_1,full,annoyed,1
dataset_1,full,bloc,1
dataset_1,full,supplant,1
dataset_1,full,impractical,1
dataset_1,full,diminishing,1
dataset_1,full,densely,1
dataset_1,full,ec,1
dataset_1,full,coasts,1
dataset_1,full,evidenced,1
dataset_1,full,nsupporters,1
dataset_1,full,lawsuits,1
dataset_1,full,preparers,1
dataset_1,full,fianc,1
dataset_1,full,mealtimes,1
dataset_1,full,battletimes,1
dataset_1,full,hospitalisation,1
dataset_1,full,dysmorphia,1
dataset_1,full,agitated,1
dataset_1,full,independece,1
dataset_1,full,candid,1
dataset_1,full,israphanus,1
dataset_1,full,sativus,1
dataset_1,full,colorized,1
dataset_1,full,fess,1
dataset_1,full,celeb,1
dataset_1,full,yick,1
dataset_1,full,'fore',1
dataset_1,full,comming,1
dataset_1,full,smacks,1
dataset_1,full,totalitarian,1
dataset_1,full,indoctrinating,1
dataset_1,full,lecturers,1
dataset_1,full,boyfrinds,1
dataset_1,full,oun,1
dataset_1,full,tore,1
dataset_1,full,coures,1
dataset_1,full,builders',1
dataset_1,full,fbd's,1
dataset_1,full,slowing,1
dataset_1,full,unblanced,1
dataset_1,full,straming,1
dataset_1,full,nstreaming,1
dataset_1,full,bursts,1
dataset_1,full,256k,1
dataset_1,full,cached,1
dataset_1,full,buffered,1
dataset_1,full,'buffering',1
dataset_1,full,predetermined,1
dataset_1,full,pistions,1
dataset_1,full,thankz,1
dataset_1,full,nartist,1
dataset_1,full,underage,1
dataset_1,full,nyear,1
dataset_1,full,ntitle,1
dataset_1,full,nwondering,1
dataset_1,full,stutter,1
dataset_1,full,clutter,1
dataset_1,full,ncuz,1
dataset_1,full,camouflage,1
dataset_1,full,echos,1
dataset_1,full,androgens,1
dataset_1,full,contributer,1
dataset_1,full,nobjective,1
dataset_1,full,masculinized,1
dataset_1,full,basal,1
dataset_1,full,crease,1
dataset_1,full,vernier,1
dataset_1,full,calipers,1
dataset_1,full,97,1
dataset_1,full,anatomical,1
dataset_1,full,utero,1
dataset_1,full,androgen,1
dataset_1,full,ncattrall,1
dataset_1,full,fr,1
dataset_1,full,vollenhoven,1
dataset_1,full,bj,1
dataset_1,full,weston,1
dataset_1,full,bonjour,1
dataset_1,full,revoir,1
dataset_1,full,nchow,1
dataset_1,full,webzip,1
dataset_1,full,concetration,1
dataset_1,full,colt,1
dataset_1,full,throphy,1
dataset_1,full,polling,1
dataset_1,full,secretcy,1
dataset_1,full,compositions,1
dataset_1,full,plugging,1
dataset_1,full,liters,1
dataset_1,full,cucl2,1
dataset_1,full,5l,1
dataset_1,full,kno3,1
dataset_1,full,c2h4,1
dataset_1,full,serbian,1
dataset_1,full,peaking,1
dataset_1,full,mesmerizing,1
dataset_1,full,addres,1
dataset_1,full,optimal,1
dataset_1,full,subdivided,1
dataset_1,full,projections,1
dataset_1,full,laminas,1
dataset_1,full,nlungs,1
dataset_1,full,surfactant,1
dataset_1,full,unidirectional,1
dataset_1,full,_inside_,1
dataset_1,full,impermeable,1
dataset_1,full,tracheae,1
dataset_1,full,aquatic,1
dataset_1,full,arthropods,1
dataset_1,full,chelicerates,1
dataset_1,full,ducts,1
dataset_1,full,inwards,1
dataset_1,full,circulatory,1
dataset_1,full,house's,1
dataset_1,full,neglecting,1
dataset_1,full,curb,1
dataset_1,full,greener,1
dataset_1,full,delahoya,1
dataset_1,full,promotional,1
dataset_1,full,endorses,1
dataset_1,full,attends,1
dataset_1,full,rosy,1
dataset_1,full,maharashtra,1
dataset_1,full,hsc,1
dataset_1,full,stairs',1
dataset_1,full,yourself',1
dataset_1,full,53',1
dataset_1,full,borgeois,1
dataset_1,full,issues',1
dataset_1,full,explosively,1
dataset_1,full,overblown,1
dataset_1,full,hdtv,1
dataset_1,full,8g0gb,1
dataset_1,full,ncontroller,1
dataset_1,full,d347prt,1
dataset_1,full,scsi,1
dataset_1,full,uli,1
dataset_1,full,m1573,1
dataset_1,full,ncpu,1
dataset_1,full,gh,1
dataset_1,full,roms,1
dataset_1,full,sincereity,1
dataset_1,full,solos,1
dataset_1,full,rsed,1
dataset_1,full,availaible,1
dataset_1,full,willling,1
dataset_1,full,wuestion,1
dataset_1,full,headband,1
dataset_1,full,sweetie,1
dataset_1,full,cleansers,1
dataset_1,full,clog,1
dataset_1,full,clogs,1
dataset_1,full,vw,1
dataset_1,full,creep,1
dataset_1,full,kooky,1
dataset_1,full,meeeeeeeeeeeeeeeeeee,1
dataset_1,full,tym,1
dataset_1,full,ludacris,1
dataset_1,full,ost,1
dataset_1,full,laptop's,1
dataset_1,full,manualy,1
dataset_1,full,secons,1
dataset_1,full,barb,1
dataset_1,full,excruciated,1
dataset_1,full,troub,1
dataset_1,full,condidered,1
dataset_1,full,1yr,1
dataset_1,full,nwomens,1
dataset_1,full,tasker,1
dataset_1,full,imballance,1
dataset_1,full,devestating,1
dataset_1,full,toddlers,1
dataset_1,full,ideology,1
dataset_1,full,nera,1
dataset_1,full,shaw,1
dataset_1,full,honkers,1
dataset_1,full,shouters,1
dataset_1,full,l940's,1
dataset_1,full,sly,1
dataset_1,full,godfathers,1
dataset_1,full,nicknamed,1
dataset_1,full,cakewalk,1
dataset_1,full,ebony,1
dataset_1,full,cobham,1
dataset_1,full,shaw's,1
dataset_1,full,spirits',1
dataset_1,full,slammed,1
dataset_1,full,commons's,1
dataset_1,full,tithing,1
dataset_1,full,minister's,1
dataset_1,full,ports',1
dataset_1,full,vasiline,1
dataset_1,full,stigma,1
dataset_1,full,sledge,1
dataset_1,full,smashing,1
dataset_1,full,expedient,1
dataset_1,full,lengthily,1
dataset_1,full,boxsets,1
dataset_1,full,37yr,1
dataset_1,full,jac9blond,1
dataset_1,full,s4,1
dataset_1,full,joshcstringer,1
dataset_1,full,copayment,1
dataset_1,full,aprill,1
dataset_1,full,dailly,1
dataset_1,full,extremelly,1
dataset_1,full,malacious,1
dataset_1,full,nbrain,1
dataset_1,full,delinquent,1
dataset_1,full,pail,1
dataset_1,full,freckle's,1
dataset_1,full,gene's,1
dataset_1,full,black's,1
dataset_1,full,strut,1
dataset_1,full,radiographers,1
dataset_1,full,n_udism,1
dataset_1,full,becomming,1
dataset_1,full,photoimpact,1
dataset_1,full,activation,1
dataset_1,full,tolerantly,1
dataset_1,full,jazeera,1
dataset_1,full,reciting,1
dataset_1,full,'poetry',1
dataset_1,full,'pick,1
dataset_1,full,floor',1
dataset_1,full,notme,1
dataset_1,full,runned,1
dataset_1,full,aunties,1
dataset_1,full,didis,1
dataset_1,full,swithcing,1
dataset_1,full,medicail,1
dataset_1,full,cherub,1
dataset_1,full,carer,1
dataset_1,full,dementia,1
dataset_1,full,nvq2,1
dataset_1,full,aprons,1
dataset_1,full,5'7'',1
dataset_1,full,messeges,1
dataset_1,full,restarting,1
dataset_1,full,vo,1
dataset_1,full,sau,1
dataset_1,full,impediment,1
dataset_1,full,nprofit,1
dataset_1,full,rochester,1
dataset_1,full,wasent,1
dataset_1,full,killeth,1
dataset_1,full,maketh,1
dataset_1,full,bairstow's,1
dataset_1,full,2ax,1
dataset_1,full,internships,1
dataset_1,full,expreinece,1
dataset_1,full,hsmp,1
dataset_1,full,zillion,1
dataset_1,full,nagaland,1
dataset_1,full,farthest,1
dataset_1,full,assam,1
dataset_1,full,manipur,1
dataset_1,full,arunachal,1
dataset_1,full,kohima,1
dataset_1,full,dimapur,1
dataset_1,full,579,1
dataset_1,full,macapagal,1
dataset_1,full,snagged,1
dataset_1,full,barbed,1
dataset_1,full,pinned,1
dataset_1,full,hurried,1
dataset_1,full,narticles,1
dataset_1,full,nattorney,1
dataset_1,full,deprivations,1
dataset_1,full,unaccountable,1
dataset_1,full,seizing,1
dataset_1,full,defiance,1
dataset_1,full,maiming,1
dataset_1,full,deceptive,1
dataset_1,full,rationales,1
dataset_1,full,unavoidable,1
dataset_1,full,sovereignty,1
dataset_1,full,belligerently,1
dataset_1,full,assaulting,1
dataset_1,full,executions,1
dataset_1,full,kidnappings,1
dataset_1,full,detentions,1
dataset_1,full,prisoners,1
dataset_1,full,manipulating,1
dataset_1,full,rejecting,1
dataset_1,full,adjudicate,1
dataset_1,full,10names,1
dataset_1,full,clare,1
dataset_1,full,baltazar,1
dataset_1,full,entomology,1
dataset_1,full,nbenito,1
dataset_1,full,vergara,1
dataset_1,full,nbienvenido,1
dataset_1,full,juliano,1
dataset_1,full,ngelia,1
dataset_1,full,castillo,1
dataset_1,full,ndolores,1
dataset_1,full,ramirez,1
dataset_1,full,cytogenetics,1
dataset_1,full,njose,1
dataset_1,full,velasco,1
dataset_1,full,escuro,1
dataset_1,full,nclara,1
dataset_1,full,lim,1
dataset_1,full,sylianco,1
dataset_1,full,npaulo,1
dataset_1,full,lagmay,1
dataset_1,full,5y,1
dataset_1,full,7y,1
dataset_1,full,arows,1
dataset_1,full,berginner,1
dataset_1,full,longshot,1
dataset_1,full,competent,1
dataset_1,full,limbs,1
dataset_1,full,uber,1
dataset_1,full,shelling,1
dataset_1,full,shineyest,1
dataset_1,full,'unexpected,1
dataset_1,full,error',1
dataset_1,full,conquest,1
dataset_1,full,suckering,1
dataset_1,full,facades,1
dataset_1,full,intrigued,1
dataset_1,full,ngirls,1
dataset_1,full,hobbys,1
dataset_1,full,reefer,1
dataset_1,full,undead,1
dataset_1,full,tours,1
dataset_1,full,forminifera,1
dataset_1,full,planktonic,1
dataset_1,full,resolving,1
dataset_1,full,hernieated,1
dataset_1,full,sacrum,1
dataset_1,full,avoiding,1
dataset_1,full,herniation,1
dataset_1,full,antispasmotic,1
dataset_1,full,singers,1
dataset_1,full,corprate,1
dataset_1,full,hottopic,1
dataset_1,full,deron's,1
dataset_1,full,cky,1
dataset_1,full,hoagland,1
dataset_1,full,nmeditations,1
dataset_1,full,triduum,1
dataset_1,full,pampanga,1
dataset_1,full,npolice,1
dataset_1,full,sumvac,1
dataset_1,full,'05,1
dataset_1,full,nfa,1
dataset_1,full,cathedral,1
dataset_1,full,jacksons,1
dataset_1,full,accusers,1
dataset_1,full,27mar05,1
dataset_1,full,satah,1
dataset_1,full,administers,1
dataset_1,full,ndaily,1
dataset_1,full,neaster,1
dataset_1,full,prayerful,1
dataset_1,full,ncnn,1
dataset_1,full,npray,1
dataset_1,full,nwww,1
dataset_1,full,verson,1
dataset_1,full,ordain,1
dataset_1,full,signfy,1
dataset_1,full,crosswise,1
dataset_1,full,timers,1
dataset_1,full,yank,1
dataset_1,full,rupturing,1
dataset_1,full,internals,1
dataset_1,full,windpipe,1
dataset_1,full,scrubs,1
dataset_1,full,10028470,1
dataset_1,full,fastes,1
dataset_1,full,specialises,1
dataset_1,full,recondment,1
dataset_1,full,inseminated,1
dataset_1,full,developement,1
dataset_1,full,flavorful,1
dataset_1,full,anon,1
dataset_1,full,tandem,1
dataset_1,full,'tadawul',1
dataset_1,full,memoirs,1
dataset_1,full,kyoto,1
dataset_1,full,fisherman's,1
dataset_1,full,yoroido,1
dataset_1,full,chiyo,1
dataset_1,full,narrating,1
dataset_1,full,waldorf,1
dataset_1,full,astoria,1
dataset_1,full,traumatic,1
dataset_1,full,nitta,1
dataset_1,full,okiya,1
dataset_1,full,endures,1
dataset_1,full,granny,1
dataset_1,full,hatsumomo,1
dataset_1,full,sadistically,1
dataset_1,full,sayuri's,1
dataset_1,full,tutelage,1
dataset_1,full,mameha,1
dataset_1,full,1930s,1
dataset_1,full,1940s,1
dataset_1,full,overlong,1
dataset_1,full,wilda,1
dataset_1,full,golden's,1
dataset_1,full,artisan,1
dataset_1,full,beauties,1
dataset_1,full,cunning,1
dataset_1,full,patrons,1
dataset_1,full,researching,1
dataset_1,full,mineko,1
dataset_1,full,iwasaki,1
dataset_1,full,charming,1
dataset_1,full,canvas,1
dataset_1,full,dickens,1
dataset_1,full,austen's,1
dataset_1,full,nuances,1
dataset_1,full,maneuvering,1
dataset_1,full,1929,1
dataset_1,full,mizuage,1
dataset_1,full,reminiscent,1
dataset_1,full,mistress,1
dataset_1,full,arcane,1
dataset_1,full,prose,1
dataset_1,full,tearoom,1
dataset_1,full,gracefully,1
dataset_1,full,careers,1
dataset_1,full,witticism,1
dataset_1,full,glimpse,1
dataset_1,full,kimono,1
dataset_1,full,ngolden's,1
dataset_1,full,geisha's,1
dataset_1,full,villainous,1
dataset_1,full,motiveless,1
dataset_1,full,malignity,1
dataset_1,full,protagonist,1
dataset_1,full,vanished,1
dataset_1,full,gloriously,1
dataset_1,full,captures,1
dataset_1,full,metaphors,1
dataset_1,full,namazon,1
dataset_1,full,agaisnt,1
dataset_1,full,indivual,1
dataset_1,full,tmexpress,1
dataset_1,full,nshannon,1
dataset_1,full,mydeathspace,1
dataset_1,full,hows,1
dataset_1,full,lie'ing,1
dataset_1,full,nutcases,1
dataset_1,full,inhabit,1
dataset_1,full,participates,1
dataset_1,full,fines,1
dataset_1,full,cumming,1
dataset_1,full,anough,1
dataset_1,full,tring,1
dataset_1,full,warps,1
dataset_1,full,warped,1
dataset_1,full,9108,1
dataset_1,full,conenction,1
dataset_1,full,linkys,1
dataset_1,full,nwhats,1
dataset_1,full,typeing,1
dataset_1,full,eritromicine,1
dataset_1,full,bacteria's,1
dataset_1,full,interfering,1
dataset_1,full,erythromycin,1
dataset_1,full,23s,1
dataset_1,full,rrna,1
dataset_1,full,ribosome,1
dataset_1,full,peptides,1
dataset_1,full,nbacterial,1
dataset_1,full,inhibit,1
dataset_1,full,eukaryote's,1
dataset_1,full,infecting,1
dataset_1,full,solicitaion,1
dataset_1,full,tos,1
dataset_1,full,medicin,1
dataset_1,full,chirurgi,1
dataset_1,full,bchir,1
dataset_1,full,chb,1
dataset_1,full,travelled,1
dataset_1,full,vat,1
dataset_1,full,vstring,1
dataset_1,full,tstring,1
dataset_1,full,desnity,1
dataset_1,full,'tarento',1
dataset_1,full,1k,1
dataset_1,full,'who,1
dataset_1,full,240usd,1
dataset_1,full,6usd,1
dataset_1,full,o',1
dataset_1,full,levi,1
dataset_1,full,501's,1
dataset_1,full,jcpenney,1
dataset_1,full,latte,1
dataset_1,full,soya,1
dataset_1,full,refills,1
dataset_1,full,materialism,1
dataset_1,full,helpfinding,1
dataset_1,full,kinev2010,1
dataset_1,full,intrerested,1
dataset_1,full,nurture,1
dataset_1,full,powerhouse,1
dataset_1,full,reassured,1
dataset_1,full,indespensible,1
dataset_1,full,overworked,1
dataset_1,full,slamming,1
dataset_1,full,godless,1
dataset_1,full,invoke,1
dataset_1,full,discounting,1
dataset_1,full,abstain,1
dataset_1,full,sharapova,1
dataset_1,full,ude,1
dataset_1,full,nirresponsible,1
dataset_1,full,days's,1
dataset_1,full,nesterooy,1
dataset_1,full,goalscorer,1
dataset_1,full,cette,1
dataset_1,full,realiste,1
dataset_1,full,joueurs,1
dataset_1,full,laisse,1
dataset_1,full,cas,1
dataset_1,full,nreste,1
dataset_1,full,nles,1
dataset_1,full,autres,1
dataset_1,full,entourent,1
dataset_1,full,formant,1
dataset_1,full,ferm,1
dataset_1,full,avancent,1
dataset_1,full,vers,1
dataset_1,full,proteg,1
dataset_1,full,quipiers,1
dataset_1,full,nsi,1
dataset_1,full,adversaire,1
dataset_1,full,veut,1
dataset_1,full,s'emparrer,1
dataset_1,full,cerle,1
dataset_1,full,jouerus,1
dataset_1,full,peu,1
dataset_1,full,dejant,1
dataset_1,full,j'aimerais,1
dataset_1,full,essayer,1
dataset_1,full,interdit,1
dataset_1,full,nla,1
dataset_1,full,meilleure,1
dataset_1,full,suivante,1
dataset_1,full,ngardien,1
dataset_1,full,fenseurs,1
dataset_1,full,centraux,1
dataset_1,full,fensifs,1
dataset_1,full,axiaux,1
dataset_1,full,offensif,1
dataset_1,full,attaquants,1
dataset_1,full,dubya,1
dataset_1,full,autom,1
dataset_1,full,21yr,1
dataset_1,full,'reminder,1
dataset_1,full,pills',1
dataset_1,full,jeez,1
dataset_1,full,nduh,1
dataset_1,full,nnobody's,1
dataset_1,full,especilly,1
dataset_1,full,preggers,1
dataset_1,full,uploading,1
dataset_1,full,totalrecorder,1
dataset_1,full,casing,1
dataset_1,full,wiring,1
dataset_1,full,celine,1
dataset_1,full,dion's,1
dataset_1,full,nwaiting,1
dataset_1,full,nsanu,1
dataset_1,full,catalonia,1
dataset_1,full,dictatorial,1
dataset_1,full,nbake,1
dataset_1,full,ninetynine,1
dataset_1,full,manicure,1
dataset_1,full,navys,1
dataset_1,full,ralphs,1
dataset_1,full,imonfire,1
dataset_1,full,judys,1
dataset_1,full,judy,1
dataset_1,full,arbitrator,1
dataset_1,full,conflikt,1
dataset_1,full,'can',1
dataset_1,full,operational,1
dataset_1,full,lob,1
dataset_1,full,aviv,1
dataset_1,full,israels,1
dataset_1,full,airforce,1
dataset_1,full,koren,1
dataset_1,full,takeover,1
dataset_1,full,attentions,1
dataset_1,full,natanz,1
dataset_1,full,ascribe,1
dataset_1,full,escalate,1
dataset_1,full,confrontation,1
dataset_1,full,dislkike,1
dataset_1,full,fowards,1
dataset_1,full,pointeless,1
dataset_1,full,foward,1
dataset_1,full,victimized,1
dataset_1,full,'reply,1
dataset_1,full,proably,1
dataset_1,full,passit,1
dataset_1,full,strenuous,1
dataset_1,full,apathetic,1
dataset_1,full,sl340,1
dataset_1,full,6h507,1
dataset_1,full,booting,1
dataset_1,full,vga,1
dataset_1,full,lakewood,1
dataset_1,full,octopus,1
dataset_1,full,labtop,1
dataset_1,full,screenname,1
dataset_1,full,naim,1
dataset_1,full,win2k,1
dataset_1,full,enables,1
dataset_1,full,holi,1
dataset_1,full,budapest,1
dataset_1,full,wonderous,1
dataset_1,full,rasmus,1
dataset_1,full,resteraunts,1
dataset_1,full,mahon,1
dataset_1,full,loomis,1
dataset_1,full,1865,1
dataset_1,full,1879,1
dataset_1,full,1947,1
dataset_1,full,motorolla's,1
dataset_1,full,tosses,1
dataset_1,full,166,1
dataset_1,full,5's,1
dataset_1,full,nz,1
dataset_1,full,narea,1
dataset_1,full,enlargment,1
dataset_1,full,pils,1
dataset_1,full,enlargers,1
dataset_1,full,connective,1
dataset_1,full,unsatisifed,1
dataset_1,full,trimming,1
dataset_1,full,132ft,1
dataset_1,full,x1,1
dataset_1,full,280ft,1
dataset_1,full,3600,1
dataset_1,full,5280,1
dataset_1,full,reddy,1
dataset_1,full,cilinova,1
dataset_1,full,scolarships,1
dataset_1,full,tenn,1
dataset_1,full,uconn,1
dataset_1,full,colledge,1
dataset_1,full,querry,1
dataset_1,full,enevitable,1
dataset_1,full,criterias,1
dataset_1,full,contraceptive,1
dataset_1,full,prescribes,1
dataset_1,full,ndcfs,1
dataset_1,full,unfit,1
dataset_1,full,councilman,1
dataset_1,full,assitance,1
dataset_1,full,naa,1
dataset_1,full,trout,1
dataset_1,full,lenght,1
dataset_1,full,demographics,1
dataset_1,full,frankenstein,1
dataset_1,full,allusion,1
dataset_1,full,metaphor,1
dataset_1,full,esentially,1
dataset_1,full,epistolary,1
dataset_1,full,emboldens,1
dataset_1,full,npaid,1
dataset_1,full,vibr,1
dataset_1,full,tor,1
dataset_1,full,idea's,1
dataset_1,full,logon,1
dataset_1,full,unchecking,1
dataset_1,full,maye,1
dataset_1,full,telecom,1
dataset_1,full,adsl1,1
dataset_1,full,scoreless,1
dataset_1,full,nprobability,1
dataset_1,full,brom,1
dataset_1,full,relegation,1
dataset_1,full,players',1
dataset_1,full,assessments,1
dataset_1,full,extrapolating,1
dataset_1,full,underside,1
dataset_1,full,mesh,1
dataset_1,full,smiley's,1
dataset_1,full,iming,1
dataset_1,full,jevean,1
dataset_1,full,snead,1
dataset_1,full,commiting,1
dataset_1,full,restaraunt,1
dataset_1,full,commitments,1
dataset_1,full,connaissance,1
dataset_1,full,glements,1
dataset_1,full,autorisent,1
dataset_1,full,choses,1
dataset_1,full,nonreligious,1
dataset_1,full,394,1
dataset_1,full,376,1
dataset_1,full,diasporic,1
dataset_1,full,sikhism,1
dataset_1,full,juche,1
dataset_1,full,spiritism,1
dataset_1,full,baha'i,1
dataset_1,full,jainism,1
dataset_1,full,shinto,1
dataset_1,full,cao,1
dataset_1,full,dai,1
dataset_1,full,zoroastrianism,1
dataset_1,full,tenrikyo,1
dataset_1,full,universalism,1
dataset_1,full,rastafarianism,1
dataset_1,full,nanddespite,1
dataset_1,full,muslimssay,1
dataset_1,full,earings,1
dataset_1,full,deuteronomy,1
dataset_1,full,brandings,1
dataset_1,full,'inferior',1
dataset_1,full,ntattoos,1
dataset_1,full,servitude,1
dataset_1,full,stting,1
dataset_1,full,sacrificing,1
dataset_1,full,calcutta,1
dataset_1,full,nuns,1
dataset_1,full,dodging,1
dataset_1,full,unattended,1
dataset_1,full,jackasses,1
dataset_1,full,guardsmen,1
dataset_1,full,'nam,1
dataset_1,full,thanig,1
dataset_1,full,eceryone,1
dataset_1,full,grate,1
dataset_1,full,wroung,1
dataset_1,full,mulested,1
dataset_1,full,rapet,1
dataset_1,full,bullys,1
dataset_1,full,waight,1
dataset_1,full,forbid,1
dataset_1,full,confide,1
dataset_1,full,skint,1
dataset_1,full,10feet,1
dataset_1,full,155,1
dataset_1,full,448,1
dataset_1,full,seitan,1
dataset_1,full,almond,1
dataset_1,full,silken,1
dataset_1,full,creamy,1
dataset_1,full,meatless,1
dataset_1,full,substitutes,1
dataset_1,full,kilowatts,1
dataset_1,full,kw,1
dataset_1,full,surges,1
dataset_1,full,guiding,1
dataset_1,full,wordering,1
dataset_1,full,griffin,1
dataset_1,full,memorizing,1
dataset_1,full,yeahh,1
dataset_1,full,jeapordy,1
dataset_1,full,arghh,1
dataset_1,full,visitation,1
dataset_1,full,recruitment,1
dataset_1,full,jamestown,1
dataset_1,full,opchanacanough,1
dataset_1,full,opchanacanough's,1
dataset_1,full,powhatan,1
dataset_1,full,causality,1
dataset_1,full,causal,1
dataset_1,full,food',1
dataset_1,full,observant,1
dataset_1,full,furture,1
dataset_1,full,interacts,1
dataset_1,full,togethers,1
dataset_1,full,empathetic,1
dataset_1,full,observational,1
dataset_1,full,'scientific',1
dataset_1,full,astronomers,1
dataset_1,full,observastories,1
dataset_1,full,stargazing,1
dataset_1,full,focus',1
dataset_1,full,brainstorm,1
dataset_1,full,nspeaking,1
dataset_1,full,personified,1
dataset_1,full,depiction,1
dataset_1,full,ninterpret,1
dataset_1,full,pint,1
dataset_1,full,'please,1
dataset_1,full,cursing,1
dataset_1,full,ultimatum,1
dataset_1,full,lesbin,1
dataset_1,full,phrasing,1
dataset_1,full,commomly,1
dataset_1,full,glossy,1
dataset_1,full,copier,1
dataset_1,full,20lb,1
dataset_1,full,x22,1
dataset_1,full,beng,1
dataset_1,full,feance,1
dataset_1,full,nither,1
dataset_1,full,refusals,1
dataset_1,full,immigrate,1
dataset_1,full,counrty,1
dataset_1,full,retro,1
dataset_1,full,kaisergutenslavin,1
dataset_1,full,ballad,1
dataset_1,full,eckankar,1
dataset_1,full,stryper,1
dataset_1,full,compurter,1
dataset_1,full,ccleaner,1
dataset_1,full,peoms,1
dataset_1,full,apport,1
dataset_1,full,j'ai,1
dataset_1,full,pas'd,1
dataset_1,full,jchui,1
dataset_1,full,prononciation,1
dataset_1,full,qu'est,1
dataset_1,full,nmarchez,1
dataset_1,full,mony,1
dataset_1,full,compile,1
dataset_1,full,scalable,1
dataset_1,full,stack,1
dataset_1,full,viz,1
dataset_1,full,raba,1
dataset_1,full,waitressing,1
dataset_1,full,extroverted,1
dataset_1,full,introverted,1
dataset_1,full,introspective,1
dataset_1,full,crisses,1
dataset_1,full,coddling,1
dataset_1,full,warlords,1
dataset_1,full,continent's,1
dataset_1,full,nprotonation,1
dataset_1,full,tuna,1
dataset_1,full,shun,1
dataset_1,full,ammonium,1
dataset_1,full,nh4,1
dataset_1,full,protonated,1
dataset_1,full,occupies,1
dataset_1,full,atom's,1
dataset_1,full,uncharged,1
dataset_1,full,particlarticlelinks,1
dataset_1,full,nsurrounding,1
dataset_1,full,eieceiving,1
dataset_1,full,pictured,1
dataset_1,full,smeared,1
dataset_1,full,endings,1
dataset_1,full,noth,1
dataset_1,full,d'onofrio,1
dataset_1,full,logan,1
dataset_1,full,eames,1
dataset_1,full,courtney,1
dataset_1,full,hoboken,1
dataset_1,full,secaucus,1
dataset_1,full,despute,1
dataset_1,full,murtha,1
dataset_1,full,politisize,1
dataset_1,full,traitorous,1
dataset_1,full,embrased,1
dataset_1,full,siding,1
dataset_1,full,exaggerating,1
dataset_1,full,crawfish,1
dataset_1,full,appeasement,1
dataset_1,full,islamofascists,1
dataset_1,full,hv,1
dataset_1,full,nwanderama,1
dataset_1,full,ngetaround,1
dataset_1,full,nticket,1
dataset_1,full,ntrains,1
dataset_1,full,assigns,1
dataset_1,full,englad,1
dataset_1,full,nvery,1
dataset_1,full,leisure,1
dataset_1,full,socialable,1
dataset_1,full,approoachable,1
dataset_1,full,ameirca,1
dataset_1,full,technonogy,1
dataset_1,full,brit,1
dataset_1,full,thnaks,1
dataset_1,full,quietly,1
dataset_1,full,unleashing,1
dataset_1,full,interrupted,1
dataset_1,full,edington,1
dataset_1,full,eddington,1
dataset_1,full,quelle,1
dataset_1,full,entre,1
dataset_1,full,om,1
dataset_1,full,aucune,1
dataset_1,full,affligeants,1
dataset_1,full,jeu,1
dataset_1,full,olimpiques,1
dataset_1,full,mrslle,1
dataset_1,full,germain,1
dataset_1,full,nudest,1
dataset_1,full,semster,1
dataset_1,full,radians,1
dataset_1,full,2pi,1
dataset_1,full,n4a,1
dataset_1,full,k2pi,1
dataset_1,full,kpi,1
dataset_1,full,7pi,1
dataset_1,full,5pi,1
dataset_1,full,nsports,1
dataset_1,full,nteachers,1
dataset_1,full,tenure,1
dataset_1,full,ngadgets,1
dataset_1,full,classrooms,1
dataset_1,full,literate,1
dataset_1,full,nkids,1
dataset_1,full,nbus,1
dataset_1,full,neducation,1
dataset_1,full,does',1
dataset_1,full,'activity',1
dataset_1,full,molds,1
dataset_1,full,chimnea,1
dataset_1,full,ordnance,1
dataset_1,full,timed,1
dataset_1,full,kid's,1
dataset_1,full,subb,1
dataset_1,full,dattebayo,1
dataset_1,full,especally,1
dataset_1,full,wiley,1
dataset_1,full,dreamtech,1
dataset_1,full,bittornado,1
dataset_1,full,bitorrent,1
dataset_1,full,torrentspy,1
dataset_1,full,seedler,1
dataset_1,full,sammi,1
dataset_1,full,lightly,1
dataset_1,full,einsteins,1
dataset_1,full,unkonwn,1
dataset_1,full,uknown,1
dataset_1,full,nsin,1
dataset_1,full,michigan's,1
dataset_1,full,coastlines,1
dataset_1,full,pentagon,1
dataset_1,full,nseems,1
dataset_1,full,diametrically,1
dataset_1,full,atomism,1
dataset_1,full,argues,1
dataset_1,full,philosopher,1
dataset_1,full,wilber,1
dataset_1,full,wilber's,1
dataset_1,full,intellectuals,1
dataset_1,full,connotes,1
dataset_1,full,hotly,1
dataset_1,full,debated,1
dataset_1,full,wodump,1
dataset_1,full,tooken,1
dataset_1,full,proxys,1
dataset_1,full,largerst,1
dataset_1,full,physiclal,1
dataset_1,full,australia's,1
dataset_1,full,nutrierts,1
dataset_1,full,perth,1
dataset_1,full,fertilizer,1
dataset_1,full,niceland,1
dataset_1,full,norse,1
dataset_1,full,forests,1
dataset_1,full,likelyhood,1
dataset_1,full,nbehavior,1
dataset_1,full,rink,1
dataset_1,full,rinks,1
dataset_1,full,shoutcast,1
dataset_1,full,antiviruses,1
dataset_1,full,nbittorrent,1
dataset_1,full,nemule,1
dataset_1,full,nmorpheus,1
dataset_1,full,nmedia,1
dataset_1,full,13x,1
dataset_1,full,nfactor,1
dataset_1,full,alternately,1
dataset_1,full,flutter,1
dataset_1,full,dunking,1
dataset_1,full,calf,1
dataset_1,full,grammy's,1
dataset_1,full,conductor,1
dataset_1,full,solti,1
dataset_1,full,grammys,1
dataset_1,full,stram,1
dataset_1,full,streamripper,1
dataset_1,full,lezb,1
dataset_1,full,illustrator,1
dataset_1,full,yeap,1
dataset_1,full,centrifugal,1
dataset_1,full,gasous,1
dataset_1,full,nnotice,1
dataset_1,full,chunks,1
dataset_1,full,asteriods,1
dataset_1,full,derek,1
dataset_1,full,sears,1
dataset_1,full,cosmochemistry,1
dataset_1,full,meteoritics,1
dataset_1,full,nplanets,1
dataset_1,full,behaves,1
dataset_1,full,succumbs,1
dataset_1,full,isostatic,1
dataset_1,full,asteroid's,1
dataset_1,full,fragmentary,1
dataset_1,full,computeach,1
dataset_1,full,nitlc,1
dataset_1,full,ccna,1
dataset_1,full,luis,1
dataset_1,full,nprices,1
dataset_1,full,reverted,1
dataset_1,full,nearlier,1
dataset_1,full,beginnings,1
dataset_1,full,debster92,1
dataset_1,full,coalesced,1
dataset_1,full,1km,1
dataset_1,full,50minutes,1
dataset_1,full,10mins,1
dataset_1,full,necesserely,1
dataset_1,full,twentieth,1
dataset_1,full,supersedes,1
dataset_1,full,seeker,1
dataset_1,full,backlash,1
dataset_1,full,teskbook,1
dataset_1,full,aiment,1
dataset_1,full,jouer,1
dataset_1,full,tanque,1
dataset_1,full,parquet,1
dataset_1,full,chez,1
dataset_1,full,continuent,1
dataset_1,full,l'air,1
dataset_1,full,savoir,1
dataset_1,full,elever,1
dataset_1,full,wordpress,1
dataset_1,full,nikon,1
dataset_1,full,lissa,1
dataset_1,full,thatsbananas,1
dataset_1,full,sweatshop,1
dataset_1,full,shoveling,1
dataset_1,full,pdfs,1
dataset_1,full,absolutly,1
dataset_1,full,istead,1
dataset_1,full,contested,1
dataset_1,full,hartford,1
dataset_1,full,circumvented,1
dataset_1,full,submitt,1
dataset_1,full,cardiac,1
dataset_1,full,sludging,1
dataset_1,full,arterioles,1
dataset_1,full,curviture,1
dataset_1,full,bejeweled,1
dataset_1,full,regaeton,1
dataset_1,full,cangri,1
dataset_1,full,nlas,1
dataset_1,full,razones,1
dataset_1,full,fuciodan,1
dataset_1,full,fucoidan,1
dataset_1,full,lennox,1
dataset_1,full,relinquished,1
dataset_1,full,seldon,1
dataset_1,full,wba,1
dataset_1,full,peaked,1
dataset_1,full,appetizers,1
dataset_1,full,potluck,1
dataset_1,full,chronicling,1
dataset_1,full,beers,1
dataset_1,full,copied,1
dataset_1,full,booklets,1
dataset_1,full,notifying,1
dataset_1,full,uploaded,1
dataset_1,full,netpost,1
dataset_1,full,usps,1
dataset_1,full,whereabouts,1
dataset_1,full,tighter,1
dataset_1,full,fallin,1
dataset_1,full,somtin,1
dataset_1,full,corrctly,1
dataset_1,full,rogers,1
dataset_1,full,nrayouko_firefervor,1
dataset_1,full,afterword,1
dataset_1,full,scissor,1
dataset_1,full,sharpening,1
dataset_1,full,sharper,1
dataset_1,full,baccy,1
dataset_1,full,pouches,1
dataset_1,full,drills,1
dataset_1,full,ellis,1
dataset_1,full,debakey,1
dataset_1,full,tunable,1
dataset_1,full,spaeth,1
dataset_1,full,sounces,1
dataset_1,full,hydroeletric,1
dataset_1,full,sloar,1
dataset_1,full,hydroelectric,1
dataset_1,full,waterfalls,1
dataset_1,full,reflective,1
dataset_1,full,photovoltaic,1
dataset_1,full,nwind,1
dataset_1,full,harnessed,1
dataset_1,full,nbiomass,1
dataset_1,full,biologic,1
dataset_1,full,nwaste,1
dataset_1,full,fussion,1
dataset_1,full,fusing,1
dataset_1,full,raptors,1
dataset_1,full,rafael,1
dataset_1,full,araujo,1
dataset_1,full,kris,1
dataset_1,full,humphries,1
dataset_1,full,whaley,1
dataset_1,full,bonner,1
dataset_1,full,rasho,1
dataset_1,full,nesterovic,1
dataset_1,full,thjink,1
dataset_1,full,remeber,1
dataset_1,full,shepard,1
dataset_1,full,strays,1
dataset_1,full,coustries,1
dataset_1,full,costumer,1
dataset_1,full,bahrain,1
dataset_1,full,shariah,1
dataset_1,full,fiqh,1
dataset_1,full,muamalat,1
dataset_1,full,riba,1
dataset_1,full,mudharabah,1
dataset_1,full,wadiah,1
dataset_1,full,musharakah,1
dataset_1,full,murabahah,1
dataset_1,full,ijarah,1
dataset_1,full,loaning,1
dataset_1,full,murabaha,1
dataset_1,full,ijara,1
dataset_1,full,iqtina,1
dataset_1,full,pegged,1
dataset_1,full,bank's,1
dataset_1,full,musharaka,1
dataset_1,full,mudaraba,1
dataset_1,full,participatory,1
dataset_1,full,islamically,1
dataset_1,full,grameen,1
dataset_1,full,synonomous,1
dataset_1,full,depnet,1
dataset_1,full,outlet,1
dataset_1,full,noptimism,1
dataset_1,full,laughter,1
dataset_1,full,contented,1
dataset_1,full,gardening,1
dataset_1,full,cherish,1
dataset_1,full,creepiest,1
dataset_1,full,sware,1
dataset_1,full,soiled,1
dataset_1,full,tighty,1
dataset_1,full,whiteys,1
dataset_1,full,constructive,1
dataset_1,full,expencive,1
dataset_1,full,nasionalism,1
dataset_1,full,airbus,1
dataset_1,full,wheras,1
dataset_1,full,imnteract,1
dataset_1,full,realities,1
dataset_1,full,flake,1
dataset_1,full,spred,1
dataset_1,full,aphrodisiac,1
dataset_1,full,endangering,1
dataset_1,full,childish,1
dataset_1,full,garde,1
dataset_1,full,othere,1
dataset_1,full,boarder,1
dataset_1,full,distroying,1
dataset_1,full,weppon,1
dataset_1,full,audasity,1
dataset_1,full,angrely,1
dataset_1,full,n____________________________________________,1
dataset_1,full,distroy,1
dataset_1,full,perfictaly,1
dataset_1,full,immaturity,1
dataset_1,full,carpentry,1
dataset_1,full,groundnut,1
dataset_1,full,fabaceae,1
dataset_1,full,herbaceous,1
dataset_1,full,pinnate,1
dataset_1,full,leaflets,1
dataset_1,full,peaflower,1
dataset_1,full,veining,1
dataset_1,full,elongates,1
dataset_1,full,veined,1
dataset_1,full,petaled,1
dataset_1,full,pealike,1
dataset_1,full,axillary,1
dataset_1,full,inbreeders,1
dataset_1,full,stalks,1
dataset_1,full,nutrient,1
dataset_1,full,wrinkled,1
dataset_1,full,constricted,1
dataset_1,full,movin,1
dataset_1,full,'blocked',1
dataset_1,full,zodiacs,1
dataset_1,full,ariens,1
dataset_1,full,demonic,1
dataset_1,full,inhuman,1
dataset_1,full,'darkside,1
dataset_1,full,zodiac',1
dataset_1,full,hilter,1
dataset_1,full,giacomo,1
dataset_1,full,casanova,1
dataset_1,full,gogh,1
dataset_1,full,fracois,1
dataset_1,full,duvalier,1
dataset_1,full,tito,1
dataset_1,full,fueding,1
dataset_1,full,factionalist,1
dataset_1,full,formely,1
dataset_1,full,knowns,1
dataset_1,full,constellation,1
dataset_1,full,struts,1
dataset_1,full,darkside,1
dataset_1,full,agressive,1
dataset_1,full,thug,1
dataset_1,full,clad,1
dataset_1,full,peronality,1
dataset_1,full,overbearing,1
dataset_1,full,entrie,1
dataset_1,full,choclates,1
dataset_1,full,zemicks,1
dataset_1,full,gump,1
dataset_1,full,satify,1
dataset_1,full,garnishment,1
dataset_1,full,markise's,1
dataset_1,full,supersize,1
dataset_1,full,vibe,1
dataset_1,full,penetrated,1
dataset_1,full,anally,1
dataset_1,full,ts',1
dataset_1,full,mongolian,1
dataset_1,full,anticipated,1
dataset_1,full,g'n'r,1
dataset_1,full,axl,1
dataset_1,full,freakin,1
dataset_1,full,loopy,1
dataset_1,full,n''''o'''',1
dataset_1,full,carl's,1
dataset_1,full,moody,1
dataset_1,full,gynae,1
dataset_1,full,alows,1
dataset_1,full,immuno,1
dataset_1,full,nauseated,1
dataset_1,full,airtight,1
dataset_1,full,migh,1
dataset_1,full,rupture,1
dataset_1,full,brando,1
dataset_1,full,niro,1
dataset_1,full,vito,1
dataset_1,full,corleone,1
dataset_1,full,rams,1
dataset_1,full,cralwing,1
dataset_1,full,serge,1
dataset_1,full,brin,1
dataset_1,full,scripting,1
dataset_1,full,blazing,1
dataset_1,full,crawler,1
dataset_1,full,searcher,1
dataset_1,full,formore,1
dataset_1,full,replicate,1
dataset_1,full,amplify,1
dataset_1,full,'mouthful',1
dataset_1,full,virions,1
dataset_1,full,crominal,1
dataset_1,full,fathering,1
dataset_1,full,alarming,1
dataset_1,full,virile,1
dataset_1,full,thougth,1
dataset_1,full,ccr,1
dataset_1,full,241mph,1
dataset_1,full,noops,1
dataset_1,full,248,1
dataset_1,full,volksvagen,1
dataset_1,full,ehra,1
dataset_1,full,lessien,1
dataset_1,full,greenish,1
dataset_1,full,brownish,1
dataset_1,full,chop,1
dataset_1,full,anf,1
dataset_1,full,jorge,1
dataset_1,full,pumas,1
dataset_1,full,natlante,1
dataset_1,full,ncruz,1
dataset_1,full,azul,1
dataset_1,full,ntigres,1
dataset_1,full,npuebla,1
dataset_1,full,courious,1
dataset_1,full,finer,1
dataset_1,full,majoryly,1
dataset_1,full,nbro,1
dataset_1,full,deployed,1
dataset_1,full,nsituation,1
dataset_1,full,releive,1
dataset_1,full,nexersize,1
dataset_1,full,spiral,1
dataset_1,full,everthing,1
dataset_1,full,releiving,1
dataset_1,full,thngs,1
dataset_1,full,dah,1
dataset_1,full,dee,1
dataset_1,full,oibda,1
dataset_1,full,excluding,1
dataset_1,full,itda,1
dataset_1,full,layman's,1
dataset_1,full,importent,1
dataset_1,full,regularily,1
dataset_1,full,tmike_snoop_dylan,1
dataset_1,full,rustu,1
dataset_1,full,keepers,1
dataset_1,full,notmissed,1
dataset_1,full,loophole,1
dataset_1,full,gievn,1
dataset_1,full,paraphrase,1
dataset_1,full,quota,1
dataset_1,full,rothlisberger,1
dataset_1,full,randle,1
dataset_1,full,anytmore,1
dataset_1,full,jerome,1
dataset_1,full,febuary,1
dataset_1,full,20pm,1
dataset_1,full,cst,1
dataset_1,full,livid,1
dataset_1,full,avtar,1
dataset_1,full,financed,1
dataset_1,full,snl,1
dataset_1,full,medusa,1
dataset_1,full,kreuger,1
dataset_1,full,wishmaster,1
dataset_1,full,chucky,1
dataset_1,full,flushes,1
dataset_1,full,bercause,1
dataset_1,full,amputation,1
dataset_1,full,freshwater,1
dataset_1,full,spawned,1
dataset_1,full,dams,1
dataset_1,full,brackish,1
dataset_1,full,purnishment,1
dataset_1,full,'hard,1
dataset_1,full,core',1
dataset_1,full,club',1
dataset_1,full,hmos,1
dataset_1,full,hypochondriac,1
dataset_1,full,unopposed,1
dataset_1,full,egotism,1
dataset_1,full,elmer,1
dataset_1,full,fudd,1
dataset_1,full,nkantele,1
dataset_1,full,franko,1
dataset_1,full,n05,1
dataset_1,full,athens,1
dataset_1,full,wilson's,1
dataset_1,full,grassroots,1
dataset_1,full,ohio's,1
dataset_1,full,carr,1
dataset_1,full,luchansky,1
dataset_1,full,questionator,1
dataset_1,full,highestpaysurveys,1
dataset_1,full,deposited,1
dataset_1,full,elasped,1
dataset_1,full,bolton,1
dataset_1,full,bayer,1
dataset_1,full,leverkusen,1
dataset_1,full,bundesliga,1
dataset_1,full,chronicle,1
dataset_1,full,moonfire,1
dataset_1,full,astroloogy,1
dataset_1,full,vedic,1
dataset_1,full,rahu,1
dataset_1,full,ketu,1
dataset_1,full,xxl,1
dataset_1,full,raspberries,1
dataset_1,full,savers,1
dataset_1,full,smokedthem,1
dataset_1,full,legitamicy,1
dataset_1,full,proverbial,1
dataset_1,full,opiate,1
dataset_1,full,legitamacy,1
dataset_1,full,peope,1
dataset_1,full,michelson,1
dataset_1,full,2mb,1
dataset_1,full,kbps,1
dataset_1,full,300kbps,1
dataset_1,full,diva,1
dataset_1,full,candice,1
dataset_1,full,madonna,1
dataset_1,full,exploraiton,1
dataset_1,full,fathom,1
dataset_1,full,millennia,1
dataset_1,full,annualizes,1
dataset_1,full,subtotal,1
dataset_1,full,fyc,1
dataset_1,full,960,1
dataset_1,full,annualize,1
dataset_1,full,minimums,1
dataset_1,full,newlifeagent,1
dataset_1,full,blogspot,1
dataset_1,full,amatuer,1
dataset_1,full,transiever,1
dataset_1,full,hypothetically,1
dataset_1,full,wairing,1
dataset_1,full,hgow,1
dataset_1,full,whitepages,1
dataset_1,full,escence,1
dataset_1,full,gyno,1
dataset_1,full,hew,1
dataset_1,full,questen,1
dataset_1,full,peple,1
dataset_1,full,insalt,1
dataset_1,full,gremmer,1
dataset_1,full,tellded,1
dataset_1,full,effxor,1
dataset_1,full,njamal,1
dataset_1,full,njoseph,1
dataset_1,full,addai,1
dataset_1,full,nahman,1
dataset_1,full,ntravis,1
dataset_1,full,nrudi,1
dataset_1,full,blackberry,1
dataset_1,full,8700c,1
dataset_1,full,diference,1
dataset_1,full,concurrent,1
dataset_1,full,appelate,1
dataset_1,full,judical,1
dataset_1,full,nconcurrent,1
dataset_1,full,noriginal,1
dataset_1,full,nappelate,1
dataset_1,full,renders,1
dataset_1,full,petitioner,1
dataset_1,full,petitioners,1
dataset_1,full,hy,1
dataset_1,full,tiyp,1
dataset_1,full,receve,1
dataset_1,full,marketplaces,1
dataset_1,full,inefficiencies,1
dataset_1,full,diversionists,1
dataset_1,full,arbitrage,1
dataset_1,full,gotcha,1
dataset_1,full,xebek,1
dataset_1,full,detirmined,1
dataset_1,full,setter,1
dataset_1,full,opportunity's,1
dataset_1,full,polytechnic,1
dataset_1,full,emeritus,1
dataset_1,full,purdue,1
dataset_1,full,sigmund,1
dataset_1,full,jung,1
dataset_1,full,subconciously,1
dataset_1,full,porentialy,1
dataset_1,full,nsmile,1
dataset_1,full,ypu,1
dataset_1,full,ppv,1
dataset_1,full,lolzzz,1
dataset_1,full,mediums,1
dataset_1,full,ermmm,1
dataset_1,full,rach,1
dataset_1,full,harressed,1
dataset_1,full,talisman,1
dataset_1,full,warding,1
dataset_1,full,concentrace,1
dataset_1,full,glutamine,1
dataset_1,full,tribulus,1
dataset_1,full,acf,1
dataset_1,full,ncf,1
dataset_1,full,'skins,1
dataset_1,full,bucs,1
dataset_1,full,falcons,1
dataset_1,full,siants,1
dataset_1,full,bcome,1
dataset_1,full,theripist,1
dataset_1,full,maulvi's,1
dataset_1,full,kebabs,1
dataset_1,full,lahore,1
dataset_1,full,karachi,1
dataset_1,full,girlfrind,1
dataset_1,full,nsony,1
dataset_1,full,njvc,1
dataset_1,full,nonkyo,1
dataset_1,full,nyamaha,1
dataset_1,full,nhonda,1
dataset_1,full,nkawasaki,1
dataset_1,full,ntoyota,1
dataset_1,full,nmitsubishi,1
dataset_1,full,nnintendo,1
dataset_1,full,nsharp,1
dataset_1,full,npanasonic,1
dataset_1,full,nhyandai,1
dataset_1,full,hetrocity,1
dataset_1,full,progarm,1
dataset_1,full,336,1
dataset_1,full,7378,1
dataset_1,full,ick,1
dataset_1,full,'urban',1
dataset_1,full,nsickness,1
dataset_1,full,soure,1
dataset_1,full,mris,1
dataset_1,full,stethascope,1
dataset_1,full,mri'scat,1
dataset_1,full,mri's,1
dataset_1,full,aceholes,1
dataset_1,full,ziggurat,1
dataset_1,full,terraced,1
dataset_1,full,ashma,1
dataset_1,full,poodles,1
dataset_1,full,labrdoodles,1
dataset_1,full,purina,1
dataset_1,full,thesauruses,1
dataset_1,full,dpression,1
dataset_1,full,waterway,1
dataset_1,full,instigate,1
dataset_1,full,prod,1
dataset_1,full,goad,1
dataset_1,full,fortitude,1
dataset_1,full,tarnish,1
dataset_1,full,archdiocese,1
dataset_1,full,abusing,1
dataset_1,full,lubrication,1
dataset_1,full,licking,1
dataset_1,full,rationalize,1
dataset_1,full,distrusts,1
dataset_1,full,dwells,1
dataset_1,full,extremism,1
dataset_1,full,kuffar,1
dataset_1,full,dhimi's,1
dataset_1,full,insultingly,1
dataset_1,full,raped,1
dataset_1,full,ethnically,1
dataset_1,full,cleansed,1
dataset_1,full,etnic,1
dataset_1,full,assyrian,1
dataset_1,full,aramaic,1
dataset_1,full,generall,1
dataset_1,full,intrinsic,1
dataset_1,full,henry's,1
dataset_1,full,nations',1
dataset_1,full,wynne,1
dataset_1,full,objected,1
dataset_1,full,featured,1
dataset_1,full,themed,1
dataset_1,full,attractions,1
dataset_1,full,bubba,1
dataset_1,full,poiont,1
dataset_1,full,somewere,1
dataset_1,full,youd,1
dataset_1,full,crossfade,1
dataset_1,full,enrol,1
dataset_1,full,dieckman,1
dataset_1,full,nretrosynthetic,1
dataset_1,full,nrobinson,1
dataset_1,full,annelation,1
dataset_1,full,nconjugate,1
dataset_1,full,naldol,1
dataset_1,full,intramolecular,1
dataset_1,full,nable,1
dataset_1,full,1884,1
dataset_1,full,catagory,1
dataset_1,full,nillegal,1
dataset_1,full,channels,1
dataset_1,full,sne,1
dataset_1,full,nbless,1
dataset_1,full,lifeline,1
dataset_1,full,nanswering,1
dataset_1,full,'gives,1
dataset_1,full,points',1
dataset_1,full,283,1
dataset_1,full,mistyped,1
dataset_1,full,retyping,1
dataset_1,full,onam,1
dataset_1,full,danced,1
dataset_1,full,sibling,1
dataset_1,full,cocker,1
dataset_1,full,disbanding,1
dataset_1,full,cameo,1
dataset_1,full,fronting,1
dataset_1,full,wyrd,1
dataset_1,full,woo,1
dataset_1,full,hawley,1
dataset_1,full,aliases,1
dataset_1,full,'darren,1
dataset_1,full,spooner',1
dataset_1,full,'wayne,1
dataset_1,full,marsden',1
dataset_1,full,fascia,1
dataset_1,full,patella,1
dataset_1,full,webmd,1
dataset_1,full,dove,1
dataset_1,full,midwest,1
dataset_1,full,sike,1
dataset_1,full,yeahhhhh,1
dataset_1,full,bandwith,1
dataset_1,full,hermanito,1
dataset_1,full,sis,1
dataset_1,full,bobbrinker,1
dataset_1,full,antiderivative,1
dataset_1,full,integrator,1
dataset_1,full,uu'dx,1
dataset_1,full,cupper,1
dataset_1,full,cupric,1
dataset_1,full,sulfate's,1
dataset_1,full,masturbate,1
dataset_1,full,fustrated,1
dataset_1,full,plexus',1
dataset_1,full,nourishes,1
dataset_1,full,malfunctions,1
dataset_1,full,diplomatically,1
dataset_1,full,heartburn,1
dataset_1,full,awakening,1
dataset_1,full,closeby,1
dataset_1,full,sahaja,1
dataset_1,full,lawmakers,1
dataset_1,full,ridlculous,1
dataset_1,full,confess,1
dataset_1,full,advising,1
dataset_1,full,romace,1
dataset_1,full,subcategory,1
dataset_1,full,cuyahoga,1
dataset_1,full,735,1
dataset_1,full,ngeography,1
dataset_1,full,nrocky,1
dataset_1,full,28'31,1
dataset_1,full,50'45,1
dataset_1,full,475297,1
dataset_1,full,845759,1
dataset_1,full,fuzz,1
dataset_1,full,nottingam,1
dataset_1,full,maturitni,1
dataset_1,full,zkou,1
dataset_1,full,ka,1
dataset_1,full,maturita,1
dataset_1,full,ukcat,1
dataset_1,full,aptitude,1
dataset_1,full,qualificaitons,1
dataset_1,full,ncontact,1
dataset_1,full,ndivision,1
dataset_1,full,anaesthesia,1
dataset_1,full,nqueens,1
dataset_1,full,nnottingham,1
dataset_1,full,ng7,1
dataset_1,full,2uh,1
dataset_1,full,823,1
dataset_1,full,970,1
dataset_1,full,0739,1
dataset_1,full,nsmss,1
dataset_1,full,'qual',1
dataset_1,full,cual,1
dataset_1,full,seu,1
dataset_1,full,nome,1
dataset_1,full,'cual',1
dataset_1,full,voc,1
dataset_1,full,olympus,1
dataset_1,full,spilled,1
dataset_1,full,splashed,1
dataset_1,full,cooties,1
dataset_1,full,cherrybombs,1
dataset_1,full,'mean,1
dataset_1,full,ruinin,1
dataset_1,full,skipit's,1
dataset_1,full,spokey,1
dataset_1,full,dokes,1
dataset_1,full,overhand,1
dataset_1,full,oreilly,1
dataset_1,full,ramblings,1
dataset_1,full,repubs,1
dataset_1,full,fodder,1
dataset_1,full,recession,1
dataset_1,full,scholarly,1
dataset_1,full,langhorne,1
dataset_1,full,clemens,1
dataset_1,full,treasures,1
dataset_1,full,menstruating,1
dataset_1,full,bbe,1
dataset_1,full,speller,1
dataset_1,full,npneumono,1
dataset_1,full,scopic,1
dataset_1,full,sili,1
dataset_1,full,coniosis,1
dataset_1,full,hoax,1
dataset_1,full,validity,1
dataset_1,full,pseudopseudo,1
dataset_1,full,hypoparathyroidism,1
dataset_1,full,nflocci,1
dataset_1,full,nauc,1
dataset_1,full,nihili,1
dataset_1,full,fication,1
dataset_1,full,mccurry,1
dataset_1,full,sarcastically,1
dataset_1,full,hypenated,1
dataset_1,full,teensy,1
dataset_1,full,mockary,1
dataset_1,full,interational,1
dataset_1,full,redicule,1
dataset_1,full,budge,1
dataset_1,full,defitcit,1
dataset_1,full,wellfare,1
dataset_1,full,showen,1
dataset_1,full,flagardent,1
dataset_1,full,laughingstock,1
dataset_1,full,politions,1
dataset_1,full,mucous,1
dataset_1,full,contributing,1
dataset_1,full,toyota,1
dataset_1,full,convertables,1
dataset_1,full,shaver,1
dataset_1,full,gage,1
dataset_1,full,competes,1
dataset_1,full,generalchem,1
dataset_1,full,ngoes,1
dataset_1,full,meteorological,1
dataset_1,full,preachers,1
dataset_1,full,ilk,1
dataset_1,full,barnum,1
dataset_1,full,sassyfor28,1
dataset_1,full,amerlca,1
dataset_1,full,civilianst,1
dataset_1,full,avenge,1
dataset_1,full,unwarranted,1
dataset_1,full,appalled,1
dataset_1,full,administrations,1
dataset_1,full,zilo,1
dataset_1,full,assesses,1
dataset_1,full,operant,1
dataset_1,full,skinner,1
dataset_1,full,adaman,1
dataset_1,full,576,1
dataset_1,full,occurence,1
dataset_1,full,nint,1
dataset_1,full,find_last_min,1
dataset_1,full,smelled,1
dataset_1,full,recess,1
dataset_1,full,inadvertantly,1
dataset_1,full,ntrne,1
dataset_1,full,fetisch,1
dataset_1,full,bombers,1
dataset_1,full,doane,1
dataset_1,full,conceived,1
dataset_1,full,sculptor,1
dataset_1,full,skyline,1
dataset_1,full,1925,1
dataset_1,full,nbetween,1
dataset_1,full,sculpted,1
dataset_1,full,colossal,1
dataset_1,full,spotts,1
dataset_1,full,tram,1
dataset_1,full,washington's,1
dataset_1,full,rider,1
dataset_1,full,appropriations,1
dataset_1,full,sculptor's,1
dataset_1,full,embolism,1
dataset_1,full,borgulm,1
dataset_1,full,sculpture,1
dataset_1,full,989,1
dataset_1,full,992,1
dataset_1,full,burkett,1
dataset_1,full,entablature,1
dataset_1,full,nlocal,1
dataset_1,full,bighorn,1
dataset_1,full,miners,1
dataset_1,full,monument,1
dataset_1,full,superintendant,1
dataset_1,full,reponse,1
dataset_1,full,lakota,1
dataset_1,full,nten,1
dataset_1,full,redevelopment,1
dataset_1,full,culminated,1
dataset_1,full,conservators,1
dataset_1,full,lichens,1
dataset_1,full,rcher,1
dataset_1,full,gmbh,1
dataset_1,full,pressurized,1
dataset_1,full,desktops,1
dataset_1,full,gpos,1
dataset_1,full,workgroup,1
dataset_1,full,extrememly,1
dataset_1,full,ukn,1
dataset_1,full,ita,1
dataset_1,full,__,1
dataset_1,full,helll,1
dataset_1,full,outa,1
dataset_1,full,neng__,1
dataset_1,full,nita___,1
dataset_1,full,ukr,1
dataset_1,full,butss,1
dataset_1,full,nbra__,1
dataset_1,full,buttock,1
dataset_1,full,keflex,1
dataset_1,full,whew,1
dataset_1,full,lanced,1
dataset_1,full,gunk,1
dataset_1,full,oozed,1
dataset_1,full,intensely,1
dataset_1,full,bandaged,1
dataset_1,full,fog,1
dataset_1,full,attic,1
dataset_1,full,infestation,1
dataset_1,full,ky,1
dataset_1,full,machineshop,1
dataset_1,full,exerise,1
dataset_1,full,edgar,1
dataset_1,full,allan,1
dataset_1,full,xls,1
dataset_1,full,rigor,1
dataset_1,full,mortis,1
dataset_1,full,mobil,1
dataset_1,full,donnie,1
dataset_1,full,wahlburg,1
dataset_1,full,rescued,1
dataset_1,full,helens,1
dataset_1,full,helen's,1
dataset_1,full,devestated,1
dataset_1,full,timber,1
dataset_1,full,npsychologically,1
dataset_1,full,24yr,1
dataset_1,full,couldent,1
dataset_1,full,sextual,1
dataset_1,full,grantsville,1
dataset_1,full,763,1
dataset_1,full,mach,1
dataset_1,full,whhat,1
dataset_1,full,imbeciles,1
dataset_1,full,currington,1
dataset_1,full,nname,1
dataset_1,full,ndierks,1
dataset_1,full,dierks,1
dataset_1,full,fybromyalga,1
dataset_1,full,reoccouring,1
dataset_1,full,chemo,1
dataset_1,full,faithfuly,1
dataset_1,full,briney,1
dataset_1,full,mnm,1
dataset_1,full,dismember,1
dataset_1,full,gunn,1
dataset_1,full,0ac7b413,1
dataset_1,full,c45b,1
dataset_1,full,4654,1
dataset_1,full,bade,1
dataset_1,full,typelib,1
dataset_1,full,clsid,1
dataset_1,full,nrogue,1
dataset_1,full,ie5,1
dataset_1,full,txvblotp,1
dataset_1,full,favicon,1
dataset_1,full,realmedia,1
dataset_1,full,claria,1
dataset_1,full,belnk,1
dataset_1,full,trafficmp,1
dataset_1,full,casalemedia,1
dataset_1,full,adknowledge,1
dataset_1,full,mediaplex,1
dataset_1,full,webroot's,1
dataset_1,full,raps,1
dataset_1,full,1988,1
dataset_1,full,rebirth,1
dataset_1,full,fmous,1
dataset_1,full,distroyed,1
dataset_1,full,borrowing,1
dataset_1,full,nullyfy,1
dataset_1,full,'sin',1
dataset_1,full,py,1
dataset_1,full,punya,1
dataset_1,full,'freedom',1
dataset_1,full,borrows,1
dataset_1,full,asume,1
dataset_1,full,selfless,1
dataset_1,full,karmas,1
dataset_1,full,atternal,1
dataset_1,full,'moksha',1
dataset_1,full,activties,1
dataset_1,full,'sushupti',1
dataset_1,full,sanskrit,1
dataset_1,full,sushupti,1
dataset_1,full,awarness,1
dataset_1,full,deepsleep,1
dataset_1,full,bliss',1
dataset_1,full,murging,1
dataset_1,full,'thuriiya',1
dataset_1,full,'nishkaama,1
dataset_1,full,karma',1
dataset_1,full,bhagavadgeetha',1
dataset_1,full,frank's,1
dataset_1,full,banker,1
dataset_1,full,fraid,1
dataset_1,full,iskalei,1
dataset_1,full,walugembe,1
dataset_1,full,makin,1
dataset_1,full,oweing,1
dataset_1,full,knocks,1
dataset_1,full,minuite,1
dataset_1,full,supportable,1
dataset_1,full,willams,1
dataset_1,full,gaurds,1
dataset_1,full,billups,1
dataset_1,full,paul's,1
dataset_1,full,burritos,1
dataset_1,full,nrise,1
dataset_1,full,ntropical,1
dataset_1,full,sneakers,1
dataset_1,full,destroyers,1
dataset_1,full,spraying,1
dataset_1,full,diminishes,1
dataset_1,full,arachnid,1
dataset_1,full,gulliver,1
dataset_1,full,gulliver's,1
dataset_1,full,1726,1
dataset_1,full,1735,1
dataset_1,full,satire,1
dataset_1,full,travellers',1
dataset_1,full,swift's,1
dataset_1,full,indisputable,1
dataset_1,full,tremendously,1
dataset_1,full,nursery,1
dataset_1,full,orwell,1
dataset_1,full,indispensable,1
dataset_1,full,assholes,1
dataset_1,full,'fall',1
dataset_1,full,cuse,1
dataset_1,full,dooon't,1
dataset_1,full,taped,1
dataset_1,full,bosom,1
dataset_1,full,behest,1
dataset_1,full,romancing,1
dataset_1,full,israelis,1
dataset_1,full,bbl,1
dataset_1,full,princes,1
dataset_1,full,goodlooking,1
dataset_1,full,colombian,1
dataset_1,full,exchange's,1
dataset_1,full,tehy,1
dataset_1,full,tradng,1
dataset_1,full,besdes,1
dataset_1,full,rt,1
dataset_1,full,rtnfe,1
dataset_1,full,nernst,1
dataset_1,full,redirection,1
dataset_1,full,175,1
dataset_1,full,964,1
dataset_1,full,cloaking,1
dataset_1,full,ncouple,1
dataset_1,full,webserver,1
dataset_1,full,nwelcome,1
dataset_1,full,neyal,1
dataset_1,full,spidey's,1
dataset_1,full,agility,1
dataset_1,full,spidey,1
dataset_1,full,batman's,1
dataset_1,full,njennifer,1
dataset_1,full,cox,1
dataset_1,full,nlisa,1
dataset_1,full,kudrow,1
dataset_1,full,leblanc,1
dataset_1,full,nmatthew,1
dataset_1,full,ndavid,1
dataset_1,full,schwimmer,1
dataset_1,full,pigions,1
dataset_1,full,pigioens,1
dataset_1,full,pigieon,1
dataset_1,full,expels,1
dataset_1,full,invader,1
dataset_1,full,defn,1
dataset_1,full,nb2718,1
dataset_1,full,that'd,1
dataset_1,full,nqed,1
dataset_1,full,'black,1
dataset_1,full,recorder',1
dataset_1,full,airliners,1
dataset_1,full,conspicuous,1
dataset_1,full,terrain,1
dataset_1,full,clash,1
dataset_1,full,deserts,1
dataset_1,full,unjust,1
dataset_1,full,outgrown,1
dataset_1,full,instulled,1
dataset_1,full,addtnl,1
dataset_1,full,uplifting,1
dataset_1,full,lpn,1
dataset_1,full,faze,1
dataset_1,full,prgram,1
dataset_1,full,thieving,1
dataset_1,full,gypos,1
dataset_1,full,nantisocial,1
dataset_1,full,untermenschen,1
dataset_1,full,thieve,1
dataset_1,full,scrounge,1
dataset_1,full,loony,1
dataset_1,full,ari,1
dataset_1,full,fliescher,1
dataset_1,full,mcclellan,1
dataset_1,full,fieldbus,1
dataset_1,full,profield,1
dataset_1,full,misguide,1
dataset_1,full,skim,1
dataset_1,full,redone,1
dataset_1,full,nhundreds,1
dataset_1,full,pagewizard,1
dataset_1,full,ninternet,1
dataset_1,full,kumite,1
dataset_1,full,cleanly,1
dataset_1,full,waht's,1
dataset_1,full,comdom,1
dataset_1,full,cerran,1
dataset_1,full,neone,1
dataset_1,full,biotechnoology,1
dataset_1,full,immunology,1
dataset_1,full,ref's,1
dataset_1,full,diffficult,1
dataset_1,full,ime,1
dataset_1,full,df63c5098,1
dataset_1,full,3com,1
dataset_1,full,etherlink,1
dataset_1,full,3c509,1
dataset_1,full,hassle,1
dataset_1,full,potheads,1
dataset_1,full,fourty,1
dataset_1,full,suess,1
dataset_1,full,cabrera,1
dataset_1,full,sadness,1
dataset_1,full,enumerate,1
dataset_1,full,plzzzzzzzz,1
dataset_1,full,nrest,1
dataset_1,full,periodicals,1
dataset_1,full,haunts,1
dataset_1,full,shes',1
dataset_1,full,'gone,1
dataset_1,full,wind',1
dataset_1,full,brething,1
dataset_1,full,rhythmn,1
dataset_1,full,womean,1
dataset_1,full,unlocked,1
dataset_1,full,stubborn,1
dataset_1,full,simpsons,1
dataset_1,full,maggie,1
dataset_1,full,bart,1
dataset_1,full,liza,1
dataset_1,full,marge,1
dataset_1,full,obcess,1
dataset_1,full,coltzan's,1
dataset_1,full,shrine,1
dataset_1,full,faeries,1
dataset_1,full,neggery,1
dataset_1,full,neggs,1
dataset_1,full,nwheel,1
dataset_1,full,monotony,1
dataset_1,full,grasshopper,1
dataset_1,full,nrandom,1
dataset_1,full,shh,1
dataset_1,full,aisha,1
dataset_1,full,aishas,1
dataset_1,full,leggs,1
dataset_1,full,neopian,1
dataset_1,full,puruse,1
dataset_1,full,nsymol,1
dataset_1,full,symol,1
dataset_1,full,eastwood,1
dataset_1,full,soccerbox,1
dataset_1,full,12150,1
dataset_1,full,fc,1
dataset_1,full,rbrt_healey,1
dataset_1,full,guatemala,1
dataset_1,full,tamal,1
dataset_1,full,pache,1
dataset_1,full,ncorn,1
dataset_1,full,atol,1
dataset_1,full,nkak'ik,1
dataset_1,full,ntostadas,1
dataset_1,full,tortilla,1
dataset_1,full,nrellenitos,1
dataset_1,full,plantain,1
dataset_1,full,sinn,1
dataset_1,full,fein,1
dataset_1,full,proublems,1
dataset_1,full,devoice,1
dataset_1,full,upnorth,1
dataset_1,full,visten,1
dataset_1,full,diferance,1
dataset_1,full,sclorosis,1
dataset_1,full,sheaths,1
dataset_1,full,impulses,1
dataset_1,full,demyelinating,1
dataset_1,full,impingment,1
dataset_1,full,antigones,1
dataset_1,full,myhusbandhave,1
dataset_1,full,greencardheusemeiwant,1
dataset_1,full,tosendhimbackindia,1
dataset_1,full,iamcitizenmyhusbandhave,1
dataset_1,full,agreencard,1
dataset_1,full,heisnonicewithmecanisendhimbackindia,1
dataset_1,full,becausehehave,1
dataset_1,full,aonemorewifein,1
dataset_1,full,hearhedobothermeandmybaby,1
dataset_1,full,iwant,1
dataset_1,full,todeporthim,1
dataset_1,full,895,1
dataset_1,full,345,1
dataset_1,full,commital,1
dataset_1,full,wieght,1
dataset_1,full,starchy,1
dataset_1,full,avocados,1
dataset_1,full,safflower,1
dataset_1,full,cheeses,1
dataset_1,full,sectarian,1
dataset_1,full,eveything,1
dataset_1,full,provoke,1
dataset_1,full,integrative,1
dataset_1,full,gardner,1
dataset_1,full,gettig,1
dataset_1,full,hypers,1
dataset_1,full,sobering,1
dataset_1,full,dem's,1
dataset_1,full,bush',1
dataset_1,full,alec's,1
dataset_1,full,labourer,1
dataset_1,full,motabolism,1
dataset_1,full,113lb,1
dataset_1,full,calfs,1
dataset_1,full,nsrry,1
dataset_1,full,matures,1
dataset_1,full,doubles,1
dataset_1,full,licenced,1
dataset_1,full,spec,1
dataset_1,full,ac's,1
dataset_1,full,climates,1
dataset_1,full,inparticualrly,1
dataset_1,full,lokking,1
dataset_1,full,reinvestment,1
dataset_1,full,cysts,1
dataset_1,full,'tumors,1
dataset_1,full,survery,1
dataset_1,full,overies,1
dataset_1,full,overian,1
dataset_1,full,stein,1
dataset_1,full,leventhol,1
dataset_1,full,peeler,1
dataset_1,full,rumbler,1
dataset_1,full,chipper,1
dataset_1,full,campaning,1
dataset_1,full,stoled,1
dataset_1,full,unjustice,1
dataset_1,full,raza,1
dataset_1,full,detalied,1
dataset_1,full,starring,1
dataset_1,full,jeffrey,1
dataset_1,full,villans,1
dataset_1,full,jdm,1
dataset_1,full,petition's,1
dataset_1,full,signatures,1
dataset_1,full,petion,1
dataset_1,full,resevoirs,1
dataset_1,full,latins,1
dataset_1,full,inmigrated,1
dataset_1,full,ulwindowseek,1
dataset_1,full,ulwindowurl,1
dataset_1,full,casino,1
dataset_1,full,appications,1
dataset_1,full,popups,1
dataset_1,full,nscan,1
dataset_1,full,nxoftspy,1
dataset_1,full,nspybot,1
dataset_1,full,nanrtispyware,1
dataset_1,full,newido,1
dataset_1,full,parth,1
dataset_1,full,circulating,1
dataset_1,full,systole,1
dataset_1,full,systolic,1
dataset_1,full,diastolic,1
dataset_1,full,mediciene,1
dataset_1,full,barron,1
dataset_1,full,euphemism,1
dataset_1,full,circumventing,1
dataset_1,full,disciplinary,1
dataset_1,full,robotic's,1
dataset_1,full,smudge,1
dataset_1,full,intelligences,1
dataset_1,full,linguistic,1
dataset_1,full,nlogical,1
dataset_1,full,nspatial,1
dataset_1,full,nbodily,1
dataset_1,full,kinesthetic,1
dataset_1,full,nmusical,1
dataset_1,full,ninterpersonal,1
dataset_1,full,nintrapersonal,1
dataset_1,full,nnaturalist,1
dataset_1,full,baton,1
dataset_1,full,twirling,1
dataset_1,full,opinin,1
dataset_1,full,indiveduals,1
dataset_1,full,modertae,1
dataset_1,full,extrem,1
dataset_1,full,butter's,1
dataset_1,full,nbutter,1
dataset_1,full,'twas,1
dataset_1,full,warwickschool,1
dataset_1,full,geetha,1
dataset_1,full,uae,1
dataset_1,full,sangeetha,1
dataset_1,full,gopal,1
dataset_1,full,fujairah,1
dataset_1,full,sledering,1
dataset_1,full,sleder,1
dataset_1,full,nbubble,1
dataset_1,full,thrillingly,1
dataset_1,full,nsounding,1
dataset_1,full,nlala,1
dataset_1,full,gope,1
dataset_1,full,gappungam,1
dataset_1,full,vishal,1
dataset_1,full,jain,1
dataset_1,full,asparagus,1
dataset_1,full,nkacha,1
dataset_1,full,nsanjeev's,1
dataset_1,full,raju,1
dataset_1,full,cochin,1
dataset_1,full,biscuits,1
dataset_1,full,biscuit,1
dataset_1,full,nupper,1
dataset_1,full,damani,1
dataset_1,full,guwahati,1
dataset_1,full,npurple,1
dataset_1,full,walsh,1
dataset_1,full,sheik's,1
dataset_1,full,qasmi,1
dataset_1,full,qatar,1
dataset_1,full,nsix,1
dataset_1,full,seaward,1
dataset_1,full,kiran,1
dataset_1,full,grewal,1
dataset_1,full,nparesh,1
dataset_1,full,patel,1
dataset_1,full,pune,1
dataset_1,full,grape,1
dataset_1,full,sethna,1
dataset_1,full,hilla,1
dataset_1,full,slitted,1
dataset_1,full,ankita,1
dataset_1,full,doshi,1
dataset_1,full,butcher,1
dataset_1,full,nurturing,1
dataset_1,full,calves,1
dataset_1,full,nightly,1
dataset_1,full,glucosamine,1
dataset_1,full,msm,1
dataset_1,full,graves,1
dataset_1,full,hyperactive,1
dataset_1,full,ashe,1
dataset_1,full,carroll,1
dataset_1,full,unbecoming,1
dataset_1,full,aggrevate,1
dataset_1,full,cynthia,1
dataset_1,full,paternal,1
dataset_1,full,petitioned,1
dataset_1,full,nthoreau,1
dataset_1,full,contracted,1
dataset_1,full,tuberculosis,1
dataset_1,full,1835,1
dataset_1,full,1859,1
dataset_1,full,excursion,1
dataset_1,full,stumps,1
dataset_1,full,remission,1
dataset_1,full,bedridden,1
dataset_1,full,nav,1
dataset_1,full,nclosed,1
dataset_1,full,rhythum,1
dataset_1,full,nexplorer,1
dataset_1,full,nthesaurus,1
dataset_1,full,thesaurus,1
dataset_1,full,denny,1
dataset_1,full,cired,1
dataset_1,full,definetely,1
dataset_1,full,karev,1
dataset_1,full,differecne,1
dataset_1,full,complicate,1
dataset_1,full,nclean,1
dataset_1,full,unversity,1
dataset_1,full,ulysses,1
dataset_1,full,wikpedia,1
dataset_1,full,phonetic,1
dataset_1,full,alaphbet,1
dataset_1,full,stean,1
dataset_1,full,foxtrot,1
dataset_1,full,'lost',1
dataset_1,full,cliffhangers,1
dataset_1,full,anoying,1
dataset_1,full,enraging,1
dataset_1,full,inconsequential,1
dataset_1,full,100000x10,1
dataset_1,full,lacs,1
dataset_1,full,ammends,1
dataset_1,full,ifs,1
dataset_1,full,onlys,1
dataset_1,full,heartbeat,1
dataset_1,full,anyopne,1
dataset_1,full,acsent,1
dataset_1,full,vocub,1
dataset_1,full,elocution,1
dataset_1,full,wabe,1
dataset_1,full,ssc,1
dataset_1,full,spelt,1
dataset_1,full,ngraham,1
dataset_1,full,crass,1
dataset_1,full,'snobby',1
dataset_1,full,'retarded',1
dataset_1,full,superiority,1
dataset_1,full,shotguns,1
dataset_1,full,buckshots,1
dataset_1,full,hk's,1
dataset_1,full,ump,1
dataset_1,full,calibur,1
dataset_1,full,smg,1
dataset_1,full,forged,1
dataset_1,full,assimilation,1
dataset_1,full,widly,1
dataset_1,full,nwhenever,1
dataset_1,full,consumerism,1
dataset_1,full,lising,1
dataset_1,full,nature',1
dataset_1,full,adjective,1
dataset_1,full,paradoxical,1
dataset_1,full,consequently,1
dataset_1,full,comparatively,1
dataset_1,full,x2,1
dataset_1,full,21x,1
dataset_1,full,108,1
dataset_1,full,n2x2,1
dataset_1,full,n3x2,1
dataset_1,full,18x,1
dataset_1,full,calores,1
dataset_1,full,146,1
dataset_1,full,nline93,1
dataset_1,full,rectangles,1
dataset_1,full,sketched,1
dataset_1,full,5unit,1
dataset_1,full,pythagoras,1
dataset_1,full,13units,1
dataset_1,full,complected,1
dataset_1,full,escaped,1
dataset_1,full,canadians,1
dataset_1,full,bollywoood,1
dataset_1,full,seriosuly,1
dataset_1,full,celebrities',1
dataset_1,full,athletes',1
dataset_1,full,singers',1
dataset_1,full,rhetorical,1
dataset_1,full,atlethes,1
dataset_1,full,linkedin,1
dataset_1,full,kidd,1
dataset_1,full,'this,1
dataset_1,full,biology',1
dataset_1,full,'what,1
dataset_1,full,'about',1
dataset_1,full,hypothetic,1
dataset_1,full,preocupada,1
dataset_1,full,hijo,1
dataset_1,full,argentinian,1
dataset_1,full,tolkien,1
dataset_1,full,trat,1
dataset_1,full,mal,1
dataset_1,full,mistreated,1
dataset_1,full,adverb,1
dataset_1,full,nel,1
dataset_1,full,explicar,1
dataset_1,full,esos,1
dataset_1,full,menos,1
dataset_1,full,cathy,1
dataset_1,full,recollect,1
dataset_1,full,s'pore,1
dataset_1,full,jen,1
dataset_1,full,stuk,1
dataset_1,full,dumps,1
dataset_1,full,unkind,1
dataset_1,full,dq,1
dataset_1,full,nerdy,1
dataset_1,full,malls,1
dataset_1,full,brigade,1
dataset_1,full,'human,1
dataset_1,full,right',1
dataset_1,full,manhood,1
dataset_1,full,sandpaper,1
dataset_1,full,darwin,1
dataset_1,full,recanted,1
dataset_1,full,snopes,1
dataset_1,full,whiz,1
dataset_1,full,darwin's,1
dataset_1,full,bricklayers,1
dataset_1,full,bricks,1
dataset_1,full,plumbs,1
dataset_1,full,midrib,1
dataset_1,full,ferns,1
dataset_1,full,regurgitating,1
dataset_1,full,sitter,1
dataset_1,full,wip,1
dataset_1,full,ejaculating,1
dataset_1,full,crumbles,1
dataset_1,full,fasterst,1
dataset_1,full,100m,1
dataset_1,full,atleasttt,1
dataset_1,full,tergat,1
dataset_1,full,salk's,1
dataset_1,full,acess,1
dataset_1,full,redaction,1
dataset_1,full,d'une,1
dataset_1,full,lettre,1
dataset_1,full,sponsoris,1
dataset_1,full,projet,1
dataset_1,full,sportif,1
dataset_1,full,niveau,1
dataset_1,full,namateur,1
dataset_1,full,nta,1
dataset_1,full,interet,1
dataset_1,full,etre,1
dataset_1,full,moins,1
dataset_1,full,sinon,1
dataset_1,full,arf,1
dataset_1,full,ancien,1
dataset_1,full,whirligig,1
dataset_1,full,backslide,1
dataset_1,full,annointing,1
dataset_1,full,earlest,1
dataset_1,full,nmonkeys,1
dataset_1,full,bonobos,1
dataset_1,full,gibbons,1
dataset_1,full,orangutangs,1
dataset_1,full,bitk,1
dataset_1,full,conceptual,1
dataset_1,full,muchhh,1
dataset_1,full,hovers,1
dataset_1,full,soften,1
dataset_1,full,defying,1
dataset_1,full,recoils,1
dataset_1,full,navies,1
dataset_1,full,entangled,1
dataset_1,full,inseparable,1
dataset_1,full,whlie,1
dataset_1,full,macroscopic,1
dataset_1,full,conserved,1
dataset_1,full,phyiscs,1
dataset_1,full,inflates,1
dataset_1,full,sqaure,1
dataset_1,full,deceleration,1
dataset_1,full,musculature,1
dataset_1,full,fron,1
dataset_1,full,nothingness,1
dataset_1,full,alexandrian,1
dataset_1,full,britain's,1
dataset_1,full,barracks,1
dataset_1,full,hmp,1
dataset_1,full,refurbished,1
dataset_1,full,alsopains,1
dataset_1,full,heaviness,1
dataset_1,full,colestrol,1
dataset_1,full,billiard,1
dataset_1,full,ncue,1
dataset_1,full,tapering,1
dataset_1,full,tipped,1
dataset_1,full,dinners,1
dataset_1,full,moslem,1
dataset_1,full,vl,1
dataset_1,full,knoleged,1
dataset_1,full,preparaton,1
dataset_1,full,essp,1
dataset_1,full,industrialisation,1
dataset_1,full,handcraft,1
dataset_1,full,phisical,1
dataset_1,full,nowdays,1
dataset_1,full,reseal,1
dataset_1,full,capri,1
dataset_1,full,lexus,1
dataset_1,full,campatability,1
dataset_1,full,ndigital,1
dataset_1,full,panther,1
dataset_1,full,dolphin,1
dataset_1,full,thik,1
dataset_1,full,bether,1
dataset_1,full,cominications,1
dataset_1,full,rol,1
dataset_1,full,naples,1
dataset_1,full,pale's,1
dataset_1,full,pele's,1
dataset_1,full,castrated,1
dataset_1,full,nomo,1
dataset_1,full,snippy,1
dataset_1,full,nnewt,1
dataset_1,full,erd,1
dataset_1,full,ncousin,1
dataset_1,full,rachel,1
dataset_1,full,hottie,1
dataset_1,full,saute,1
dataset_1,full,oooohhhhhhhhhh,1
dataset_1,full,nmissed,1
dataset_1,full,brainiac,1
dataset_1,full,series',1
dataset_1,full,smiths,1
dataset_1,full,degrassi,1
dataset_1,full,showtime,1
dataset_1,full,brunette,1
dataset_1,full,blonde's,1
dataset_1,full,charachter's,1
dataset_1,full,worrisome,1
dataset_1,full,narsistik,1
dataset_1,full,photographer,1
dataset_1,full,lenticular,1
dataset_1,full,trammell,1
dataset_1,full,gwynn,1
dataset_1,full,yastrzemski,1
dataset_1,full,ripken,1
dataset_1,full,orioles,1
dataset_1,full,spahn,1
dataset_1,full,stargell,1
dataset_1,full,yount,1
dataset_1,full,brewers,1
dataset_1,full,musial,1
dataset_1,full,feller,1
dataset_1,full,multple,1
dataset_1,full,thate,1
dataset_1,full,aspect's,1
dataset_1,full,nfamily,1
dataset_1,full,rabbit's,1
dataset_1,full,lookin',1
dataset_1,full,mbas,1
dataset_1,full,hangnails,1
dataset_1,full,angolas,1
dataset_1,full,t's,1
dataset_1,full,carding,1
dataset_1,full,nmeanwhile,1
dataset_1,full,yorke,1
dataset_1,full,ahem,1
dataset_1,full,trini,1
dataset_1,full,empting,1
dataset_1,full,fixadent,1
dataset_1,full,argentinians,1
dataset_1,full,wussy,1
dataset_1,full,prattle,1
dataset_1,full,yoy,1
dataset_1,full,neutralisation,1
dataset_1,full,sulphur,1
dataset_1,full,bolus,1
dataset_1,full,cannula,1
dataset_1,full,'busy',1
dataset_1,full,sooooooooooooo,1
dataset_1,full,a1c's,1
dataset_1,full,neuropathy,1
dataset_1,full,sooooooooooooooooooooooo,1
dataset_1,full,'grazing',1
dataset_1,full,rationalizing,1
dataset_1,full,solidworks,1
dataset_1,full,mould,1
dataset_1,full,cooks,1
dataset_1,full,lethargic,1
dataset_1,full,5pm,1
dataset_1,full,1am,1
dataset_1,full,3am,1
dataset_1,full,schoolwork,1
dataset_1,full,gauranteed,1
dataset_1,full,15',1
dataset_1,full,vending,1
dataset_1,full,evertyone,1
dataset_1,full,'clean',1
dataset_1,full,'relaxed,1
dataset_1,full,cleaning',1
dataset_1,full,utensils,1
dataset_1,full,outings,1
dataset_1,full,fuctions,1
dataset_1,full,alfala,1
dataset_1,full,calender,1
dataset_1,full,comiong,1
dataset_1,full,nympho,1
dataset_1,full,heroine,1
dataset_1,full,fentanol,1
dataset_1,full,highs,1
dataset_1,full,conquer,1
dataset_1,full,addictions,1
dataset_1,full,nplayer,1
dataset_1,full,nclub,1
dataset_1,full,gee,1
dataset_1,full,sheva,1
dataset_1,full,cannavaro,1
dataset_1,full,fabregas,1
dataset_1,full,escapes,1
dataset_1,full,fortunate,1
dataset_1,full,snoqualmie,1
dataset_1,full,nwhistler,1
dataset_1,full,blackcomb,1
dataset_1,full,owes,1
dataset_1,full,ocp,1
dataset_1,full,bkrcy,1
dataset_1,full,17mos,1
dataset_1,full,acct,1
dataset_1,full,andall,1
dataset_1,full,nlife,1
dataset_1,full,rangdebasanti,1
dataset_1,full,cooltoad,1
dataset_1,full,nmovie,1
dataset_1,full,desitorrents,1
dataset_1,full,collapsed,1
dataset_1,full,embarressed,1
dataset_1,full,safeway,1
dataset_1,full,menstruate,1
dataset_1,full,mensturation,1
dataset_1,full,ovum,1
dataset_1,full,developig,1
dataset_1,full,mortar,1
dataset_1,full,submersion,1
dataset_1,full,ovver,1
dataset_1,full,'teach',1
dataset_1,full,unqualified,1
dataset_1,full,efl,1
dataset_1,full,fairmont,1
dataset_1,full,leandro,1
dataset_1,full,ortada,1
dataset_1,full,freckle,1
dataset_1,full,hypocritical,1
dataset_1,full,rove,1
dataset_1,full,viagra,1
dataset_1,full,ndamn,1
dataset_1,full,nbu,1
dataset_1,full,bradley,1
dataset_1,full,7'6,1
dataset_1,full,amare,1
dataset_1,full,artest,1
dataset_1,full,rebounder,1
dataset_1,full,andrei,1
dataset_1,full,kirelinko,1
dataset_1,full,6'9,1
dataset_1,full,rebounds,1
dataset_1,full,handler,1
dataset_1,full,athleticism,1
dataset_1,full,lesabian,1
dataset_1,full,ameicans,1
dataset_1,full,lesabians,1
dataset_1,full,essencial,1
dataset_1,full,adkins,1
dataset_1,full,honkytonk,1
dataset_1,full,badonkadonk,1
dataset_1,full,nominations,1
dataset_1,full,kisser,1
dataset_1,full,i_want_g_mail,1
dataset_1,full,mucker,1
dataset_1,full,email's,1
dataset_1,full,pod,1
dataset_1,full,podcasting,1
dataset_1,full,podcasts,1
dataset_1,full,formats,1
dataset_1,full,podcaster,1
dataset_1,full,npodcasters',1
dataset_1,full,npodcasting's,1
dataset_1,full,lampoons,1
dataset_1,full,unforgettable,1
dataset_1,full,commonlaw,1
dataset_1,full,injunctions,1
dataset_1,full,merged,1
dataset_1,full,categorising,1
dataset_1,full,prioritising,1
dataset_1,full,amendment's,1
dataset_1,full,sitemap,1
dataset_1,full,dmoz,1
dataset_1,full,zeal,1
dataset_1,full,searchable,1
dataset_1,full,maijkowski's,1
dataset_1,full,dilwegs,1
dataset_1,full,fanmail,1
dataset_1,full,moview,1
dataset_1,full,vongo,1
dataset_1,full,competitiveness,1
dataset_1,full,malasia,1
dataset_1,full,definely,1
dataset_1,full,majorly,1
dataset_1,full,'reverse,1
dataset_1,full,disrimination,1
dataset_1,full,abviously,1
dataset_1,full,nagin,1
dataset_1,full,bengamin,1
dataset_1,full,finley,1
dataset_1,full,inexact,1
dataset_1,full,example's,1
dataset_1,full,wigits,1
dataset_1,full,aution,1
dataset_1,full,ajust,1
dataset_1,full,sniped,1
dataset_1,full,namo,1
dataset_1,full,n2nd,1
dataset_1,full,communitiy,1
dataset_1,full,drummers,1
dataset_1,full,yeehaw,1
dataset_1,full,pounding,1
dataset_1,full,frikkin,1
dataset_1,full,percussion,1
dataset_1,full,briefs,1
dataset_1,full,acquiring,1
dataset_1,full,instinctive,1
dataset_1,full,instinctively,1
dataset_1,full,ough,1
dataset_1,full,recongize,1
dataset_1,full,diagnostician,1
dataset_1,full,insticutal,1
dataset_1,full,singled,1
dataset_1,full,employeed,1
dataset_1,full,employeement,1
dataset_1,full,brutlily,1
dataset_1,full,quiting,1
dataset_1,full,notorious,1
dataset_1,full,hirings,1
dataset_1,full,attorny,1
dataset_1,full,harasment,1
dataset_1,full,enviornment,1
dataset_1,full,absenteeism,1
dataset_1,full,inputs,1
dataset_1,full,babelfish,1
dataset_1,full,reader's,1
dataset_1,full,mel,1
dataset_1,full,gibson,1
dataset_1,full,sin's,1
dataset_1,full,motif's,1
dataset_1,full,porsche,1
dataset_1,full,encrusted,1
dataset_1,full,rolex,1
dataset_1,full,infortion,1
dataset_1,full,incubation,1
dataset_1,full,contageous,1
dataset_1,full,prd,1
dataset_1,full,rubella,1
dataset_1,full,nroute,1
dataset_1,full,nasopharyngeal,1
dataset_1,full,secretions,1
dataset_1,full,nincubation,1
dataset_1,full,ncommunicable,1
dataset_1,full,communicable,1
dataset_1,full,flashlight,1
dataset_1,full,nokia,1
dataset_1,full,nhtpp,1
dataset_1,full,witholding,1
dataset_1,full,flubbing,1
dataset_1,full,misconduct,1
dataset_1,full,itchier,1
dataset_1,full,hsv2,1
dataset_1,full,blisters,1
dataset_1,full,nprimary,1
dataset_1,full,eczema,1
dataset_1,full,infidels,1
dataset_1,full,crucifiction,1
dataset_1,full,muhammed,1
dataset_1,full,blakely,1
dataset_1,full,maris,1
dataset_1,full,steriod,1
dataset_1,full,flitwick,1
dataset_1,full,wicket,1
dataset_1,full,ewok,1
dataset_1,full,jedi,1
dataset_1,full,disgruntled,1
dataset_1,full,disenfranchised,1
dataset_1,full,schwinn,1
dataset_1,full,480mbps,1
dataset_1,full,10mbps,1
dataset_1,full,10000mbps,1
dataset_1,full,1000mbps,1
dataset_1,full,nheight,1
dataset_1,full,nint'l,1
dataset_1,full,int'l,1
dataset_1,full,cinncinnatti's,1
dataset_1,full,nextracurricular,1
dataset_1,full,ngpa,1
dataset_1,full,uc,1
dataset_1,full,librarian,1
dataset_1,full,periodical,1
dataset_1,full,granddaughters,1
dataset_1,full,corresponde,1
dataset_1,full,gridwork,1
dataset_1,full,boiler,1
dataset_1,full,heats,1
dataset_1,full,pumped,1
dataset_1,full,piping,1
dataset_1,full,thawed,1
dataset_1,full,jesi,1
dataset_1,full,slender,1
dataset_1,full,curvy,1
dataset_1,full,blotches,1
dataset_1,full,cheecks,1
dataset_1,full,roseacea,1
dataset_1,full,hastings,1
dataset_1,full,meioun,1
dataset_1,full,chromosome,1
dataset_1,full,nmeiosis,1
dataset_1,full,bdelloid,1
dataset_1,full,rotifers,1
dataset_1,full,parthenogenesis,1
dataset_1,full,asexual,1
dataset_1,full,segments,1
dataset_1,full,gametes,1
dataset_1,full,reciprocal,1
dataset_1,full,genomes,1
dataset_1,full,nbiochemically,1
dataset_1,full,redistribution,1
dataset_1,full,pairing,1
dataset_1,full,homologous,1
dataset_1,full,duplicated,1
dataset_1,full,nmitosis,1
dataset_1,full,interchangeably,1
dataset_1,full,slime,1
dataset_1,full,moulds,1
dataset_1,full,ntranscription,1
dataset_1,full,epigenetic,1
dataset_1,full,bookmarking,1
dataset_1,full,umpire's,1
dataset_1,full,exerts,1
dataset_1,full,joule,1
dataset_1,full,tumescence,1
dataset_1,full,fertlilty,1
dataset_1,full,undetectable,1
dataset_1,full,ncrashing,1
dataset_1,full,accelerations,1
dataset_1,full,deplete,1
dataset_1,full,turket,1
dataset_1,full,drank,1
dataset_1,full,curriculars,1
dataset_1,full,eldgible,1
dataset_1,full,cuauhtemoc,1
dataset_1,full,cuauhtemocs,1
dataset_1,full,narriba,1
dataset_1,full,applaud,1
dataset_1,full,mexico's,1
dataset_1,full,tails,1
dataset_1,full,pant,1
dataset_1,full,midol,1
dataset_1,full,pleezzz,1
dataset_1,full,alirght,1
dataset_1,full,gf's,1
dataset_1,full,dotn,1
dataset_1,full,somethng,1
dataset_1,full,'ice,1
dataset_1,full,free',1
dataset_1,full,frost,1
dataset_1,full,'freezer,1
dataset_1,full,burn',1
dataset_1,full,aching,1
dataset_1,full,analgesia,1
dataset_1,full,numbness,1
dataset_1,full,diformation,1
dataset_1,full,petitions,1
dataset_1,full,lapse,1
dataset_1,full,nyears,1
dataset_1,full,arleneaca,1
dataset_1,full,perhape,1
dataset_1,full,bonecrusher's,1
dataset_1,full,crushing,1
dataset_1,full,gfriend,1
dataset_1,full,furneral,1
dataset_1,full,orignate,1
dataset_1,full,eccl,1
dataset_1,full,loosed,1
dataset_1,full,fountain,1
dataset_1,full,cistern,1
dataset_1,full,exa,1
dataset_1,full,dateing,1
dataset_1,full,notheing,1
dataset_1,full,trails,1
dataset_1,full,6kg,1
dataset_1,full,7kg,1
dataset_1,full,40kg,1
dataset_1,full,weightloss,1
dataset_1,full,sensibly,1
dataset_1,full,aerobically,1
dataset_1,full,29yrs,1
dataset_1,full,serotonin's,1
dataset_1,full,techie,1
dataset_1,full,heyy,1
dataset_1,full,enuf,1
dataset_1,full,ndell,1
dataset_1,full,nhp,1
dataset_1,full,u've,1
dataset_1,full,n_________________________,1
dataset_1,full,u'rs,1
dataset_1,full,667,1
dataset_1,full,t7200,1
dataset_1,full,'touch,1
dataset_1,full,launch',1
dataset_1,full,touchpad,1
dataset_1,full,ummmm,1
dataset_1,full,indifferrence,1
dataset_1,full,sabillaty,1
dataset_1,full,bareley,1
dataset_1,full,afterthought,1
dataset_1,full,inpakistan,1
dataset_1,full,marrshaeff,1
dataset_1,full,seymor,1
dataset_1,full,flippimgly,1
dataset_1,full,iasaid,1
dataset_1,full,repoter,1
dataset_1,full,patho,1
dataset_1,full,ops,1
dataset_1,full,bla,1
dataset_1,full,sileint,1
dataset_1,full,deliever,1
dataset_1,full,raq,1
dataset_1,full,sudan's,1
dataset_1,full,bashir,1
dataset_1,full,libya's,1
dataset_1,full,qaddafi,1
dataset_1,full,egypt's,1
dataset_1,full,mubarak,1
dataset_1,full,syria's,1
dataset_1,full,assad,1
dataset_1,full,jailing,1
dataset_1,full,sheiks,1
dataset_1,full,oppressing,1
dataset_1,full,sunnies,1
dataset_1,full,tiklish,1
dataset_1,full,tickles,1
dataset_1,full,tickling,1
dataset_1,full,nwills,1
dataset_1,full,propblems,1
dataset_1,full,tahnkm,1
dataset_1,full,swanson,1
dataset_1,full,eleanor,1
dataset_1,full,boardman,1
dataset_1,full,mommmie,1
dataset_1,full,clara,1
dataset_1,full,greta,1
dataset_1,full,garbo,1
dataset_1,full,theda,1
dataset_1,full,bara,1
dataset_1,full,wallet,1
dataset_1,full,louise,1
dataset_1,full,brooks,1
dataset_1,full,geforce4,1
dataset_1,full,4200,1
dataset_1,full,fryz,1
dataset_1,full,128mb,1
dataset_1,full,nnvidia,1
dataset_1,full,6600,1
dataset_1,full,ati's,1
dataset_1,full,9800,1
dataset_1,full,wost,1
dataset_1,full,1860,1
dataset_1,full,abolished,1
dataset_1,full,prefetch,1
dataset_1,full,haircolor,1
dataset_1,full,manunos,1
dataset_1,full,necky,1
dataset_1,full,nbasketball,1
dataset_1,full,njay,1
dataset_1,full,nprince,1
dataset_1,full,nbeyonce,1
dataset_1,full,ashanti,1
dataset_1,full,ndestiny's,1
dataset_1,full,noprah,1
dataset_1,full,ntyra,1
dataset_1,full,naomi,1
dataset_1,full,nflip,1
dataset_1,full,heels,1
dataset_1,full,ngold,1
dataset_1,full,naction,1
dataset_1,full,nelton,1
dataset_1,full,reputaion,1
dataset_1,full,saack,1
dataset_1,full,englands,1
dataset_1,full,nmartin,1
dataset_1,full,intellegents,1
dataset_1,full,tactically,1
dataset_1,full,slagged,1
dataset_1,full,robson,1
dataset_1,full,whisker,1
dataset_1,full,turnip,1
dataset_1,full,swede,1
dataset_1,full,eyepatch,1
dataset_1,full,pointer,1
dataset_1,full,penises,1
dataset_1,full,pees,1
dataset_1,full,brushes,1
dataset_1,full,mommy's,1
dataset_1,full,funnest,1
dataset_1,full,nbyeeeeeeeeeeeeeee,1
dataset_1,full,traumas,1
dataset_1,full,hofstra,1
dataset_1,full,frances,1
dataset_1,full,coppola,1
dataset_1,full,madeline,1
dataset_1,full,coleman,1
dataset_1,full,spitz,1
dataset_1,full,kadam',1
dataset_1,full,sonu,1
dataset_1,full,nigam,1
dataset_1,full,fomous,1
dataset_1,full,ponis,1
dataset_1,full,flashier,1
dataset_1,full,frickin',1
dataset_1,full,endzone,1
dataset_1,full,torry,1
dataset_1,full,hutson,1
dataset_1,full,'40s,1
dataset_1,full,procede,1
dataset_1,full,elroy,1
dataset_1,full,crazylegs,1
dataset_1,full,hirsch,1
dataset_1,full,harlon,1
dataset_1,full,swann,1
dataset_1,full,bilentnikoff,1
dataset_1,full,nharrison,1
dataset_1,full,classiest,1
dataset_1,full,'twill,1
dataset_1,full,tds,1
dataset_1,full,snafu,1
dataset_1,full,003,1
dataset_1,full,045,1
dataset_1,full,giveth,1
dataset_1,full,tidings,1
dataset_1,full,059,1
dataset_1,full,similitude,1
dataset_1,full,n033,1
dataset_1,full,007,1
dataset_1,full,253,1
dataset_1,full,marium,1
dataset_1,full,strengthened,1
dataset_1,full,nmuhammad,1
dataset_1,full,004,1
dataset_1,full,assurance,1
dataset_1,full,waver,1
dataset_1,full,n010,1
dataset_1,full,idly,1
dataset_1,full,grieves,1
dataset_1,full,perish,1
dataset_1,full,ardently,1
dataset_1,full,merciful,1
dataset_1,full,n016,1
dataset_1,full,039,1
dataset_1,full,rejecters,1
dataset_1,full,falseho,1
dataset_1,full,whell,1
dataset_1,full,embarresed,1
dataset_1,full,monies,1
dataset_1,full,springfield,1
dataset_1,full,aeo,1
dataset_1,full,program's,1
dataset_1,full,cfda,1
dataset_1,full,nonprofit,1
dataset_1,full,recourse,1
dataset_1,full,counselors,1
dataset_1,full,trainings,1
dataset_1,full,npowerhomebiz,1
dataset_1,full,000737,1
dataset_1,full,identificates,1
dataset_1,full,numebr,1
dataset_1,full,shouldn,1
dataset_1,full,em',1
dataset_1,full,12months,1
dataset_1,full,hound,1
dataset_1,full,5mv,1
dataset_1,full,negligence,1
dataset_1,full,classism,1
dataset_1,full,classist,1
dataset_1,full,camel,1
dataset_1,full,oligarchy,1
dataset_1,full,fascism,1
dataset_1,full,exemptions,1
dataset_1,full,nsecret,1
dataset_1,full,consience,1
dataset_1,full,impart,1
dataset_1,full,chattel,1
dataset_1,full,martar,1
dataset_1,full,empirialists,1
dataset_1,full,otehr,1
dataset_1,full,bargained,1
dataset_1,full,pawns,1
dataset_1,full,unmasked,1
dataset_1,full,privatization,1
dataset_1,full,unfunctional,1
dataset_1,full,avaiable,1
dataset_1,full,spermicidal,1
dataset_1,full,hoildays,1
dataset_1,full,spermicide,1
dataset_1,full,citizen's,1
dataset_1,full,nalternatively,1
dataset_1,full,nmsn,1
dataset_1,full,nmozilla,1
dataset_1,full,nnetscape,1
dataset_1,full,navigator,1
dataset_1,full,navigator's,1
dataset_1,full,passbook,1
dataset_1,full,despoit,1
dataset_1,full,mma's,1
dataset_1,full,'desperate,1
dataset_1,full,her',1
dataset_1,full,___________,1
dataset_1,full,schooll,1
dataset_1,full,'out,1
dataset_1,full,box',1
dataset_1,full,workstations,1
dataset_1,full,installs,1
dataset_1,full,ngoto,1
dataset_1,full,someonewhocares,1
dataset_1,full,mega,1
dataset_1,full,woohoo,1
dataset_1,full,nowtime,1
dataset_1,full,lonher,1
dataset_1,full,nmove,1
dataset_1,full,ngry,1
dataset_1,full,circulates,1
dataset_1,full,olde,1
dataset_1,full,'meagry',1
dataset_1,full,'meagre,1
dataset_1,full,looking',1
dataset_1,full,'language',1
dataset_1,full,language',1
dataset_1,full,'agree',1
dataset_1,full,dubious,1
dataset_1,full,tiled,1
dataset_1,full,npaste,1
dataset_1,full,associative,1
dataset_1,full,commutative,1
dataset_1,full,yadier,1
dataset_1,full,molina,1
dataset_1,full,yadi,1
dataset_1,full,meadowlands,1
dataset_1,full,nendless,1
dataset_1,full,blanks,1
dataset_1,full,skate911,1
dataset_1,full,sneak,1
dataset_1,full,faction,1
dataset_1,full,retalitate,1
dataset_1,full,chlamedia,1
dataset_1,full,100mg,1
dataset_1,full,apparantly,1
dataset_1,full,tilt,1
dataset_1,full,inbetween,1
dataset_1,full,infuriated,1
dataset_1,full,bennish's,1
dataset_1,full,reinstated,1
dataset_1,full,admitting,1
dataset_1,full,malkin's,1
dataset_1,full,student's,1
dataset_1,full,extermination,1
dataset_1,full,undesireables,1
dataset_1,full,fool's,1
dataset_1,full,bettter,1
dataset_1,full,thikn,1
dataset_1,full,referrs,1
dataset_1,full,computur,1
dataset_1,full,remeron,1
dataset_1,full,aides,1
dataset_1,full,hydroge,1
dataset_1,full,somthng,1
dataset_1,full,dioxode,1
dataset_1,full,hno3,1
dataset_1,full,o2,1
dataset_1,full,nhno3,1
dataset_1,full,oxidized,1
dataset_1,full,hcl,1
dataset_1,full,sulphric,1
dataset_1,full,concussion,1
dataset_1,full,ndoctors,1
dataset_1,full,wheeler,1
dataset_1,full,mysql_connect,1
dataset_1,full,'mysql_host',1
dataset_1,full,'mysql_user',1
dataset_1,full,'mysql_password',1
dataset_1,full,'connected,1
dataset_1,full,successfully',1
dataset_1,full,nmysql_select_db,1
dataset_1,full,'my_database',1
dataset_1,full,database',1
dataset_1,full,'select,1
dataset_1,full,my_table',1
dataset_1,full,mysql_query,1
dataset_1,full,'query,1
dataset_1,full,foreach,1
dataset_1,full,resultset,1
dataset_1,full,nmysql_free_result,1
dataset_1,full,nmysql_close,1
dataset_1,full,associtive,1
dataset_1,full,nvar,1
dataset_1,full,pear,1
dataset_1,full,adodb,1
dataset_1,full,pdo,1
dataset_1,full,waiteress,1
dataset_1,full,unprofessional,1
dataset_1,full,interrupting,1
dataset_1,full,ventured,1
dataset_1,full,primer,1
dataset_1,full,admiral,1
dataset_1,full,dud,1
dataset_1,full,landon,1
dataset_1,full,landon's,1
dataset_1,full,pansy,1
dataset_1,full,weasly,1
dataset_1,full,rupert,1
dataset_1,full,grint,1
dataset_1,full,uzbekistan,1
dataset_1,full,fined,1
dataset_1,full,fellowships,1
dataset_1,full,508,1
dataset_1,full,doctoral,1
dataset_1,full,nosi,1
dataset_1,full,fco,1
dataset_1,full,chevening,1
dataset_1,full,slavonic,1
dataset_1,full,nevening,1
dataset_1,full,lauren,1
dataset_1,full,cringeworthy,1
dataset_1,full,bint,1
dataset_1,full,dec's,1
dataset_1,full,phina,1
dataset_1,full,faux,1
dataset_1,full,intentionally,1
dataset_1,full,mistreat,1
dataset_1,full,wrong',1
dataset_1,full,mannered,1
dataset_1,full,nrunner,1
dataset_1,full,n3rd,1
dataset_1,full,n4th,1
dataset_1,full,kwang,1
dataset_1,full,apetite,1
dataset_1,full,hots,1
dataset_1,full,exorcism,1
dataset_1,full,carineo,1
dataset_1,full,angrily,1
dataset_1,full,payraise,1
dataset_1,full,qld,1
dataset_1,full,thng,1
dataset_1,full,trooper,1
dataset_1,full,skytype,1
dataset_1,full,ciera,1
dataset_1,full,nguyen,1
dataset_1,full,amicable,1
dataset_1,full,wow's,1
dataset_1,full,publicist,1
dataset_1,full,nbow,1
dataset_1,full,shad,1
dataset_1,full,christened,1
dataset_1,full,duet,1
dataset_1,full,nciara,1
dataset_1,full,dubbed,1
dataset_1,full,goodies,1
dataset_1,full,celebs,1
dataset_1,full,bootylicious,1
dataset_1,full,bums,1
dataset_1,full,trhey,1
dataset_1,full,yhink,1
dataset_1,full,selves,1
dataset_1,full,presciption,1
dataset_1,full,petri,1
dataset_1,full,permethrin,1
dataset_1,full,bischoff,1
dataset_1,full,statistically,1
dataset_1,full,quo,1
dataset_1,full,kinky,1
dataset_1,full,friedman,1
dataset_1,full,var,1
dataset_1,full,'servlet1',1
dataset_1,full,'servlet2',1
dataset_1,full,servlet1,1
dataset_1,full,servlet2,1
dataset_1,full,xml,1
dataset_1,full,placebo,1
dataset_1,full,788,1
dataset_1,full,0078,1
dataset_1,full,welland,1
dataset_1,full,grieve,1
dataset_1,full,overtake,1
dataset_1,full,soaring,1
dataset_1,full,alchol,1
dataset_1,full,tremendos,1
dataset_1,full,vicatin,1
dataset_1,full,fianlly,1
dataset_1,full,hollering,1
dataset_1,full,yoyo,1
dataset_1,full,reccommend,1
dataset_1,full,illness's,1
dataset_1,full,respitory,1
dataset_1,full,ddd,1
dataset_1,full,iisapi,1
dataset_1,full,module,1
dataset_1,full,ngoog,1
dataset_1,full,dresss,1
dataset_1,full,fiend,1
dataset_1,full,brightest,1
dataset_1,full,zurich,1
dataset_1,full,nadditonal,1
dataset_1,full,yous,1
dataset_1,full,opinino,1
dataset_1,full,declining,1
dataset_1,full,stewards,1
dataset_1,full,gamut,1
dataset_1,full,frauds,1
dataset_1,full,limitless,1
dataset_1,full,executives,1
dataset_1,full,impoverished,1
dataset_1,full,mainstay,1
dataset_1,full,ills,1
dataset_1,full,allowable,1
dataset_1,full,binghamton,1
dataset_1,full,prostate,1
dataset_1,full,aas,1
dataset_1,full,prolongs,1
dataset_1,full,assistantships,1
dataset_1,full,mcknight,1
dataset_1,full,submited,1
dataset_1,full,linking,1
dataset_1,full,wart,1
dataset_1,full,ciao,1
dataset_1,full,capitilizing,1
dataset_1,full,thinkt,1
dataset_1,full,barack,1
dataset_1,full,obama,1
dataset_1,full,fro,1
dataset_1,full,intersting,1
dataset_1,full,focill,1
dataset_1,full,fule,1
dataset_1,full,protectorate,1
dataset_1,full,protectorates,1
dataset_1,full,stallone,1
dataset_1,full,squirt,1
dataset_1,full,sposed,1
dataset_1,full,soaping,1
dataset_1,full,dik,1
dataset_1,full,tendacies,1
dataset_1,full,b0ner,1
dataset_1,full,controllable,1
dataset_1,full,abie,1
dataset_1,full,rference,1
dataset_1,full,procreate,1
dataset_1,full,thioer,1
dataset_1,full,mensturating,1
dataset_1,full,nalls,1
dataset_1,full,aaaaaaaaaarrrrrrrrrrghhhhhh,1
dataset_1,full,pesci,1
dataset_1,full,dextroscoliosos,1
dataset_1,full,assorted,1
dataset_1,full,c5,1
dataset_1,full,traction,1
dataset_1,full,sinus's,1
dataset_1,full,menards,1
dataset_1,full,sever,1
dataset_1,full,caffeen,1
dataset_1,full,withdrawl,1
dataset_1,full,occipital,1
dataset_1,full,numbpisces,1
dataset_1,full,ninvestopedia,1
dataset_1,full,ity,1
dataset_1,full,npl,1
dataset_1,full,ities,1
dataset_1,full,annuitas,1
dataset_1,full,annuus,1
dataset_1,full,overarching,1
dataset_1,full,accumulating,1
dataset_1,full,pitching,1
dataset_1,full,maverics,1
dataset_1,full,cojones,1
dataset_1,full,tribute,1
dataset_1,full,reils,1
dataset_1,full,jurnalism,1
dataset_1,full,whant,1
dataset_1,full,journalism,1
dataset_1,full,copywriting,1
dataset_1,full,coordinator,1
dataset_1,full,agency's,1
dataset_1,full,emali,1
dataset_1,full,assests,1
dataset_1,full,painfully,1
dataset_1,full,lemonade,1
dataset_1,full,deliverables,1
dataset_1,full,eusebio,1
dataset_1,full,monterey,1
dataset_1,full,neusebio,1
dataset_1,full,pantera,1
dataset_1,full,negra,1
dataset_1,full,mozambique,1
dataset_1,full,benfica,1
dataset_1,full,carolilna,1
dataset_1,full,winnsboro,1
dataset_1,full,bllue,1
dataset_1,full,meadow,1
dataset_1,full,proposition,1
dataset_1,full,na's,1
dataset_1,full,nb's,1
dataset_1,full,nper,1
dataset_1,full,guererro,1
dataset_1,full,austin,1
dataset_1,full,chyna,1
dataset_1,full,mamacita,1
dataset_1,full,referencing,1
dataset_1,full,dennmark,1
dataset_1,full,fredriksberg,1
dataset_1,full,suga,1
dataset_1,full,justhonest,1
dataset_1,full,retardo,1
dataset_1,full,iiiiiiiiiiiiiii,1
dataset_1,full,nllllllllllll,1
dataset_1,full,nooooooooo,1
dataset_1,full,nvvvvvvvvvv,1
dataset_1,full,neeeeeeeee,1
dataset_1,full,nyyyyyyyyy,1
dataset_1,full,noooooooooo,1
dataset_1,full,nuuuuuuuu,1
dataset_1,full,svr,1
dataset_1,full,pk,1
dataset_1,full,rhapsody,1
dataset_1,full,onboard,1
dataset_1,full,masterd,1
dataset_1,full,mastercard,1
dataset_1,full,jerseys,1
dataset_1,full,antipattern,1
dataset_1,full,enjoyment,1
dataset_1,full,rueful,1
dataset_1,full,stout,1
dataset_1,full,adipose,1
dataset_1,full,leaner,1
dataset_1,full,thirdly,1
dataset_1,full,bmr,1
dataset_1,full,thermoregulation,1
dataset_1,full,sluggish,1
dataset_1,full,hypothyroidism,1
dataset_1,full,lot's,1
dataset_1,full,saunas,1
dataset_1,full,minate,1
dataset_1,full,plagues,1
dataset_1,full,shortcomings,1
dataset_1,full,companionship,1
dataset_1,full,suitors,1
dataset_1,full,rflmao,1
dataset_1,full,disrespecting,1
dataset_1,full,nchester,1
dataset_1,full,dhoni's,1
dataset_1,full,costliest,1
dataset_1,full,zx,1
dataset_1,full,1352,1
dataset_1,full,zzr1400,1
dataset_1,full,flagship,1
dataset_1,full,kawasaki's,1
dataset_1,full,lineup,1
dataset_1,full,msrp,1
dataset_1,full,62mph,1
dataset_1,full,nofficial,1
dataset_1,full,quitclaim,1
dataset_1,full,notorized,1
dataset_1,full,signatory,1
dataset_1,full,notarization,1
dataset_1,full,ammounts,1
dataset_1,full,devided,1
dataset_1,full,anyhting,1
dataset_1,full,cue,1
dataset_1,full,astrological,1
dataset_1,full,pld,1
dataset_1,full,o'keeffe,1
dataset_1,full,edtors,1
dataset_1,full,unreal,1
dataset_1,full,independant,1
dataset_1,full,royalty,1
dataset_1,full,nquake,1
dataset_1,full,gpl,1
dataset_1,full,stabilizing,1
dataset_1,full,jiffy,1
dataset_1,full,unpredictable,1
dataset_1,full,nets,1
dataset_1,full,lynyrd,1
dataset_1,full,skynyrd,1
dataset_1,full,janis,1
dataset_1,full,joplin,1
dataset_1,full,0234375,1
dataset_1,full,apx,1
dataset_1,full,sliver,1
dataset_1,full,toppling,1
dataset_1,full,beaner,1
dataset_1,full,rooney's,1
dataset_1,full,heared,1
dataset_1,full,proofs,1
dataset_1,full,howi,1
dataset_1,full,jackets,1
dataset_1,full,cruz,1
dataset_1,full,subserviant,1
dataset_1,full,interpolated,1
dataset_1,full,inerrant,1
dataset_1,full,delusional,1
dataset_1,full,tabe,1
dataset_1,full,carve,1
dataset_1,full,skelenton,1
dataset_1,full,aslyum,1
dataset_1,full,fistula,1
dataset_1,full,stoma,1
dataset_1,full,colorectal,1
dataset_1,full,potty,1
dataset_1,full,hoopz,1
dataset_1,full,joc,1
dataset_1,full,'versimile',1
dataset_1,full,verisimile,1
dataset_1,full,nverisimilitude,1
dataset_1,full,verisimilar,1
dataset_1,full,verisimilitudinous,1
dataset_1,full,bytecode,1
dataset_1,full,executes,1
dataset_1,full,communciation,1
dataset_1,full,informing,1
dataset_1,full,leagal,1
dataset_1,full,'yeah,1
dataset_1,full,destinations,1
dataset_1,full,battu,1
dataset_1,full,souviens,1
dataset_1,full,doubl,1
dataset_1,full,jeune,1
dataset_1,full,pel,1
dataset_1,full,l',1
dataset_1,full,poque,1
dataset_1,full,sexes,1
dataset_1,full,equestrian,1
dataset_1,full,forewarning,1
dataset_1,full,discernible,1
dataset_1,full,demonstrates,1
dataset_1,full,inaccuracy,1
dataset_1,full,discomforting,1
dataset_1,full,nspecifically,1
dataset_1,full,'hemoglobin',1
dataset_1,full,environments,1
dataset_1,full,parasitism,1
dataset_1,full,insults,1
dataset_1,full,methylated,1
dataset_1,full,suggestively,1
dataset_1,full,expound,1
dataset_1,full,'xx',1
dataset_1,full,'xy',1
dataset_1,full,'meiosis',1
dataset_1,full,unmeasurable,1
dataset_1,full,onward,1
dataset_1,full,ngoddess,1
dataset_1,full,chaps,1
dataset_1,full,rathar,1
dataset_1,full,exlusive,1
dataset_1,full,nfluid,1
dataset_1,full,bisexuals,1
dataset_1,full,indentity,1
dataset_1,full,shades,1
dataset_1,full,crunchy,1
dataset_1,full,boogers,1
dataset_1,full,shotgunning,1
dataset_1,full,glugging,1
dataset_1,full,bendy,1
dataset_1,full,ntypically,1
dataset_1,full,specializing,1
dataset_1,full,loopnet,1
dataset_1,full,brokers,1
dataset_1,full,occupancy,1
dataset_1,full,financials,1
dataset_1,full,portrait,1
dataset_1,full,1956,1
dataset_1,full,headlined,1
dataset_1,full,wreck,1
dataset_1,full,nalex,1
dataset_1,full,kirby,1
dataset_1,full,objectively,1
dataset_1,full,respectfully,1
dataset_1,full,summarized,1
dataset_1,full,landmark,1
dataset_1,full,gravely,1
dataset_1,full,drake,1
dataset_1,full,pepperdine,1
dataset_1,full,malibu,1
dataset_1,full,fedex's,1
dataset_1,full,fedex,1
dataset_1,full,csr,1
dataset_1,full,ingdirect,1
dataset_1,full,payday,1
dataset_1,full,philosphy,1
dataset_1,full,beatin,1
dataset_1,full,toskala,1
dataset_1,full,goaltender,1
dataset_1,full,cencer,1
dataset_1,full,raced,1
dataset_1,full,selfs,1
dataset_1,full,exsposed,1
dataset_1,full,rubbery,1
dataset_1,full,liqued,1
dataset_1,full,easly,1
dataset_1,full,stinked,1
dataset_1,full,raelly,1
dataset_1,full,untrustworthy,1
dataset_1,full,cheapo,1
dataset_1,full,berf,1
dataset_1,full,heffer,1
dataset_1,full,missions,1
dataset_1,full,alledgedly,1
dataset_1,full,'i',1
dataset_1,full,prob'ly,1
dataset_1,full,rei,1
dataset_1,full,nholes,1
dataset_1,full,narutos,1
dataset_1,full,naruto's,1
dataset_1,full,dearlers,1
dataset_1,full,datebase,1
dataset_1,full,dropshippers,1
dataset_1,full,uphoria,1
dataset_1,full,thyrpists,1
dataset_1,full,looses,1
dataset_1,full,marriad,1
dataset_1,full,dangling,1
dataset_1,full,prego,1
dataset_1,full,intreguing,1
dataset_1,full,speaches,1
dataset_1,full,methodist,1
dataset_1,full,nankles,1
dataset_1,full,disarmament,1
dataset_1,full,ndisarmament,1
dataset_1,full,needlessly,1
dataset_1,full,endanger,1
dataset_1,full,warship,1
dataset_1,full,signifies,1
dataset_1,full,clothed,1
dataset_1,full,nfarming,1
dataset_1,full,plow,1
dataset_1,full,nfew,1
dataset_1,full,schoolchildren,1
dataset_1,full,proclaim,1
dataset_1,full,schoolhouse,1
dataset_1,full,revolutionists,1
dataset_1,full,disloyal,1
dataset_1,full,subversion,1
dataset_1,full,entrust,1
dataset_1,full,nhumility,1
dataset_1,full,acclaim,1
dataset_1,full,deplore,1
dataset_1,full,constituted,1
dataset_1,full,hurl,1
dataset_1,full,impelled,1
dataset_1,full,scaffold,1
dataset_1,full,brutality,1
dataset_1,full,futility,1
dataset_1,full,stupidity,1
dataset_1,full,widout,1
dataset_1,full,thts,1
dataset_1,full,liking,1
dataset_1,full,dontu,1
dataset_1,full,neways,1
dataset_1,full,thnx,1
dataset_1,full,spclly,1
dataset_1,full,ubsessed,1
dataset_1,full,estradol,1
dataset_1,full,nestradiol,1
dataset_1,full,oestradiol,1
dataset_1,full,labelled,1
dataset_1,full,hurtful,1
dataset_1,full,sshole,1
dataset_1,full,melinda,1
dataset_1,full,nosy,1
dataset_1,full,nracists,1
dataset_1,full,'nuff,1
dataset_1,full,bonfire,1
dataset_1,full,nmuwahahaha,1
dataset_1,full,theatrical,1
dataset_1,full,tiget,1
dataset_1,full,mitsubushi,1
dataset_1,full,remade,1
dataset_1,full,geraldo,1
dataset_1,full,willowbrook,1
dataset_1,full,grandmas,1
dataset_1,full,grandpas,1
dataset_1,full,grammas,1
dataset_1,full,aunts,1
dataset_1,full,uncles,1
dataset_1,full,uncomfrotable,1
dataset_1,full,ousted,1
dataset_1,full,sterotype,1
dataset_1,full,stuidp,1
dataset_1,full,tollerance,1
dataset_1,full,misuse,1
dataset_1,full,nightclubs,1
dataset_1,full,isnot,1
dataset_1,full,citiz,1
dataset_1,full,advisory,1
dataset_1,full,townships,1
dataset_1,full,municipalities,1
dataset_1,full,carlomagno,1
dataset_1,full,ukrian,1
dataset_1,full,ukranian,1
dataset_1,full,nembassy,1
dataset_1,full,saraya,1
dataset_1,full,dokki,1
dataset_1,full,3491030,1
dataset_1,full,3360159,1
dataset_1,full,ntrade,1
dataset_1,full,haron,1
dataset_1,full,mesaha,1
dataset_1,full,506,1
dataset_1,full,dakki,1
dataset_1,full,giza,1
dataset_1,full,treathens,1
dataset_1,full,ballroom,1
dataset_1,full,frills,1
dataset_1,full,manger,1
dataset_1,full,emulate,1
dataset_1,full,resilient,1
dataset_1,full,wirless,1
dataset_1,full,portibility,1
dataset_1,full,apreciated,1
dataset_1,full,foxit,1
dataset_1,full,lightbulbs,1
dataset_1,full,debunk,1
dataset_1,full,edison's,1
dataset_1,full,menlo,1
dataset_1,full,untapped,1
dataset_1,full,cancun,1
dataset_1,full,cabo,1
dataset_1,full,lucas,1
dataset_1,full,rosarito,1
dataset_1,full,blankets,1
dataset_1,full,vigorous,1
dataset_1,full,policeman,1
dataset_1,full,lew,1
dataset_1,full,perceives,1
dataset_1,full,biophysical,1
dataset_1,full,rods,1
dataset_1,full,accoustic,1
dataset_1,full,420,1
dataset_1,full,490nm,1
dataset_1,full,registers,1
dataset_1,full,620nm,1
dataset_1,full,cortex,1
dataset_1,full,rigidity,1
dataset_1,full,structuring,1
dataset_1,full,franciso,1
dataset_1,full,gavin,1
dataset_1,full,newsom,1
dataset_1,full,eph200,1
dataset_1,full,0129,1
dataset_1,full,sssooo,1
dataset_1,full,honoring,1
dataset_1,full,commend,1
dataset_1,full,harmony,1
dataset_1,full,deranged,1
dataset_1,full,tbone18305,1
dataset_1,full,hangman,1
dataset_1,full,'commonly,1
dataset_1,full,letters',1
dataset_1,full,mispelled,1
dataset_1,full,mispronounced,1
dataset_1,full,misinformation,1
dataset_1,full,nagoraphobia,1
dataset_1,full,ninconstitutional,1
dataset_1,full,ndelirious,1
dataset_1,full,nstipulation,1
dataset_1,full,nparabola,1
dataset_1,full,nperpendicular,1
dataset_1,full,ndiadorum,1
dataset_1,full,nschizophrenia,1
dataset_1,full,alote,1
dataset_1,full,postions,1
dataset_1,full,differnece,1
dataset_1,full,nmalicious,1
dataset_1,full,kookaburra,1
dataset_1,full,heel,1
dataset_1,full,supplanter,1
dataset_1,full,aqov,1
dataset_1,full,tiberian,1
dataset_1,full,adelphos,1
dataset_1,full,patriarch,1
dataset_1,full,epistle,1
dataset_1,full,tarsus,1
dataset_1,full,galatians,1
dataset_1,full,cephas,1
dataset_1,full,adelphotheos,1
dataset_1,full,rytheme,1
dataset_1,full,avaible,1
dataset_1,full,rhyming,1
dataset_1,full,generals,1
dataset_1,full,viet,1
dataset_1,full,nfaithful,1
dataset_1,full,clipping,1
dataset_1,full,nvcd,1
dataset_1,full,clipper,1
dataset_1,full,splitter,1
dataset_1,full,exhaustion,1
dataset_1,full,maaaaad,1
dataset_1,full,creeps,1
dataset_1,full,creeped,1
dataset_1,full,disgaurd,1
dataset_1,full,reconize,1
dataset_1,full,possilble,1
dataset_1,full,joseq,1
dataset_1,full,molestors,1
dataset_1,full,abusers,1
dataset_1,full,diviants,1
dataset_1,full,millstone,1
dataset_1,full,ngalatians,1
dataset_1,full,reap,1
dataset_1,full,sow,1
dataset_1,full,npsalm,1
dataset_1,full,140,1
dataset_1,full,nacts,1
dataset_1,full,uprightness,1
dataset_1,full,bib,1
dataset_1,full,sed,1
dataset_1,full,msut,1
dataset_1,full,nsadly,1
dataset_1,full,slated,1
dataset_1,full,confiscatory,1
dataset_1,full,fourths,1
dataset_1,full,formated,1
dataset_1,full,sensative,1
dataset_1,full,anii,1
dataset_1,full,boban,1
dataset_1,full,asanovich,1
dataset_1,full,suker,1
dataset_1,full,budwiser,1
dataset_1,full,entertainer,1
dataset_1,full,tradtionally,1
dataset_1,full,baseman,1
dataset_1,full,soilders,1
dataset_1,full,caracter,1
dataset_1,full,weber,1
dataset_1,full,leonidas,1
dataset_1,full,silva,1
dataset_1,full,cretinous,1
dataset_1,full,moronic,1
dataset_1,full,estalish,1
dataset_1,full,email'however,1
dataset_1,full,freakin',1
dataset_1,full,lagoon,1
dataset_1,full,gozo,1
dataset_1,full,grotto,1
dataset_1,full,egyptien,1
dataset_1,full,dumbed,1
dataset_1,full,tailspin,1
dataset_1,full,nkansas,1
dataset_1,full,northwestern,1
dataset_1,full,letdown,1
dataset_1,full,ksu's,1
dataset_1,full,win's,1
dataset_1,full,ngiven,1
dataset_1,full,flintstones,1
dataset_1,full,scooby,1
dataset_1,full,cecil,1
dataset_1,full,bullwinkle,1
dataset_1,full,love',1
dataset_1,full,progressed,1
dataset_1,full,spand,1
dataset_1,full,assoicate's,1
dataset_1,full,satelite,1
dataset_1,full,gradient,1
dataset_1,full,sustains,1
dataset_1,full,breedy,1
dataset_1,full,cruve,1
dataset_1,full,connectors,1
dataset_1,full,homecoming,1
dataset_1,full,bday,1
dataset_1,full,'be,1
dataset_1,full,mine',1
dataset_1,full,heartbroken,1
dataset_1,full,2go,1
dataset_1,full,sumwhere,1
dataset_1,full,pretentious,1
dataset_1,full,pleasant,1
dataset_1,full,cheerful,1
dataset_1,full,endometrioses,1
dataset_1,full,'dot',1
dataset_1,full,swaminarayan,1
dataset_1,full,antsy,1
dataset_1,full,intreview,1
dataset_1,full,blin,1
dataset_1,full,ofter,1
dataset_1,full,piccolo,1
dataset_1,full,piccolos,1
dataset_1,full,gist,1
dataset_1,full,honst,1
dataset_1,full,narutofan,1
dataset_1,full,manga,1
dataset_1,full,forcmvi,1
dataset_1,full,cmvi,1
dataset_1,full,appellate,1
dataset_1,full,nsecondly,1
dataset_1,full,nthirdly,1
dataset_1,full,remady,1
dataset_1,full,recamended,1
dataset_1,full,amoun,1
dataset_1,full,admirer,1
dataset_1,full,moneylender,1
dataset_1,full,exeter,1
dataset_1,full,forbade,1
dataset_1,full,kinda',1
dataset_1,full,strenght,1
dataset_1,full,snoozing,1
dataset_1,full,fulton,1
dataset_1,full,1909,1
dataset_1,full,annex,1
dataset_1,full,dekalb,1
dataset_1,full,425,1
dataset_1,full,708,1
dataset_1,full,297,1
dataset_1,full,41st,1
dataset_1,full,sprawl,1
dataset_1,full,uncircumcised,1
dataset_1,full,circumcise,1
dataset_1,full,circumcition,1
dataset_1,full,unflew,1
dataset_1,full,bacillus,1
dataset_1,full,engages,1
dataset_1,full,curiousity,1
dataset_1,full,lou,1
dataset_1,full,dobbs,1
dataset_1,full,etc',1
dataset_1,full,braking,1
dataset_1,full,transcription,1
dataset_1,full,radiations,1
dataset_1,full,turquoise,1
dataset_1,full,suntans,1
dataset_1,full,gloomy,1
dataset_1,full,worksheet,1
dataset_1,full,chemicalelements,1
dataset_1,full,vanadis,1
dataset_1,full,scandinavian,1
dataset_1,full,multicolored,1
dataset_1,full,nbased,1
dataset_1,full,andr,1
dataset_1,full,manuel,1
dataset_1,full,1801,1
dataset_1,full,vanadinite,1
dataset_1,full,panchromium,1
dataset_1,full,renamed,1
dataset_1,full,erythronium,1
dataset_1,full,featherstonhaugh,1
dataset_1,full,geologists,1
dataset_1,full,rionium,1
dataset_1,full,repectively,1
dataset_1,full,log10,1
dataset_1,full,2pka,1
dataset_1,full,2pkw,1
dataset_1,full,2log10,1
dataset_1,full,npkw,1
dataset_1,full,ncs,1
dataset_1,full,ncompare,1
dataset_1,full,consistency,1
dataset_1,full,acetic,1
dataset_1,full,pca,1
dataset_1,full,npoh,1
dataset_1,full,pkw,1
dataset_1,full,poh,1
dataset_1,full,grating,1
dataset_1,full,crepitus,1
dataset_1,full,congratulation,1
dataset_1,full,seee,1
dataset_1,full,caged,1
dataset_1,full,clidell,1
dataset_1,full,reaping,1
dataset_1,full,roaring,1
dataset_1,full,econmic,1
dataset_1,full,ndizziness,1
dataset_1,full,nnausea,1
dataset_1,full,rosiness,1
dataset_1,full,coop,1
dataset_1,full,polyclinics,1
dataset_1,full,dentists,1
dataset_1,full,fettish,1
dataset_1,full,adminstrative,1
dataset_1,full,organizational,1
dataset_1,full,uranium,1
dataset_1,full,beaing,1
dataset_1,full,brutally,1
dataset_1,full,inerval,1
dataset_1,full,dropper,1
dataset_1,full,teaspoon,1
dataset_1,full,1ml,1
dataset_1,full,governs,1
dataset_1,full,trumps,1
dataset_1,full,supremacy,1
dataset_1,full,implicates,1
dataset_1,full,lafur,1
dataset_1,full,ragnar,1
dataset_1,full,msson,1
dataset_1,full,dorrit,1
dataset_1,full,moussaieff,1
dataset_1,full,veiling,1
dataset_1,full,clergymen,1
dataset_1,full,officiating,1
dataset_1,full,christendon,1
dataset_1,full,scriptural,1
dataset_1,full,irrespective,1
dataset_1,full,civilised,1
dataset_1,full,440,1
dataset_1,full,captivity,1
dataset_1,full,330,1
dataset_1,full,410,1
dataset_1,full,precede,1
dataset_1,full,aency,1
dataset_1,full,dire,1
dataset_1,full,klesko,1
dataset_1,full,convice,1
dataset_1,full,fleer,1
dataset_1,full,sayin,1
dataset_1,full,peed,1
dataset_1,full,recycling,1
dataset_1,full,grin,1
dataset_1,full,ninfo,1
dataset_1,full,'mar,1
dataset_1,full,a',1
dataset_1,full,'tes',1
dataset_1,full,'teresa',1
dataset_1,full,nvariants,1
dataset_1,full,maritess,1
dataset_1,full,jusk,1
dataset_1,full,erections,1
dataset_1,full,lotion,1
dataset_1,full,phimosis,1
dataset_1,full,unexpected,1
dataset_1,full,passe,1
dataset_1,full,adriano,1
dataset_1,full,lamarack's,1
dataset_1,full,lamarckism,1
dataset_1,full,lamarckian,1
dataset_1,full,baptiste,1
dataset_1,full,antoine,1
dataset_1,full,chevalier,1
dataset_1,full,lamarck,1
dataset_1,full,heritability,1
dataset_1,full,darwinian,1
dataset_1,full,advantageous,1
dataset_1,full,heritable,1
dataset_1,full,hoover,1
dataset_1,full,mckinley,1
dataset_1,full,wold,1
dataset_1,full,woodwork,1
dataset_1,full,filegate,1
dataset_1,full,travelgate,1
dataset_1,full,whitewater,1
dataset_1,full,coverup,1
dataset_1,full,shudder,1
dataset_1,full,wouldve,1
dataset_1,full,pelois,1
dataset_1,full,rodham,1
dataset_1,full,compromising,1
dataset_1,full,decisive,1
dataset_1,full,chemistery,1
dataset_1,full,nourishment,1
dataset_1,full,particually,1
dataset_1,full,navg,1
dataset_1,full,nzonealarm,1
dataset_1,full,psk,1
dataset_1,full,crackable,1
dataset_1,full,passphrase,1
dataset_1,full,make1t5ecure0rel53,1
dataset_1,full,dhcp,1
dataset_1,full,clik,1
dataset_1,full,crashs,1
dataset_1,full,tut,1
dataset_1,full,boosts,1
dataset_1,full,th1,1
dataset_1,full,humoral,1
dataset_1,full,iga,1
dataset_1,full,scientifics,1
dataset_1,full,defences,1
dataset_1,full,negate,1
dataset_1,full,microbe,1
dataset_1,full,questionable,1
dataset_1,full,centrum,1
dataset_1,full,safetrust,1
dataset_1,full,fiduciary,1
dataset_1,full,civilezed,1
dataset_1,full,quretions,1
dataset_1,full,unthoughtful,1
dataset_1,full,frustrations,1
dataset_1,full,utter,1
dataset_1,full,webspace,1
dataset_1,full,appalling,1
dataset_1,full,aceess,1
dataset_1,full,whow,1
dataset_1,full,ronaldiho,1
dataset_1,full,suffocation,1
dataset_1,full,slideshow,1
dataset_1,full,runtime,1
dataset_1,full,batter's,1
dataset_1,full,aked,1
dataset_1,full,hollygrove,1
dataset_1,full,benzoil,1
dataset_1,full,preparations,1
dataset_1,full,salicylic,1
dataset_1,full,nunfortunatly,1
dataset_1,full,avalible,1
dataset_1,full,professonal,1
dataset_1,full,spreads,1
dataset_1,full,shatter,1
dataset_1,full,camel's,1
dataset_1,full,synphonies,1
dataset_1,full,symphonies,1
dataset_1,full,symphonic,1
dataset_1,full,krzyzewski's,1
dataset_1,full,snipp,1
dataset_1,full,boken,1
dataset_1,full,tornaments,1
dataset_1,full,1949,1
dataset_1,full,pussy,1
dataset_1,full,callin,1
dataset_1,full,soooooooooooooo,1
dataset_1,full,hotttttttt,1
dataset_1,full,sexist,1
dataset_1,full,dreary,1
dataset_1,full,nxxxxxx,1
dataset_1,full,smileys,1
dataset_1,full,lesions,1
dataset_1,full,puncture,1
dataset_1,full,demylination,1
dataset_1,full,unspecified,1
dataset_1,full,hinted,1
dataset_1,full,biotechnologist,1
dataset_1,full,yessoo,1
dataset_1,full,pickles,1
dataset_1,full,nickleback,1
dataset_1,full,acdc,1
dataset_1,full,schoolers,1
dataset_1,full,nnickelback,1
dataset_1,full,nlegally,1
dataset_1,full,sharps,1
dataset_1,full,asthetically,1
dataset_1,full,tonic,1
dataset_1,full,looooooong,1
dataset_1,full,sprints,1
dataset_1,full,sks's,1
dataset_1,full,180k,1
dataset_1,full,sizodonplus,1
dataset_1,full,bedeffect,1
dataset_1,full,2060j,1
dataset_1,full,4180j,1
dataset_1,full,stab,1
dataset_1,full,formulas,1
dataset_1,full,nnor,1
dataset_1,full,newton's,1
dataset_1,full,nmanagement,1
dataset_1,full,ndecision,1
dataset_1,full,nknowledge,1
dataset_1,full,ntransaction,1
dataset_1,full,automation,1
dataset_1,full,predefined,1
dataset_1,full,howerver,1
dataset_1,full,mailer,1
dataset_1,full,sonometer,1
dataset_1,full,dilated,1
dataset_1,full,mispronounciation,1
dataset_1,full,obgyns,1
dataset_1,full,chineese,1
dataset_1,full,slanted,1
dataset_1,full,skwinting,1
dataset_1,full,hubbies,1
dataset_1,full,maternal,1
dataset_1,full,swarming,1
dataset_1,full,deports,1
dataset_1,full,bridges',1
dataset_1,full,nruby's,1
dataset_1,full,marshal's,1
dataset_1,full,urged,1
dataset_1,full,nruby,1
dataset_1,full,mcgrady,1
dataset_1,full,midseason,1
dataset_1,full,trevor,1
dataset_1,full,ariza,1
dataset_1,full,milicic,1
dataset_1,full,footers,1
dataset_1,full,reckoned,1
dataset_1,full,colbet's,1
dataset_1,full,513,1
dataset_1,full,54th,1
dataset_1,full,10019,1
dataset_1,full,5014,1
dataset_1,full,havin,1
dataset_1,full,abbreviation,1
dataset_1,full,abbreviations,1
dataset_1,full,farside,1
dataset_1,full,sped,1
dataset_1,full,innertube,1
dataset_1,full,antennae,1
dataset_1,full,humans',1
dataset_1,full,germanium,1
dataset_1,full,diode,1
dataset_1,full,scavenge,1
dataset_1,full,smarty,1
dataset_1,full,deadbeat,1
dataset_1,full,aage,1
dataset_1,full,traumatized,1
dataset_1,full,anyoneone,1
dataset_1,full,troubleshooting,1
dataset_1,full,wuold,1
dataset_1,full,flaunt,1
dataset_1,full,blackmore's,1
dataset_1,full,tacky,1
dataset_1,full,fandango,1
dataset_1,full,quatu,1
dataset_1,full,occupant,1
dataset_1,full,hybrids,1
dataset_1,full,lanes,1
dataset_1,full,dps,1
dataset_1,full,xmas,1
dataset_1,full,shaun,1
dataset_1,full,melina,1
dataset_1,full,melin,1
dataset_1,full,sdvice,1
dataset_1,full,pliz,1
dataset_1,full,peke,1
dataset_1,full,00am,1
dataset_1,full,15am,1
dataset_1,full,compliant,1
dataset_1,full,erasing,1
dataset_1,full,bridesmaids,1
dataset_1,full,5'3,1
dataset_1,full,kilo's,1
dataset_1,full,bodyfat,1
dataset_1,full,retention,1
dataset_1,full,disappoint,1
dataset_1,full,hotst,1
dataset_1,full,hotest,1
dataset_1,full,naddress,1
dataset_1,full,1221,1
dataset_1,full,20036,1
dataset_1,full,ntown,1
dataset_1,full,nphone,1
dataset_1,full,3733,1
dataset_1,full,serie,1
dataset_1,full,liga,1
dataset_1,full,nats,1
dataset_1,full,imports,1
dataset_1,full,guiness,1
dataset_1,full,amstel,1
dataset_1,full,dupont,1
dataset_1,full,regulars,1
dataset_1,full,bartenders,1
dataset_1,full,'let,1
dataset_1,full,cake',1
dataset_1,full,charm,1
dataset_1,full,resented,1
dataset_1,full,procrastinated,1
dataset_1,full,xbmqj,1
dataset_1,full,dv4k6,1
dataset_1,full,jjqdc,1
dataset_1,full,2c9ht,1
dataset_1,full,29vkm,1
dataset_1,full,preseve,1
dataset_1,full,answer's,1
dataset_1,full,innovation,1
dataset_1,full,freer,1
dataset_1,full,pinnacles,1
dataset_1,full,vulture,1
dataset_1,full,techonology,1
dataset_1,full,ashwaubenon,1
dataset_1,full,hwy,1
dataset_1,full,irwin,1
dataset_1,full,ouvrir,1
dataset_1,full,vais,1
dataset_1,full,peux,1
dataset_1,full,dialoguer,1
dataset_1,full,avez,1
dataset_1,full,nclex,1
dataset_1,full,miscategorized,1
dataset_1,full,nspecial,1
dataset_1,full,paraglide,1
dataset_1,full,enews,1
dataset_1,full,electable,1
dataset_1,full,dns2go,1
dataset_1,full,hoesnty,1
dataset_1,full,mainstreaming,1
dataset_1,full,dysgraphia,1
dataset_1,full,'social,1
dataset_1,full,misfits',1
dataset_1,full,socializes,1
dataset_1,full,tantrums,1
dataset_1,full,wonderfully,1
dataset_1,full,gerrard,1
dataset_1,full,monstre,1
dataset_1,full,mec,1
dataset_1,full,seul,1
dataset_1,full,voil,1
dataset_1,full,zingleberyycacadingkedoodkle,1
dataset_1,full,hum,1
dataset_1,full,freshener,1
dataset_1,full,rottened,1
dataset_1,full,ould,1
dataset_1,full,ridiculus,1
dataset_1,full,133,1
dataset_1,full,deframenting,1
dataset_1,full,shelby,1
dataset_1,full,modifications,1
dataset_1,full,superintendent,1
dataset_1,full,disregarded,1
dataset_1,full,principals,1
dataset_1,full,retribution,1
dataset_1,full,troublemakers,1
dataset_1,full,homeschooler,1
dataset_1,full,nea's,1
dataset_1,full,unwell,1
dataset_1,full,mingling,1
dataset_1,full,newbie,1
dataset_1,full,understant,1
dataset_1,full,enternet,1
dataset_1,full,infamous,1
dataset_1,full,limewire's,1
dataset_1,full,discourages,1
dataset_1,full,haaa,1
dataset_1,full,giggles,1
dataset_1,full,unspoken,1
dataset_1,full,leeway,1
dataset_1,full,barstaff,1
dataset_1,full,oppinion,1
dataset_1,full,fondled,1
dataset_1,full,freeing,1
dataset_1,full,duckets,1
dataset_1,full,expungements,1
dataset_1,full,comissions,1
dataset_1,full,commuted,1
dataset_1,full,freshmen,1
dataset_1,full,intials,1
dataset_1,full,dz,1
dataset_1,full,michgian,1
dataset_1,full,offence,1
dataset_1,full,nsuppose,1
dataset_1,full,045230345,1
dataset_1,full,eventualities,1
dataset_1,full,falter,1
dataset_1,full,abnormally,1
dataset_1,full,atman,1
dataset_1,full,follower,1
dataset_1,full,inhibitions,1
dataset_1,full,whil,1
dataset_1,full,npayments,1
dataset_1,full,uptdate,1
dataset_1,full,piloted,1
dataset_1,full,nobodys,1
dataset_1,full,abducted,1
dataset_1,full,spilling,1
dataset_1,full,talkin',1
dataset_1,full,beleives,1
dataset_1,full,zepplin,1
dataset_1,full,'that,1
dataset_1,full,well',1
dataset_1,full,satisfying,1
dataset_1,full,digestible,1
dataset_1,full,victoria's,1
dataset_1,full,derby,1
dataset_1,full,priceless,1
dataset_1,full,lifelong,1
dataset_1,full,tunsia,1
dataset_1,full,retry,1
dataset_1,full,autrefois,1
dataset_1,full,acquit,1
dataset_1,full,'previously,1
dataset_1,full,acquitted',1
dataset_1,full,jailed,1
dataset_1,full,perjury,1
dataset_1,full,canals,1
dataset_1,full,ongonig,1
dataset_1,full,olden,1
dataset_1,full,pu,1
dataset_1,full,epithet,1
dataset_1,full,koreans',1
dataset_1,full,decorum,1
dataset_1,full,propriety,1
dataset_1,full,acclaimed,1
dataset_1,full,nfreedom,1
dataset_1,full,confucianism,1
dataset_1,full,shamanism,1
dataset_1,full,matchmakers,1
dataset_1,full,negotiated,1
dataset_1,full,scratchy,1
dataset_1,full,hanboks,1
dataset_1,full,fabrics,1
dataset_1,full,chogori,1
dataset_1,full,ribbons,1
dataset_1,full,otkorum,1
dataset_1,full,chima,1
dataset_1,full,waisted,1
dataset_1,full,sash,1
dataset_1,full,headpiece,1
dataset_1,full,norigae,1
dataset_1,full,maedup,1
dataset_1,full,chigori,1
dataset_1,full,paji,1
dataset_1,full,turumagi,1
dataset_1,full,roomy,1
dataset_1,full,vest,1
dataset_1,full,moja,1
dataset_1,full,kyorhon,1
dataset_1,full,p'iroyon,1
dataset_1,full,bulgolgi,1
dataset_1,full,barbeque,1
dataset_1,full,strips,1
dataset_1,full,kalbi,1
dataset_1,full,pickled,1
dataset_1,full,radishes,1
dataset_1,full,seafood,1
dataset_1,full,accompanying,1
dataset_1,full,kimpap,1
dataset_1,full,mandu,1
dataset_1,full,dumpling,1
dataset_1,full,twoenjang,1
dataset_1,full,guk,1
dataset_1,full,boiled,1
dataset_1,full,anchovies,1
dataset_1,full,ttok,1
dataset_1,full,embellish,1
dataset_1,full,voellerr,1
dataset_1,full,condeleeza,1
dataset_1,full,slam,1
dataset_1,full,romney,1
dataset_1,full,braille,1
dataset_1,full,tyre,1
dataset_1,full,goodyear,1
dataset_1,full,colouring,1
dataset_1,full,750mg,1
dataset_1,full,0g,1
dataset_1,full,swansea,1
dataset_1,full,swans,1
dataset_1,full,cardiff,1
dataset_1,full,millenium,1
dataset_1,full,btu,1
dataset_1,full,quesitons,1
dataset_1,full,ramon,1
dataset_1,full,shwon,1
dataset_1,full,miachel's,1
dataset_1,full,desiel,1
dataset_1,full,warior,1
dataset_1,full,joun,1
dataset_1,full,benouit,1
dataset_1,full,ramom,1
dataset_1,full,michaels,1
dataset_1,full,benoit,1
dataset_1,full,voluntarily,1
dataset_1,full,segregate,1
dataset_1,full,njoki,1
dataset_1,full,nairobi,1
dataset_1,full,dosen't,1
dataset_1,full,sights,1
dataset_1,full,submisive,1
dataset_1,full,palpable,1
dataset_1,full,permain,1
dataset_1,full,basin,1
dataset_1,full,paralegal,1
dataset_1,full,lorman,1
dataset_1,full,nbusiness,1
dataset_1,full,motel,1
dataset_1,full,rutes,1
dataset_1,full,hayes,1
dataset_1,full,denney,1
dataset_1,full,rutherford,1
dataset_1,full,ritz,1
dataset_1,full,orient,1
dataset_1,full,relais,1
dataset_1,full,chateaux,1
dataset_1,full,aspatore,1
dataset_1,full,powerhomebiz,1
dataset_1,full,bplans,1
dataset_1,full,vfinance,1
dataset_1,full,planware,1
dataset_1,full,carnegie,1
dataset_1,full,sequenced,1
dataset_1,full,stil,1
dataset_1,full,thatis,1
dataset_1,full,crafted,1
dataset_1,full,homebound,1
dataset_1,full,assassinated,1
dataset_1,full,casue,1
dataset_1,full,hurrdles,1
dataset_1,full,400m,1
dataset_1,full,technies,1
dataset_1,full,ninstructions,1
dataset_1,full,identifiable,1
dataset_1,full,recoveries,1
dataset_1,full,nrelieve,1
dataset_1,full,alternating,1
dataset_1,full,cumbersome,1
dataset_1,full,peovera,1
dataset_1,full,janeiro,1
dataset_1,full,67th,1
dataset_1,full,maracana,1
dataset_1,full,nchilean,1
dataset_1,full,faked,1
dataset_1,full,nrojas,1
dataset_1,full,n'we,1
dataset_1,full,osvaldo,1
dataset_1,full,talamilla,1
dataset_1,full,lobe,1
dataset_1,full,'then,1
dataset_1,full,controll,1
dataset_1,full,iqtest,1
dataset_1,full,unlucky,1
dataset_1,full,hydroxycut,1
dataset_1,full,n108th,1
dataset_1,full,res,1
dataset_1,full,460,1
dataset_1,full,ncongratulating,1
dataset_1,full,damm,1
dataset_1,full,segal,1
dataset_1,full,morris's,1
dataset_1,full,pals,1
dataset_1,full,xbox,1
dataset_1,full,playstation,1
dataset_1,full,ppls,1
dataset_1,full,courtsey,1
dataset_1,full,silliest,1
dataset_1,full,ntom,1
dataset_1,full,resistent,1
dataset_1,full,'yes',1
dataset_1,full,envelopes,1
dataset_1,full,pronounciation,1
dataset_1,full,terrell,1
dataset_1,full,owens',1
dataset_1,full,tuh,1
dataset_1,full,pronouncing,1
dataset_1,full,jocund,1
dataset_1,full,cetera,1
dataset_1,full,cessna,1
dataset_1,full,groggy,1
dataset_1,full,ibis,1
dataset_1,full,upshot,1
dataset_1,full,drunken,1
dataset_1,full,soliciting,1
dataset_1,full,breated,1
dataset_1,full,foggiest,1
dataset_1,full,finherboard,1
dataset_1,full,062,1
dataset_1,full,nthickness,1
dataset_1,full,875,1
dataset_1,full,carbide,1
dataset_1,full,nblend,1
dataset_1,full,noxide,1
dataset_1,full,_kuruntam_,1
dataset_1,full,nsanskrit,1
dataset_1,full,_kuruvinda_,1
dataset_1,full,ndum,1
dataset_1,full,desirability,1
dataset_1,full,nactivity,1
dataset_1,full,denoted,1
dataset_1,full,_nil,1
dataset_1,full,desperandum_,1
dataset_1,full,despaired,1
dataset_1,full,_addendum_,1
dataset_1,full,n_corrigendum_,1
dataset_1,full,_amanda_,1
dataset_1,full,_illegitimis_,1
dataset_1,full,ndenote,1
dataset_1,full,conceivably,1
dataset_1,full,_follett,1
dataset_1,full,ndictionary_,1
dataset_1,full,follett,1
dataset_1,full,_nothus,1
dataset_1,full,homo_,1
dataset_1,full,nfather,1
dataset_1,full,_spurius_,1
dataset_1,full,nintelligence,1
dataset_1,full,popularized,1
dataset_1,full,ngeneral,1
dataset_1,full,stilwell,1
dataset_1,full,variant,1
dataset_1,full,'phrase,1
dataset_1,full,4970,1
dataset_1,full,shortens,1
dataset_1,full,vicinity,1
dataset_1,full,contributes,1
dataset_1,full,hewitt,1
dataset_1,full,hypnotize,1
dataset_1,full,vogt,1
dataset_1,full,possessing,1
dataset_1,full,innacurate,1
dataset_1,full,nshe'll,1
dataset_1,full,nhe'll,1
dataset_1,full,redesigned,1
dataset_1,full,inudstry,1
dataset_1,full,webby,1
dataset_1,full,npoltergeist,1
dataset_1,full,foci,1
dataset_1,full,pubescent,1
dataset_1,full,raleigh,1
dataset_1,full,parapsychologists,1
dataset_1,full,psychokinesis,1
dataset_1,full,existences,1
dataset_1,full,npoltergeists,1
dataset_1,full,occultists,1
dataset_1,full,posits,1
dataset_1,full,rage,1
dataset_1,full,recordings,1
dataset_1,full,disperses,1
dataset_1,full,practioners,1
dataset_1,full,negs,1
dataset_1,full,infrasound,1
dataset_1,full,ionised,1
dataset_1,full,rosenheim,1
dataset_1,full,karger,1
dataset_1,full,planck,1
dataset_1,full,institut,1
dataset_1,full,plasmaphysik,1
dataset_1,full,zicha,1
dataset_1,full,cid,1
dataset_1,full,criminologist,1
dataset_1,full,herbert,1
dataset_1,full,sch,1
dataset_1,full,fer,1
dataset_1,full,unnamed,1
dataset_1,full,yestedday,1
dataset_1,full,eles,1
dataset_1,full,acept,1
dataset_1,full,jelous,1
dataset_1,full,rages,1
dataset_1,full,pathogenic,1
dataset_1,full,administation,1
dataset_1,full,memorize,1
dataset_1,full,antibiology,1
dataset_1,full,nappreciate,1
dataset_1,full,p680,1
dataset_1,full,p700,1
dataset_1,full,photosystems,1
dataset_1,full,nadph,1
dataset_1,full,rectang,1
dataset_1,full,6x8,1
dataset_1,full,n4x8,1
dataset_1,full,n4x6,1
dataset_1,full,n10x4,1
dataset_1,full,deepening,1
dataset_1,full,gloom,1
dataset_1,full,reaffirmation,1
dataset_1,full,brandt,1
dataset_1,full,antonia,1
dataset_1,full,nsafe,1
dataset_1,full,nadj,1
dataset_1,full,nsecure,1
dataset_1,full,unhurt,1
dataset_1,full,naffording,1
dataset_1,full,nbaseball,1
dataset_1,full,storing,1
dataset_1,full,valuables,1
dataset_1,full,repository,1
dataset_1,full,compartment,1
dataset_1,full,nslang,1
dataset_1,full,tems,1
dataset_1,full,psorasis,1
dataset_1,full,homeo,1
dataset_1,full,hiar,1
dataset_1,full,psoriasis,1
dataset_1,full,cellphones,1
dataset_1,full,dialed,1
dataset_1,full,prieview,1
dataset_1,full,playlist,1
dataset_1,full,coes,1
dataset_1,full,turbulence,1
dataset_1,full,nieces,1
dataset_1,full,nephews,1
dataset_1,full,lice,1
dataset_1,full,lifes,1
dataset_1,full,desipline,1
dataset_1,full,seperated,1
dataset_1,full,vegetative,1
dataset_1,full,ameen,1
dataset_1,full,ncarefully,1
dataset_1,full,ncalories,1
dataset_1,full,briskly,1
dataset_1,full,laxative,1
dataset_1,full,slimfast,1
dataset_1,full,powerbar,1
dataset_1,full,morbidly,1
dataset_1,full,trio,1
dataset_1,full,disabling,1
dataset_1,full,firewalls,1
dataset_1,full,broswer,1
dataset_1,full,ranaldinho,1
dataset_1,full,suck's,1
dataset_1,full,quaterback,1
dataset_1,full,amputee,1
dataset_1,full,user's,1
dataset_1,full,win2000,1
dataset_1,full,decrytption,1
dataset_1,full,referrence,1
dataset_1,full,encrypted,1
dataset_1,full,builtin,1
dataset_1,full,motives,1
dataset_1,full,cmon,1
dataset_1,full,brdcast,1
dataset_1,full,thrgh,1
dataset_1,full,msnger,1
dataset_1,full,whts,1
dataset_1,full,sftwre,1
dataset_1,full,seatle,1
dataset_1,full,pulverived,1
dataset_1,full,splashing,1
dataset_1,full,brynson,1
dataset_1,full,guys',1
dataset_1,full,adopting,1
dataset_1,full,preteen,1
dataset_1,full,referendum,1
dataset_1,full,haggards,1
dataset_1,full,activly,1
dataset_1,full,disdain,1
dataset_1,full,haggard,1
dataset_1,full,sweatshirt,1
dataset_1,full,dressy,1
dataset_1,full,amaze,1
dataset_1,full,saturdays,1
dataset_1,full,khakis,1
dataset_1,full,babbie's,1
dataset_1,full,momma,1
dataset_1,full,6weeks,1
dataset_1,full,metrosexual,1
dataset_1,full,prohibitive,1
dataset_1,full,copay,1
dataset_1,full,receivef,1
dataset_1,full,doictor,1
dataset_1,full,thwere,1
dataset_1,full,bcbs,1
dataset_1,full,affections,1
dataset_1,full,suspends,1
dataset_1,full,nelson,1
dataset_1,full,parton,1
dataset_1,full,queer,1
dataset_1,full,them's,1
dataset_1,full,blackman,1
dataset_1,full,augusta,1
dataset_1,full,century's,1
dataset_1,full,myfreeweb,1
dataset_1,full,accessory,1
dataset_1,full,footwear,1
dataset_1,full,boutique,1
dataset_1,full,dgog,1
dataset_1,full,resemblance,1
dataset_1,full,iether,1
dataset_1,full,neceotides,1
dataset_1,full,builiding,1
dataset_1,full,rnas,1
dataset_1,full,motility,1
dataset_1,full,nucelic,1
dataset_1,full,stimuli,1
dataset_1,full,controling,1
dataset_1,full,interpreter,1
dataset_1,full,decorations,1
dataset_1,full,elves,1
dataset_1,full,helpers,1
dataset_1,full,reindeers,1
dataset_1,full,screenshots,1
dataset_1,full,screenshot,1
dataset_1,full,keyloggers,1
dataset_1,full,prying,1
dataset_1,full,logger,1
dataset_1,full,birthdays,1
dataset_1,full,vows,1
dataset_1,full,excercisng,1
dataset_1,full,regualr,1
dataset_1,full,pilate's,1
dataset_1,full,nslower,1
dataset_1,full,willget,1
dataset_1,full,resistence,1
dataset_1,full,abuot,1
dataset_1,full,resent,1
dataset_1,full,regfix,1
dataset_1,full,ini,1
dataset_1,full,safeboot,1
dataset_1,full,ditto,1
dataset_1,full,nlinks,1
dataset_1,full,purify,1
dataset_1,full,infernal,1
dataset_1,full,flamethrowers,1
dataset_1,full,terminally,1
dataset_1,full,reliever,1
dataset_1,full,criticizing,1
dataset_1,full,afghan's,1
dataset_1,full,fewest,1
dataset_1,full,kia,1
dataset_1,full,curiculum,1
dataset_1,full,arriving,1
dataset_1,full,organising,1
dataset_1,full,alphabetical,1
dataset_1,full,norganise,1
dataset_1,full,pupil,1
dataset_1,full,nmartine,1
dataset_1,full,retested,1
dataset_1,full,hepatologist,1
dataset_1,full,gastroenterologist,1
dataset_1,full,superbowls,1
dataset_1,full,njjnewberry,1
dataset_1,full,seashell,1
dataset_1,full,texaco,1
dataset_1,full,domino's,1
dataset_1,full,kfc,1
dataset_1,full,subway,1
dataset_1,full,commissary,1
dataset_1,full,schlotzski's,1
dataset_1,full,mmmmmgood,1
dataset_1,full,teleplan,1
dataset_1,full,cisco,1
dataset_1,full,buggs,1
dataset_1,full,bunnys,1
dataset_1,full,stichomancy,1
dataset_1,full,libromancy,1
dataset_1,full,moveable,1
dataset_1,full,herdelf,1
dataset_1,full,grandparent,1
dataset_1,full,getaway,1
dataset_1,full,menace,1
dataset_1,full,teamsmates,1
dataset_1,full,anticipate,1
dataset_1,full,teammates,1
dataset_1,full,roamer,1
dataset_1,full,sideshows,1
dataset_1,full,baybee,1
dataset_1,full,terterary,1
dataset_1,full,depneds,1
dataset_1,full,maritime,1
dataset_1,full,dissapointments,1
dataset_1,full,bannana,1
dataset_1,full,potasium,1
dataset_1,full,krypton,1
dataset_1,full,garland,1
dataset_1,full,mathis,1
dataset_1,full,gigabyte,1
dataset_1,full,1024,1
dataset_1,full,nrefers,1
dataset_1,full,ndoesn't,1
dataset_1,full,amswers,1
dataset_1,full,genernal,1
dataset_1,full,recomended,1
dataset_1,full,illuminance,1
dataset_1,full,lux,1
dataset_1,full,chilrden,1
dataset_1,full,raciest,1
dataset_1,full,4437,1
dataset_1,full,defenses,1
dataset_1,full,noyb,1
dataset_1,full,tucker,1
dataset_1,full,nocked,1
dataset_1,full,______,1
dataset_1,full,blanco,1
dataset_1,full,blanca,1
dataset_1,full,devorce,1
dataset_1,full,poor's,1
dataset_1,full,apostrohe,1
dataset_1,full,'c',1
dataset_1,full,chk,1
dataset_1,full,someother,1
dataset_1,full,georges,1
dataset_1,full,oussama,1
dataset_1,full,aoe,1
dataset_1,full,ensemble,1
dataset_1,full,studios,1
dataset_1,full,conquerors,1
dataset_1,full,ds,1
dataset_1,full,dragonflies,1
dataset_1,full,crocs,1
dataset_1,full,evolutions,1
dataset_1,full,salamanders,1
dataset_1,full,capricorns,1
dataset_1,full,opposites,1
dataset_1,full,regimented,1
dataset_1,full,dreamy,1
dataset_1,full,appreciates,1
dataset_1,full,tenacity,1
dataset_1,full,stubbornness,1
dataset_1,full,indulging,1
dataset_1,full,complement,1
dataset_1,full,sophistication,1
dataset_1,full,mutable,1
dataset_1,full,pursuits,1
dataset_1,full,whehter,1
dataset_1,full,commerical,1
dataset_1,full,h's,1
dataset_1,full,scrooge,1
dataset_1,full,enoy,1
dataset_1,full,reaon,1
dataset_1,full,victories,1
dataset_1,full,diagnosing,1
dataset_1,full,wbc's,1
dataset_1,full,vegeterian,1
dataset_1,full,excersise,1
dataset_1,full,nespecially,1
dataset_1,full,spiking,1
dataset_1,full,hallucinogenic,1
dataset_1,full,electrci,1
dataset_1,full,nnormally,1
dataset_1,full,breaker,1
dataset_1,full,'trip',1
dataset_1,full,appliance,1
dataset_1,full,adaptors,1
dataset_1,full,workes,1
dataset_1,full,nudie,1
dataset_1,full,gonnorhea,1
dataset_1,full,shedding,1
dataset_1,full,diamond's,1
dataset_1,full,censored,1
dataset_1,full,markup,1
dataset_1,full,seekers,1
dataset_1,full,complile,1
dataset_1,full,instances,1
dataset_1,full,george's,1
dataset_1,full,mediterranean,1
dataset_1,full,genoese,1
dataset_1,full,ngenoa,1
dataset_1,full,geneva,1
dataset_1,full,releating,1
dataset_1,full,answere,1
dataset_1,full,four_eyed_ninja,1
dataset_1,full,althogh,1
dataset_1,full,srilanka,1
dataset_1,full,maoists,1
dataset_1,full,kashmir,1
dataset_1,full,russians,1
dataset_1,full,chechnia,1
dataset_1,full,135,1
dataset_1,full,nbiology,1
dataset_1,full,nmolecular,1
dataset_1,full,underline,1
dataset_1,full,italicize,1
dataset_1,full,duckling,1
dataset_1,full,unbderstand,1
dataset_1,full,riot,1
dataset_1,full,befriended,1
dataset_1,full,investigated,1
dataset_1,full,usuable,1
dataset_1,full,undesirable,1
dataset_1,full,discourage,1
dataset_1,full,railroad,1
dataset_1,full,outragious,1
dataset_1,full,crazed,1
dataset_1,full,negro,1
dataset_1,full,sackets,1
dataset_1,full,episodic,1
dataset_1,full,miniseries,1
dataset_1,full,telefilm,1
dataset_1,full,shadowriders,1
dataset_1,full,when's,1
dataset_1,full,ww3,1
dataset_1,full,cob,1
dataset_1,full,indulge,1
dataset_1,full,crumbs,1
dataset_1,full,appetizing,1
dataset_1,full,exclamation,1
dataset_1,full,abolishing,1
dataset_1,full,1863,1
dataset_1,full,suppressing,1
dataset_1,full,confiscation,1
dataset_1,full,aug,1
dataset_1,full,1861,1
dataset_1,full,reconquered,1
dataset_1,full,incitement,1
dataset_1,full,insurrection,1
dataset_1,full,denounced,1
dataset_1,full,emmotional,1
dataset_1,full,rheumatoid,1
dataset_1,full,nprednisone,1
dataset_1,full,suppresses,1
dataset_1,full,redistributing,1
dataset_1,full,debilatating,1
dataset_1,full,insurances,1
dataset_1,full,nroth,1
dataset_1,full,legislator,1
dataset_1,full,contrived,1
dataset_1,full,n7x,1
dataset_1,full,impure,1
dataset_1,full,shopper,1
dataset_1,full,overated,1
dataset_1,full,fuked,1
dataset_1,full,alredy,1
dataset_1,full,would''ve,1
dataset_1,full,shuldnt,1
dataset_1,full,deon,1
dataset_1,full,wilfork,1
dataset_1,full,out's,1
dataset_1,full,linebackers,1
dataset_1,full,freight,1
dataset_1,full,hobos,1
dataset_1,full,fries,1
dataset_1,full,macsteed's,1
dataset_1,full,'essay',1
dataset_1,full,patz,1
dataset_1,full,getn,1
dataset_1,full,tryn,1
dataset_1,full,uhaul,1
dataset_1,full,fantacising,1
dataset_1,full,poofs,1
dataset_1,full,nnope,1
dataset_1,full,videography,1
dataset_1,full,underheading,1
dataset_1,full,ncu,1
dataset_1,full,strum,1
dataset_1,full,morn,1
dataset_1,full,brazile,1
dataset_1,full,invocate,1
dataset_1,full,invocations,1
dataset_1,full,frilly,1
dataset_1,full,altar,1
dataset_1,full,pleanty,1
dataset_1,full,arican,1
dataset_1,full,tree's,1
dataset_1,full,anwer,1
dataset_1,full,tribunes,1
dataset_1,full,jumble,1
dataset_1,full,magnum,1
dataset_1,full,sorryb,1
dataset_1,full,smarted,1
dataset_1,full,aaya,1
dataset_1,full,pehle,1
dataset_1,full,bhai,1
dataset_1,full,kya,1
dataset_1,full,kha,1
dataset_1,full,pooch,1
dataset_1,full,rahe,1
dataset_1,full,yuo,1
dataset_1,full,embarass,1
dataset_1,full,carrers,1
dataset_1,full,assassination,1
dataset_1,full,adversaries,1
dataset_1,full,separatist,1
dataset_1,full,dzhokhar,1
dataset_1,full,dudaev,1
dataset_1,full,aslan,1
dataset_1,full,maskhadov,1
dataset_1,full,shamil,1
dataset_1,full,basayev,1
dataset_1,full,detained,1
dataset_1,full,vasilyev,1
dataset_1,full,duma,1
dataset_1,full,athiests,1
dataset_1,full,polaroid,1
dataset_1,full,pdc,1
dataset_1,full,auburndale,1
dataset_1,full,dwain,1
dataset_1,full,paraphrased,1
dataset_1,full,pleaseeeeeeeeee,1
dataset_1,full,nucleotide,1
dataset_1,full,adenine,1
dataset_1,full,thymine,1
dataset_1,full,guanin,1
dataset_1,full,cytosine,1
dataset_1,full,purine,1
dataset_1,full,pyrmimadine,1
dataset_1,full,unwinding,1
dataset_1,full,helix,1
dataset_1,full,registred,1
dataset_1,full,clerks,1
dataset_1,full,starup,1
dataset_1,full,doc's,1
dataset_1,full,manufactuer,1
dataset_1,full,npay,1
dataset_1,full,ntechs,1
dataset_1,full,christopher,1
dataset_1,full,opec,1
dataset_1,full,rashes,1
dataset_1,full,thrush,1
dataset_1,full,npublisher,1
dataset_1,full,engaging,1
dataset_1,full,carmelites,1
dataset_1,full,denunciations,1
dataset_1,full,foreground,1
dataset_1,full,relegated,1
dataset_1,full,margins,1
dataset_1,full,jugglers,1
dataset_1,full,crewmen,1
dataset_1,full,connoting,1
dataset_1,full,playfulness,1
dataset_1,full,awnings,1
dataset_1,full,augmented,1
dataset_1,full,illustrative,1
dataset_1,full,chic,1
dataset_1,full,pinstriped,1
dataset_1,full,getup,1
dataset_1,full,pastoureau's,1
dataset_1,full,eakin,1
dataset_1,full,forbes,1
dataset_1,full,adrienne,1
dataset_1,full,miller,1
dataset_1,full,nbook,1
dataset_1,full,heraldry,1
dataset_1,full,pratique,1
dataset_1,full,hautes,1
dataset_1,full,'e,1
dataset_1,full,tudes,1
dataset_1,full,sorbonne,1
dataset_1,full,etoffe,1
dataset_1,full,diable,1
dataset_1,full,seuil,1
dataset_1,full,jody,1
dataset_1,full,gladding,1
dataset_1,full,nannotation,1
dataset_1,full,booknews,1
dataset_1,full,nproduct,1
dataset_1,full,'water,1
dataset_1,full,salty,1
dataset_1,full,bonneville,1
dataset_1,full,evaporated,1
dataset_1,full,drinkable,1
dataset_1,full,clot,1
dataset_1,full,evrything,1
dataset_1,full,atunre,1
dataset_1,full,thmoer,1
dataset_1,full,plum,1
dataset_1,full,ranged,1
dataset_1,full,thare,1
dataset_1,full,rothem,1
dataset_1,full,nrgnad,1
dataset_1,full,omhter,1
dataset_1,full,specie,1
dataset_1,full,defiently,1
dataset_1,full,disagrees,1
dataset_1,full,cryin,1
dataset_1,full,mysteriously,1
dataset_1,full,happenes,1
dataset_1,full,tanx,1
dataset_1,full,howstuffworks,1
dataset_1,full,rtc,1
dataset_1,full,cmos,1
dataset_1,full,timebase,1
dataset_1,full,oscillator,1
dataset_1,full,syncs,1
dataset_1,full,moca,1
dataset_1,full,sooooooooooo,1
dataset_1,full,critic,1
dataset_1,full,procrastinating,1
dataset_1,full,surveyed,1
dataset_1,full,tsunami's,1
dataset_1,full,libary,1
dataset_1,full,tookie,1
dataset_1,full,volumes,1
dataset_1,full,continuously,1
dataset_1,full,professed,1
dataset_1,full,capitalized,1
dataset_1,full,gambled,1
dataset_1,full,desensitized,1
dataset_1,full,jury's,1
dataset_1,full,charade,1
dataset_1,full,shennanigans,1
dataset_1,full,wholeness,1
dataset_1,full,mistakenly,1
dataset_1,full,keysat,1
dataset_1,full,nothign,1
dataset_1,full,lunitic,1
dataset_1,full,sdfg,1
dataset_1,full,hwo,1
dataset_1,full,beeping,1
dataset_1,full,bounces,1
dataset_1,full,''samar,1
dataset_1,full,bahlawan'',1
dataset_1,full,mfg,1
dataset_1,full,modulates,1
dataset_1,full,escaping,1
dataset_1,full,lunar,1
dataset_1,full,unbarred,1
dataset_1,full,tunneling,1
dataset_1,full,goooooo,1
dataset_1,full,iso's,1
dataset_1,full,cso's,1
dataset_1,full,fiels,1
dataset_1,full,dount,1
dataset_1,full,montana_615,1
dataset_1,full,heart's,1
dataset_1,full,dumplin's,1
dataset_1,full,comer,1
dataset_1,full,trys,1
dataset_1,full,ficcion,1
dataset_1,full,dop,1
dataset_1,full,bedbathandbeyond,1
dataset_1,full,boxy,1
dataset_1,full,linens,1
dataset_1,full,megastore,1
dataset_1,full,d610,1
dataset_1,full,mhow,1
dataset_1,full,15degc,1
dataset_1,full,40degc,1
dataset_1,full,thermal,1
dataset_1,full,p_f,1
dataset_1,full,p_i,1
dataset_1,full,mushroom,1
dataset_1,full,chuckles,1
dataset_1,full,payroll,1
dataset_1,full,18a,1
dataset_1,full,nglad,1
dataset_1,full,circuts,1
dataset_1,full,nseries,1
dataset_1,full,becaome,1
dataset_1,full,sinjured,1
dataset_1,full,balk,1
dataset_1,full,gabe,1
dataset_1,full,kapler,1
dataset_1,full,frend,1
dataset_1,full,satrday,1
dataset_1,full,definatly,1
dataset_1,full,granola,1
dataset_1,full,cardion,1
dataset_1,full,excersize,1
dataset_1,full,ellipical,1
dataset_1,full,ound,1
dataset_1,full,asnd,1
dataset_1,full,anerexia,1
dataset_1,full,happeneing,1
dataset_1,full,saty,1
dataset_1,full,exerecise,1
dataset_1,full,narmed,1
dataset_1,full,ninvisible,1
dataset_1,full,nwars,1
dataset_1,full,satisifed,1
dataset_1,full,ninjured,1
dataset_1,full,nargue,1
dataset_1,full,ungrateful,1
dataset_1,full,pattent,1
dataset_1,full,infringement,1
dataset_1,full,submittal,1
dataset_1,full,infringers,1
dataset_1,full,deskjet,1
dataset_1,full,1220,1
dataset_1,full,hewlett,1
dataset_1,full,adept,1
dataset_1,full,piezometer,1
dataset_1,full,instrament,1
dataset_1,full,daa,1
dataset_1,full,ratngs,1
dataset_1,full,unlabeled,1
dataset_1,full,sufficiant,1
dataset_1,full,omission,1
dataset_1,full,'times',1
dataset_1,full,x35,1
dataset_1,full,n____,1
dataset_1,full,n2905,1
dataset_1,full,nput,1
dataset_1,full,bundy,1
dataset_1,full,torrorism,1
dataset_1,full,backfire,1
dataset_1,full,us's,1
dataset_1,full,guen,1
dataset_1,full,uefa,1
dataset_1,full,aye,1
dataset_1,full,champs,1
dataset_1,full,isle,1
dataset_1,full,sgt,1
dataset_1,full,harassment's,1
dataset_1,full,harasses,1
dataset_1,full,realestate,1
dataset_1,full,alarms,1
dataset_1,full,null,1
dataset_1,full,8am,1
dataset_1,full,intimidating,1
dataset_1,full,sill,1
dataset_1,full,pratice,1
dataset_1,full,usmle,1
dataset_1,full,offerer,1
dataset_1,full,kaplan,1
dataset_1,full,sponcer,1
dataset_1,full,i20,1
dataset_1,full,j1,1
dataset_1,full,compleation,1
dataset_1,full,tution,1
dataset_1,full,countru,1
dataset_1,full,manufactoring,1
dataset_1,full,appx,1
dataset_1,full,earley,1
dataset_1,full,larussa,1
dataset_1,full,piggy,1
dataset_1,full,lotions,1
dataset_1,full,presnetly,1
dataset_1,full,madras,1
dataset_1,full,aregular,1
dataset_1,full,stoping,1
dataset_1,full,nyor,1
dataset_1,full,completeing,1
dataset_1,full,bba,1
dataset_1,full,cognos,1
dataset_1,full,tahts,1
dataset_1,full,greatgreat,1
dataset_1,full,granda,1
dataset_1,full,stedman,1
dataset_1,full,companions,1
dataset_1,full,enterprises,1
dataset_1,full,orthodontists,1
dataset_1,full,loosen,1
dataset_1,full,averages,1
dataset_1,full,forlough,1
dataset_1,full,ventura,1
dataset_1,full,repetative,1
dataset_1,full,defendant's,1
dataset_1,full,whoa,1
dataset_1,full,greyhound,1
dataset_1,full,masturbated,1
dataset_1,full,winding,1
dataset_1,full,o'clock,1
dataset_1,full,apartments,1
dataset_1,full,meteorite,1
dataset_1,full,weathering,1
dataset_1,full,meteorites,1
dataset_1,full,chapell,1
dataset_1,full,shined,1
dataset_1,full,georgie,1
dataset_1,full,littlejohn,1
dataset_1,full,shing,1
dataset_1,full,hoss,1
dataset_1,full,inactions,1
dataset_1,full,nironic,1
dataset_1,full,longhorns,1
dataset_1,full,aggies,1
dataset_1,full,nlonghorns,1
dataset_1,full,whooooop,1
dataset_1,full,insubordination,1
dataset_1,full,slacker,1
dataset_1,full,matured,1
dataset_1,full,merrier,1
dataset_1,full,bullheaded,1
dataset_1,full,chelshit,1
dataset_1,full,tonights,1
dataset_1,full,dreamscapes,1
dataset_1,full,ncompletely,1
dataset_1,full,ndidn't,1
dataset_1,full,republicans',1
dataset_1,full,refusal,1
dataset_1,full,profiency,1
dataset_1,full,loathe,1
dataset_1,full,birch,1
dataset_1,full,'going,1
dataset_1,full,reservation',1
dataset_1,full,ttrying,1
dataset_1,full,practive,1
dataset_1,full,unpopular,1
dataset_1,full,contentious,1
dataset_1,full,contravened,1
dataset_1,full,closure,1
dataset_1,full,republican's,1
dataset_1,full,constituency,1
dataset_1,full,retaliating,1
dataset_1,full,nicaragua,1
dataset_1,full,argentina's,1
dataset_1,full,kelley,1
dataset_1,full,cyphertext,1
dataset_1,full,foxsfsnsfsms,1
dataset_1,full,cryptography,1
dataset_1,full,venividivici,1
dataset_1,full,bieng,1
dataset_1,full,carribeans,1
dataset_1,full,distorting,1
dataset_1,full,guzzler,1
dataset_1,full,dispensaries,1
dataset_1,full,gash,1
dataset_1,full,presentaions,1
dataset_1,full,longhand,1
dataset_1,full,clements,1
dataset_1,full,simon,1
dataset_1,full,schuster,1
dataset_1,full,hacve,1
dataset_1,full,alltel,1
dataset_1,full,nationality',1
dataset_1,full,carribean,1
dataset_1,full,usvi,1
dataset_1,full,disembarkement,1
dataset_1,full,inforamtion,1
dataset_1,full,faxes,1
dataset_1,full,'deleting,1
dataset_1,full,printing',1
dataset_1,full,'cancel',1
dataset_1,full,whined,1
dataset_1,full,nemo,1
dataset_1,full,spill,1
dataset_1,full,nskilled,1
dataset_1,full,tempos,1
dataset_1,full,chords,1
dataset_1,full,nquicksand,1
dataset_1,full,fireside,1
dataset_1,full,biographs,1
dataset_1,full,allmusic,1
dataset_1,full,yahooo,1
dataset_1,full,'connection,1
dataset_1,full,preferences',1
dataset_1,full,'firewall,1
dataset_1,full,proxies',1
dataset_1,full,nfirewall,1
dataset_1,full,bioengineering,1
dataset_1,full,synopsis,1
dataset_1,full,medsforcost,1
dataset_1,full,placebos,1
dataset_1,full,200gpm,1
dataset_1,full,incompressible,1
dataset_1,full,300pi,1
dataset_1,full,bertinelli's,1
dataset_1,full,character's,1
dataset_1,full,storke,1
dataset_1,full,quinine,1
dataset_1,full,145lb,1
dataset_1,full,is_____,1
dataset_1,full,454,1
dataset_1,full,microg,1
dataset_1,full,bavaria,1
dataset_1,full,naturalization,1
dataset_1,full,citizenry,1
dataset_1,full,miffed,1
dataset_1,full,'new,1
dataset_1,full,ethnocentric,1
dataset_1,full,consolate,1
dataset_1,full,scarier,1
dataset_1,full,firefighters,1
dataset_1,full,heros,1
dataset_1,full,tose,1
dataset_1,full,lucrative,1
dataset_1,full,recouped,1
dataset_1,full,ecommsolutions,1
dataset_1,full,predicate,1
dataset_1,full,plurals,1
dataset_1,full,agencys,1
dataset_1,full,npresent,1
dataset_1,full,linda,1
dataset_1,full,antecedent,1
dataset_1,full,beggars,1
dataset_1,full,foxs,1
dataset_1,full,____,1
dataset_1,full,participle,1
dataset_1,full,nquestions,1
dataset_1,full,tipical,1
dataset_1,full,rigth,1
dataset_1,full,someplace,1
dataset_1,full,would't,1
dataset_1,full,quadmayer,1
dataset_1,full,quadmyre,1
dataset_1,full,wishis,1
dataset_1,full,refigeration,1
dataset_1,full,nabsolute,1
dataset_1,full,273,1
dataset_1,full,impedance,1
dataset_1,full,transformer,1
dataset_1,full,recieves,1
dataset_1,full,nassemble,1
dataset_1,full,paramagnetic,1
dataset_1,full,reactivity,1
dataset_1,full,iread,1
dataset_1,full,workplans,1
dataset_1,full,wishing,1
dataset_1,full,geared,1
dataset_1,full,dialogues,1
dataset_1,full,oecd,1
dataset_1,full,ifc,1
dataset_1,full,dfid,1
dataset_1,full,gtz,1
dataset_1,full,degrees',1
dataset_1,full,counsel,1
dataset_1,full,imperfections,1
dataset_1,full,partiular,1
dataset_1,full,plat,1
dataset_1,full,convergent,1
dataset_1,full,asthenosphere,1
dataset_1,full,migrate,1
dataset_1,full,weakened,1
dataset_1,full,overriding,1
dataset_1,full,wadati,1
dataset_1,full,benioff,1
dataset_1,full,noceanic,1
dataset_1,full,nazca,1
dataset_1,full,strata,1
dataset_1,full,towering,1
dataset_1,full,cascadian,1
dataset_1,full,trenches,1
dataset_1,full,unavalible,1
dataset_1,full,maintanence,1
dataset_1,full,yoru,1
dataset_1,full,stpm,1
dataset_1,full,modernity,1
dataset_1,full,farish,1
dataset_1,full,noor,1
dataset_1,full,nsitting,1
dataset_1,full,woodcarver,1
dataset_1,full,pantai,1
dataset_1,full,cahaya,1
dataset_1,full,bulan,1
dataset_1,full,elder,1
dataset_1,full,woodcarvers,1
dataset_1,full,dignitaries,1
dataset_1,full,onlooker,1
dataset_1,full,malaysia's,1
dataset_1,full,kuala,1
dataset_1,full,lumpur,1
dataset_1,full,nbeneath,1
dataset_1,full,befits,1
dataset_1,full,revitalise,1
dataset_1,full,modernisation,1
dataset_1,full,conservatism,1
dataset_1,full,'un,1
dataset_1,full,islamic',1
dataset_1,full,'immoral',1
dataset_1,full,puppet,1
dataset_1,full,manora,1
dataset_1,full,dances,1
dataset_1,full,pastimes,1
dataset_1,full,ideological,1
dataset_1,full,nmalaysia,1
dataset_1,full,postcolonial,1
dataset_1,full,malaya,1
dataset_1,full,borneo,1
dataset_1,full,sabah,1
dataset_1,full,sarawak,1
dataset_1,full,nindependent,1
dataset_1,full,indianisation,1
dataset_1,full,kingdoms,1
dataset_1,full,majapahit,1
dataset_1,full,mataram,1
dataset_1,full,srivijaya,1
dataset_1,full,blended,1
dataset_1,full,taoist,1
dataset_1,full,confusianist,1
dataset_1,full,jukebox,1
dataset_1,full,nold,1
dataset_1,full,ntall,1
dataset_1,full,tester,1
dataset_1,full,quicktime7,1
dataset_1,full,dling,1
dataset_1,full,sorrws,1
dataset_1,full,kumbia,1
dataset_1,full,suuck,1
dataset_1,full,payback,1
dataset_1,full,copmany,1
dataset_1,full,glorifies,1
dataset_1,full,betrays,1
dataset_1,full,ouot,1
dataset_1,full,beaks,1
dataset_1,full,grouped,1
dataset_1,full,ndichotomous,1
dataset_1,full,taxonomic,1
dataset_1,full,taxon,1
dataset_1,full,alternatively,1
dataset_1,full,dichotomy,1
dataset_1,full,exammple,1
dataset_1,full,homeotherms,1
dataset_1,full,poikilotherms,1
dataset_1,full,turtles,1
dataset_1,full,retroactive,1
dataset_1,full,amt,1
dataset_1,full,prorate,1
dataset_1,full,___,1
dataset_1,full,________________,1
dataset_1,full,photosythesis,1
dataset_1,full,transduction,1
dataset_1,full,could've,1
dataset_1,full,astoundingly,1
dataset_1,full,sucker,1
dataset_1,full,rediffbol,1
dataset_1,full,reserch,1
dataset_1,full,aboat,1
dataset_1,full,erthquakein,1
dataset_1,full,subconsious,1
dataset_1,full,reallt,1
dataset_1,full,aqquainted,1
dataset_1,full,nexchange,1
dataset_1,full,iris,1
dataset_1,full,meander,1
dataset_1,full,thourgh,1
dataset_1,full,corridors,1
dataset_1,full,aromas's,1
dataset_1,full,npast,1
dataset_1,full,bleached,1
dataset_1,full,ncocooned,1
dataset_1,full,nresistence,1
dataset_1,full,suicidal,1
dataset_1,full,deities,1
dataset_1,full,cocooned,1
dataset_1,full,soars,1
dataset_1,full,nexistence,1
dataset_1,full,purgatory's,1
dataset_1,full,sown,1
dataset_1,full,blooms,1
dataset_1,full,mudvayne,1
dataset_1,full,cuvette,1
dataset_1,full,galvanometer,1
dataset_1,full,absorbance,1
dataset_1,full,monochromatic,1
dataset_1,full,beer's,1
dataset_1,full,spectrophtometer,1
dataset_1,full,kaka',1
dataset_1,full,muslem,1
dataset_1,full,rumoir,1
dataset_1,full,soursec,1
dataset_1,full,devout,1
dataset_1,full,rickykaka,1
dataset_1,full,arbiya,1
dataset_1,full,rumout,1
dataset_1,full,seach,1
dataset_1,full,annonced,1
dataset_1,full,donot,1
dataset_1,full,thumpers,1
dataset_1,full,pharisees,1
dataset_1,full,thumping,1
dataset_1,full,theological,1
dataset_1,full,nsatan,1
dataset_1,full,tricking,1
dataset_1,full,thyself,1
dataset_1,full,workman,1
dataset_1,full,needeth,1
dataset_1,full,nphairisees,1
dataset_1,full,pneumonoultramicroscopicsilicovulcanoconiosis,1
dataset_1,full,din't,1
dataset_1,full,defination,1
dataset_1,full,conxenant,1
dataset_1,full,skips,1
dataset_1,full,3a,1
dataset_1,full,autographic,1
dataset_1,full,assistence,1
dataset_1,full,nscalar,1
dataset_1,full,nvector,1
dataset_1,full,nmatrix,1
dataset_1,full,tensor,1
dataset_1,full,hi5,1
dataset_1,full,novices,1
dataset_1,full,operators,1
dataset_1,full,briefcase,1
dataset_1,full,nintitle,1
dataset_1,full,mpg,1
dataset_1,full,wmv,1
dataset_1,full,strauss,1
dataset_1,full,ninurl,1
dataset_1,full,intitle,1
dataset_1,full,intext,1
dataset_1,full,specailty,1
dataset_1,full,climatic,1
dataset_1,full,conditons,1
dataset_1,full,facilitates,1
dataset_1,full,andhra,1
dataset_1,full,nlots,1
dataset_1,full,immunes,1
dataset_1,full,trustee,1
dataset_1,full,deposition,1
dataset_1,full,mukta,1
dataset_1,full,vati,1
dataset_1,full,nevermind,1
dataset_1,full,goalby,1
dataset_1,full,typemore,1
dataset_1,full,robinho,1
dataset_1,full,archetechure,1
dataset_1,full,msil,1
dataset_1,full,cose,1
dataset_1,full,spacecrafts,1
dataset_1,full,requisite,1
dataset_1,full,naliens,1
dataset_1,full,possiblity,1
dataset_1,full,'08,1
dataset_1,full,chalkboard,1
dataset_1,full,lu1845,1
dataset_1,full,nreason,1
dataset_1,full,nlu1845,1
dataset_1,full,knowledgebase,1
dataset_1,full,2004010509301513,1
dataset_1,full,symantec,1
dataset_1,full,autofix,1
dataset_1,full,streaks,1
dataset_1,full,underware,1
dataset_1,full,decemember,1
dataset_1,full,nbethany,1
dataset_1,full,ncalifornia,1
dataset_1,full,nchapman,1
dataset_1,full,nclark,1
dataset_1,full,ndrury,1
dataset_1,full,neastern,1
dataset_1,full,nharding,1
dataset_1,full,gaim,1
dataset_1,full,sweety,1
dataset_1,full,vb6,1
dataset_1,full,sql2000,1
dataset_1,full,levies,1
dataset_1,full,reverses,1
dataset_1,full,beatrice,1
dataset_1,full,faumunia,1
dataset_1,full,constalation,1
dataset_1,full,geophysical,1
dataset_1,full,sprites,1
dataset_1,full,imaging,1
dataset_1,full,during1993,1
dataset_1,full,vlf,1
dataset_1,full,rationally,1
dataset_1,full,nephron,1
dataset_1,full,bussines,1
dataset_1,full,stautus,1
dataset_1,full,llegal,1
dataset_1,full,lejeune,1
dataset_1,full,pendelton,1
dataset_1,full,gop,1
dataset_1,full,34d,1
dataset_1,full,cleavage,1
dataset_1,full,vicotria's,1
dataset_1,full,todd,1
dataset_1,full,bertuzzi,1
dataset_1,full,lockout,1
dataset_1,full,pleasures,1
dataset_1,full,steaks,1
dataset_1,full,p's,1
dataset_1,full,freeloadin,1
dataset_1,full,widowed,1
dataset_1,full,sinful,1
dataset_1,full,disobeying,1
dataset_1,full,generous,1
dataset_1,full,dollors,1
dataset_1,full,forreal,1
dataset_1,full,reassuring,1
dataset_1,full,bathes,1
dataset_1,full,neato,1
dataset_1,full,summertime,1
dataset_1,full,patches,1
dataset_1,full,sandler,1
dataset_1,full,happey,1
dataset_1,full,sandestin,1
dataset_1,full,nintrawest,1
dataset_1,full,patriot's,1
dataset_1,full,belicek,1
dataset_1,full,belicek's,1
dataset_1,full,debby,1
dataset_1,full,digg,1
dataset_1,full,dahquiz6,1
dataset_1,full,darkly,1
dataset_1,full,allegory,1
dataset_1,full,mirroly,1
dataset_1,full,destroyer,1
dataset_1,full,dblemindead,1
dataset_1,full,ntwain,1
dataset_1,full,babes,1
dataset_1,full,nmilky,1
dataset_1,full,ngrow,1
dataset_1,full,nabove,1
dataset_1,full,saluditos,1
dataset_1,full,jrd89,1
dataset_1,full,'compose',1
dataset_1,full,files',1
dataset_1,full,'open',1
dataset_1,full,file',1
dataset_1,full,'continue,1
dataset_1,full,message',1
dataset_1,full,nmission,1
dataset_1,full,rename,1
dataset_1,full,hoovervilles,1
dataset_1,full,nday,1
dataset_1,full,holland,1
dataset_1,full,alberica,1
dataset_1,full,brivio,1
dataset_1,full,sforza,1
dataset_1,full,intelligance,1
dataset_1,full,jinde,1
dataset_1,full,60kgs,1
dataset_1,full,600000kgs,1
dataset_1,full,galactic,1
dataset_1,full,boggling,1
dataset_1,full,gravitationally,1
dataset_1,full,slighter,1
dataset_1,full,nnewton,1
dataset_1,full,expresses,1
dataset_1,full,67259x10,1
dataset_1,full,11m3,1
dataset_1,full,999,1
dataset_1,full,3e,1
dataset_1,full,1611,1
dataset_1,full,readable,1
dataset_1,full,tightest,1
dataset_1,full,orator's,1
dataset_1,full,poetic,1
dataset_1,full,ironically,1
dataset_1,full,spre,1
dataset_1,full,chen,1
dataset_1,full,doich,1
dataset_1,full,sreak,1
dataset_1,full,steny,1
dataset_1,full,hoyer,1
dataset_1,full,sercies,1
dataset_1,full,subducted,1
dataset_1,full,undearneath,1
dataset_1,full,disconights,1
dataset_1,full,reticuli,1
dataset_1,full,zetas,1
dataset_1,full,playful,1
dataset_1,full,mannerisms,1
dataset_1,full,decriminalize,1
dataset_1,full,1921,1
dataset_1,full,labouriau,1
dataset_1,full,labourian,1
dataset_1,full,citing,1
dataset_1,full,writer's,1
dataset_1,full,stressing,1
dataset_1,full,mirc,1
dataset_1,full,wanda,1
dataset_1,full,quickie,1
dataset_1,full,towed,1
dataset_1,full,andersons,1
dataset_1,full,matt's,1
dataset_1,full,coopers,1
dataset_1,full,nmom,1
dataset_1,full,startled,1
dataset_1,full,puzzlied,1
dataset_1,full,anam's,1
dataset_1,full,puzzling,1
dataset_1,full,anam,1
dataset_1,full,constrained,1
dataset_1,full,couln't,1
dataset_1,full,delhomme's,1
dataset_1,full,prt,1
dataset_1,full,ptr,1
dataset_1,full,100i,1
dataset_1,full,nanyhow,1
dataset_1,full,excactly,1
dataset_1,full,joanne,1
dataset_1,full,kathleen,1
dataset_1,full,rowling,1
dataset_1,full,aquarius,1
dataset_1,full,aquarian,1
dataset_1,full,kehkashan,1
dataset_1,full,afl,1
dataset_1,full,dail,1
dataset_1,full,dailer,1
dataset_1,full,hexed,1
dataset_1,full,hyde,1
dataset_1,full,assiciates,1
dataset_1,full,pastry,1
dataset_1,full,npoland,1
dataset_1,full,ncosta,1
dataset_1,full,nparaguay,1
dataset_1,full,nivory,1
dataset_1,full,nserbia,1
dataset_1,full,nangola,1
dataset_1,full,nghana,1
dataset_1,full,ncroatia,1
dataset_1,full,njapan,1
dataset_1,full,nswitzerland,1
dataset_1,full,ntogo,1
dataset_1,full,nukrain,1
dataset_1,full,ntunisia,1
dataset_1,full,doube,1
dataset_1,full,2v,1
dataset_1,full,doubleu,1
dataset_1,full,v's,1
dataset_1,full,bikini,1
dataset_1,full,improperly,1
dataset_1,full,overclocked,1
dataset_1,full,exchanger,1
dataset_1,full,4gb,1
dataset_1,full,hds,1
dataset_1,full,gtx,1
dataset_1,full,7800,1
dataset_1,full,600w,1
dataset_1,full,blowers,1
dataset_1,full,24inch,1
dataset_1,full,downloand,1
dataset_1,full,pavilion,1
dataset_1,full,copyrighted,1
dataset_1,full,copt,1
dataset_1,full,nsection,1
dataset_1,full,naturalized,1
dataset_1,full,abridge,1
dataset_1,full,immunities,1
dataset_1,full,technicaly,1
dataset_1,full,tupac,1
dataset_1,full,shakur,1
dataset_1,full,scummy,1
dataset_1,full,biggie,1
dataset_1,full,smalls,1
dataset_1,full,implanted,1
dataset_1,full,hubble,1
dataset_1,full,starvig,1
dataset_1,full,belived,1
dataset_1,full,chrisitianity,1
dataset_1,full,beliveing,1
dataset_1,full,persacuted,1
dataset_1,full,componnents,1
dataset_1,full,adevice,1
dataset_1,full,charactaristic,1
dataset_1,full,presto,1
dataset_1,full,subscribed,1
dataset_1,full,accessed,1
dataset_1,full,nusername,1
dataset_1,full,himalaya,1
dataset_1,full,tibet,1
dataset_1,full,nmeasurement,1
dataset_1,full,nradhanath,1
dataset_1,full,sikdar,1
dataset_1,full,surveyor,1
dataset_1,full,1852,1
dataset_1,full,trigonometric,1
dataset_1,full,839,1
dataset_1,full,002,1
dataset_1,full,840,1
dataset_1,full,k2,1
dataset_1,full,251,1
dataset_1,full,china's,1
dataset_1,full,months',1
dataset_1,full,prc's,1
dataset_1,full,surveying,1
dataset_1,full,844,1
dataset_1,full,017,1
dataset_1,full,mont,1
dataset_1,full,blanc,1
dataset_1,full,tangiri,1
dataset_1,full,shyngy,1
dataset_1,full,summiteers,1
dataset_1,full,reaffirmed,1
dataset_1,full,bradford,1
dataset_1,full,anchored,1
dataset_1,full,bedrock,1
dataset_1,full,850,1
dataset_1,full,035,1
dataset_1,full,discrepancy,1
dataset_1,full,surveys',1
dataset_1,full,eastwards,1
dataset_1,full,northeastwards,1
dataset_1,full,shrinkage,1
dataset_1,full,neverest,1
dataset_1,full,mauna,1
dataset_1,full,kea,1
dataset_1,full,203,1
dataset_1,full,205,1
dataset_1,full,796,1
dataset_1,full,113,1
dataset_1,full,967,1
dataset_1,full,382,1
dataset_1,full,965,1
dataset_1,full,bulges,1
dataset_1,full,267,1
dataset_1,full,561,1
dataset_1,full,challenger,1
dataset_1,full,mariana,1
dataset_1,full,trench,1
dataset_1,full,conferences,1
dataset_1,full,pra,1
dataset_1,full,voce,1
dataset_1,full,sara,1
dataset_1,full,speciale,1
dataset_1,full,arranging,1
dataset_1,full,trish,1
dataset_1,full,stratus,1
dataset_1,full,underarms,1
dataset_1,full,landrover,1
dataset_1,full,powerstation,1
dataset_1,full,asssss,1
dataset_1,full,thuoght,1
dataset_1,full,ina,1
dataset_1,full,postcode,1
dataset_1,full,profesional,1
dataset_1,full,counsler,1
dataset_1,full,ficticous,1
dataset_1,full,divinity,1
dataset_1,full,surviving,1
dataset_1,full,sects,1
dataset_1,full,theorical,1
dataset_1,full,stunts,1
dataset_1,full,yamakasi,1
dataset_1,full,fraternity,1
dataset_1,full,hazing,1
dataset_1,full,yeh,1
dataset_1,full,successes,1
dataset_1,full,vowel,1
dataset_1,full,consonant,1
dataset_1,full,sororities,1
dataset_1,full,supernumerary,1
dataset_1,full,phoenician,1
dataset_1,full,cyrillic,1
dataset_1,full,unrelated,1
dataset_1,full,cypriot,1
dataset_1,full,syllabary,1
dataset_1,full,epsilon,1
dataset_1,full,eta,1
dataset_1,full,iota,1
dataset_1,full,kappa,1
dataset_1,full,lambda,1
dataset_1,full,xi,1
dataset_1,full,omicron,1
dataset_1,full,rho,1
dataset_1,full,tau,1
dataset_1,full,upsilon,1
dataset_1,full,phi,1
dataset_1,full,mmmm,1
dataset_1,full,steings,1
dataset_1,full,infuriate,1
dataset_1,full,reelection,1
dataset_1,full,unlimitedownloads,1
dataset_1,full,unlimiteddownloads,1
dataset_1,full,copywrited,1
dataset_1,full,energized,1
dataset_1,full,joggers,1
dataset_1,full,casuals,1
dataset_1,full,wachting,1
dataset_1,full,unusuall,1
dataset_1,full,you'r,1
dataset_1,full,dugouts,1
dataset_1,full,dugout,1
dataset_1,full,myq,1
dataset_1,full,'civil,1
dataset_1,full,rescind,1
dataset_1,full,revisit,1
dataset_1,full,handily,1
dataset_1,full,sanctioned,1
dataset_1,full,nadditional,1
dataset_1,full,defacto,1
dataset_1,full,irevokably,1
dataset_1,full,christonazies,1
dataset_1,full,maritimes,1
dataset_1,full,gettin',1
dataset_1,full,drilled,1
dataset_1,full,worshipping,1
dataset_1,full,lotr,1
dataset_1,full,tolkein,1
dataset_1,full,powerade's,1
dataset_1,full,nconsidering,1
dataset_1,full,cheep,1
dataset_1,full,mn,1
dataset_1,full,fractions,1
dataset_1,full,multipy,1
dataset_1,full,sylvan,1
dataset_1,full,madisin,1
dataset_1,full,her's,1
dataset_1,full,nboss',1
dataset_1,full,followin,1
dataset_1,full,11x,1
dataset_1,full,adoptive,1
dataset_1,full,streamlined,1
dataset_1,full,stepparents,1
dataset_1,full,dispense,1
dataset_1,full,custodial,1
dataset_1,full,stepchild,1
dataset_1,full,stepparent's,1
dataset_1,full,consenting,1
dataset_1,full,relinquishes,1
dataset_1,full,proceeding,1
dataset_1,full,summaries,1
dataset_1,full,int0,1
dataset_1,full,mite,1
dataset_1,full,stp,1
dataset_1,full,nummm,1
dataset_1,full,oftheprimefactorsofthatcompositenumberis11,1
dataset_1,full,primes,1
dataset_1,full,countriess,1
dataset_1,full,bac,1
dataset_1,full,buenilum,1
dataset_1,full,buenilumville,1
dataset_1,full,dance',1
dataset_1,full,ull,1
dataset_1,full,sholuld,1
dataset_1,full,155lbs,1
dataset_1,full,increments,1
dataset_1,full,xerxes,1
dataset_1,full,modernize,1
dataset_1,full,cad,1
dataset_1,full,40min,1
dataset_1,full,indexes,1
dataset_1,full,catched,1
dataset_1,full,mycotic,1
dataset_1,full,cornial,1
dataset_1,full,discribe,1
dataset_1,full,dynasties,1
dataset_1,full,200x,1
dataset_1,full,naww,1
dataset_1,full,memorable,1
dataset_1,full,sedition,1
dataset_1,full,cronies,1
dataset_1,full,electing,1
dataset_1,full,mulims,1
dataset_1,full,hiroshima,1
dataset_1,full,nagasaki,1
dataset_1,full,padded,1
dataset_1,full,bras,1
dataset_1,full,actuall,1
dataset_1,full,indescribable,1
dataset_1,full,outsource,1
dataset_1,full,rehire,1
dataset_1,full,burdens,1
dataset_1,full,telescopic,1
dataset_1,full,tangle,1
dataset_1,full,reel,1
dataset_1,full,telescoping,1
dataset_1,full,unintentionally,1
dataset_1,full,tangled,1
dataset_1,full,interior,1
dataset_1,full,reels,1
dataset_1,full,spooled,1
dataset_1,full,procurement,1
dataset_1,full,oreosmundi,1
dataset_1,full,clooney,1
dataset_1,full,jordy,1
dataset_1,full,nmary,1
dataset_1,full,cosigner,1
dataset_1,full,logins,1
dataset_1,full,webservices,1
dataset_1,full,evedant,1
dataset_1,full,dowloaded,1
dataset_1,full,regester,1
dataset_1,full,anvirus,1
dataset_1,full,lavasoft,1
dataset_1,full,cardboard,1
dataset_1,full,nexpand,1
dataset_1,full,n154,1
dataset_1,full,n4x,1
dataset_1,full,25x,1
dataset_1,full,incurring,1
dataset_1,full,beanbags,1
dataset_1,full,fatboy,1
dataset_1,full,beanbag,1
dataset_1,full,230,1
dataset_1,full,flattened,1
dataset_1,full,'has,1
dataset_1,full,boyfreind,1
dataset_1,full,snacks,1
dataset_1,full,videogame,1
dataset_1,full,alc,1
dataset_1,full,evacuee,1
dataset_1,full,mainline,1
dataset_1,full,evacuees,1
dataset_1,full,inflict,1
dataset_1,full,dogh,1
dataset_1,full,saturate,1
dataset_1,full,cnet's,1
dataset_1,full,artistlauch,1
dataset_1,full,soundclick,1
dataset_1,full,iac,1
dataset_1,full,heartbreak,1
dataset_1,full,artistpr,1
dataset_1,full,sonicbids,1
dataset_1,full,stagnant,1
dataset_1,full,hiking,1
dataset_1,full,horseback,1
dataset_1,full,stationed,1
dataset_1,full,biller,1
dataset_1,full,prelude,1
dataset_1,full,suzy,1
dataset_1,full,hathcaps,1
dataset_1,full,vessal,1
dataset_1,full,homosexual's,1
dataset_1,full,surrogacy,1
dataset_1,full,peacemakers,1
dataset_1,full,chosing,1
dataset_1,full,snowhill,1
dataset_1,full,sis',1
dataset_1,full,fennel,1
dataset_1,full,houlba,1
dataset_1,full,therapeutical,1
dataset_1,full,pritchard,1
dataset_1,full,cliff,1
dataset_1,full,hanger,1
dataset_1,full,ensuring,1
dataset_1,full,hheellp,1
dataset_1,full,hospitable,1
dataset_1,full,landers,1
dataset_1,full,varieties,1
dataset_1,full,dogwood,1
dataset_1,full,sprinkled,1
dataset_1,full,strolling,1
dataset_1,full,snows,1
dataset_1,full,oasis,1
dataset_1,full,conceving,1
dataset_1,full,fertile,1
dataset_1,full,ovulation,1
dataset_1,full,riduclous,1
dataset_1,full,kiling,1
dataset_1,full,ration,1
dataset_1,full,tampered,1
dataset_1,full,panicked,1
dataset_1,full,regulating,1
dataset_1,full,restricts,1
dataset_1,full,clamydia,1
dataset_1,full,grosser,1
dataset_1,full,wattafe,1
dataset_1,full,is120v,1
dataset_1,full,12a,1
dataset_1,full,amps,1
dataset_1,full,120x0,1
dataset_1,full,4watts,1
dataset_1,full,sue's,1
dataset_1,full,ncombine,1
dataset_1,full,nsubtract,1
dataset_1,full,njon,1
dataset_1,full,psycologist,1
dataset_1,full,sigue,1
dataset_1,full,vivas,1
dataset_1,full,sigas,1
dataset_1,full,amigo,1
dataset_1,full,amiga,1
dataset_1,full,amo,1
dataset_1,full,estoy,1
dataset_1,full,pensando,1
dataset_1,full,clew,1
dataset_1,full,intercede,1
dataset_1,full,hale,1
dataset_1,full,nfield,1
dataset_1,full,narley,1
dataset_1,full,socal,1
dataset_1,full,ntotally,1
dataset_1,full,nfer,1
dataset_1,full,nwhoa,1
dataset_1,full,nduuuuude,1
dataset_1,full,llllooooolllll,1
dataset_1,full,selct,1
dataset_1,full,permisisions,1
dataset_1,full,nmultiprocessing,1
dataset_1,full,symmetric,1
dataset_1,full,smp,1
dataset_1,full,concurrently,1
dataset_1,full,reassigning,1
dataset_1,full,switches,1
dataset_1,full,parallelism,1
dataset_1,full,multiprocessor,1
dataset_1,full,rtos,1
dataset_1,full,telephones,1
dataset_1,full,confuses,1
dataset_1,full,padalecki,1
dataset_1,full,b'ham,1
dataset_1,full,defagment,1
dataset_1,full,disck,1
dataset_1,full,seafront,1
dataset_1,full,ejactulated,1
dataset_1,full,ejaculations,1
dataset_1,full,'shoot,1
dataset_1,full,out',1
dataset_1,full,dribble,1
dataset_1,full,ein,1
dataset_1,full,ss4,1
dataset_1,full,proprietor,1
dataset_1,full,proprietorship,1
dataset_1,full,sprung,1
dataset_1,full,meyer's,1
dataset_1,full,tv4win,1
dataset_1,full,assosiated,1
dataset_1,full,mlm's,1
dataset_1,full,mlm,1
dataset_1,full,mone,1
dataset_1,full,joecartoon,1
dataset_1,full,germay,1
dataset_1,full,barton,1
dataset_1,full,manifesto,1
dataset_1,full,dfes,1
dataset_1,full,experieced,1
dataset_1,full,stich,1
dataset_1,full,lucid,1
dataset_1,full,constantinople,1
dataset_1,full,1097,1
dataset_1,full,wahat,1
dataset_1,full,webmail,1
dataset_1,full,defective,1
dataset_1,full,lortabs,1
dataset_1,full,expell,1
dataset_1,full,ethically,1
dataset_1,full,excusing,1
dataset_1,full,fare,1
dataset_1,full,defensively,1
dataset_1,full,beasley,1
dataset_1,full,quarterfinals,1
dataset_1,full,outclassed,1
dataset_1,full,recipt,1
dataset_1,full,stereotyping,1
dataset_1,full,berate,1
dataset_1,full,lacadaisical,1
dataset_1,full,accross,1
dataset_1,full,apathy,1
dataset_1,full,undetected,1
dataset_1,full,undocumented,1
dataset_1,full,j'aimerai,1
dataset_1,full,integrer,1
dataset_1,full,actuellement,1
dataset_1,full,senegal,1
dataset_1,full,parveni,1
dataset_1,full,juste,1
dataset_1,full,paierai,1
dataset_1,full,cours,1
dataset_1,full,jouant,1
dataset_1,full,devient,1
dataset_1,full,suffisamment,1
dataset_1,full,reconna,1
dataset_1,full,lectionner,1
dataset_1,full,l'international,1
dataset_1,full,anaylsis,1
dataset_1,full,8382,1
dataset_1,full,caveats,1
dataset_1,full,reporteddose,1
dataset_1,full,baumgartner,1
dataset_1,full,balabanova,1
dataset_1,full,harkey,1
dataset_1,full,ller,1
dataset_1,full,narrestees,1
dataset_1,full,reuschel,1
dataset_1,full,nneonates,1
dataset_1,full,ninfants,1
dataset_1,full,sanctioning,1
dataset_1,full,crusades,1
dataset_1,full,repressing,1
dataset_1,full,'heretics',1
dataset_1,full,imaged,1
dataset_1,full,unsubstantiated,1
dataset_1,full,consititute,1
dataset_1,full,stll,1
dataset_1,full,successiful,1
dataset_1,full,hdb,1
dataset_1,full,bombshelter,1
dataset_1,full,bombed,1
dataset_1,full,storeroom,1
dataset_1,full,preventive,1
dataset_1,full,oberson,1
dataset_1,full,nentertainment,1
dataset_1,full,natere,1
dataset_1,full,matematical,1
dataset_1,full,1509,1
dataset_1,full,luca,1
dataset_1,full,pacioli,1
dataset_1,full,divina,1
dataset_1,full,proportione,1
dataset_1,full,vinci's,1
dataset_1,full,mona,1
dataset_1,full,lisa,1
dataset_1,full,equivalents,1
dataset_1,full,corbusier,1
dataset_1,full,pancrease,1
dataset_1,full,chyme,1
dataset_1,full,ingested,1
dataset_1,full,digested,1
dataset_1,full,cholecystokinin,1
dataset_1,full,secretin,1
dataset_1,full,feces,1
dataset_1,full,interfered,1
dataset_1,full,ssaver,1
dataset_1,full,detects,1
dataset_1,full,glitch,1
dataset_1,full,stub,1
dataset_1,full,malawi,1
dataset_1,full,bingu,1
dataset_1,full,mutharika,1
dataset_1,full,christain's,1
dataset_1,full,dif,1
dataset_1,full,thinked,1
dataset_1,full,benet,1
dataset_1,full,unremarkable,1
dataset_1,full,challange,1
dataset_1,full,allure,1
dataset_1,full,sneaking,1
dataset_1,full,eyelash,1
dataset_1,full,eyelids,1
dataset_1,full,eyelashes,1
dataset_1,full,dumping,1
dataset_1,full,nmd,1
dataset_1,full,judged,1
dataset_1,full,integellent,1
dataset_1,full,associate's,1
dataset_1,full,semester's,1
dataset_1,full,ren,1
dataset_1,full,demeaning,1
dataset_1,full,exposing,1
dataset_1,full,gothic,1
dataset_1,full,scary_gothic_chic,1
dataset_1,full,duchy,1
dataset_1,full,963,1
dataset_1,full,iscreative,1
dataset_1,full,soundblaster,1
dataset_1,full,asus,1
dataset_1,full,a8n32_sli,1
dataset_1,full,evry,1
dataset_1,full,gpu,1
dataset_1,full,sli,1
dataset_1,full,defintely,1
dataset_1,full,inbuild,1
dataset_1,full,realtek,1
dataset_1,full,adviced,1
dataset_1,full,statesians,1
dataset_1,full,americo,1
dataset_1,full,mapper,1
dataset_1,full,norteamericanos,1
dataset_1,full,estadounidenses,1
dataset_1,full,northamericans,1
dataset_1,full,unitedstatsians,1
dataset_1,full,gringolandia,1
dataset_1,full,saxon's,1
dataset_1,full,industrious,1
dataset_1,full,eluded,1
dataset_1,full,urls,1
dataset_1,full,peruse,1
dataset_1,full,nmosta,1
dataset_1,full,nmartha's,1
dataset_1,full,nblessings,1
dataset_1,full,tauzin,1
dataset_1,full,clearinghouses,1
dataset_1,full,nprescription,1
dataset_1,full,794,1
dataset_1,full,6446,1
dataset_1,full,982,1
dataset_1,full,7948,1
dataset_1,full,743,1
dataset_1,full,457,1
dataset_1,full,9432,1
dataset_1,full,6745,1
dataset_1,full,923,1
dataset_1,full,6765,1
dataset_1,full,ndeveloped,1
dataset_1,full,enrolling,1
dataset_1,full,sponsor's,1
dataset_1,full,dispenses,1
dataset_1,full,representatives',1
dataset_1,full,224,1
dataset_1,full,5364,1
dataset_1,full,nuniverse,1
dataset_1,full,conceivable,1
dataset_1,full,noperate,1
dataset_1,full,ngrossly,1
dataset_1,full,mencken,1
dataset_1,full,nicked,1
dataset_1,full,thank's,1
dataset_1,full,saif,1
dataset_1,full,reshmia,1
dataset_1,full,120mm,1
dataset_1,full,1000mm,1
dataset_1,full,1200mm,1
dataset_1,full,nmulti,1
dataset_1,full,optically,1
dataset_1,full,aperture,1
dataset_1,full,eyepiece,1
dataset_1,full,25mm,1
dataset_1,full,magnification,1
dataset_1,full,panicing,1
dataset_1,full,panicking,1
dataset_1,full,vedge,1
dataset_1,full,panicky,1
dataset_1,full,ignoramus,1
dataset_1,full,blissful,1
dataset_1,full,500ft,1
dataset_1,full,thisis,1
dataset_1,full,everbeen,1
dataset_1,full,hemicolectomy,1
dataset_1,full,pathologic,1
dataset_1,full,prioviders,1
dataset_1,full,aproach,1
dataset_1,full,smallville,1
dataset_1,full,dane,1
dataset_1,full,figurine,1
dataset_1,full,nunchuks,1
dataset_1,full,mantra,1
dataset_1,full,libbys,1
dataset_1,full,novels,1
dataset_1,full,oppenent,1
dataset_1,full,asnwer,1
dataset_1,full,invoking,1
dataset_1,full,rmi,1
dataset_1,full,'f,1
dataset_1,full,ascetic,1
dataset_1,full,monasticism,1
dataset_1,full,gnosticism,1
dataset_1,full,mysticism,1
dataset_1,full,penitents,1
dataset_1,full,zuhhad,1
dataset_1,full,formative,1
dataset_1,full,pious,1
dataset_1,full,appropriated,1
dataset_1,full,hasan,1
dataset_1,full,basri,1
dataset_1,full,801,1
dataset_1,full,rabia,1
dataset_1,full,adawiyya,1
dataset_1,full,basra,1
dataset_1,full,adoration,1
dataset_1,full,sufi,1
dataset_1,full,ascetics,1
dataset_1,full,jerking,1
dataset_1,full,bargain,1
dataset_1,full,prosecuted,1
dataset_1,full,pejorative,1
dataset_1,full,obsequiously,1
dataset_1,full,servile,1
dataset_1,full,accommodating,1
dataset_1,full,beecher,1
dataset_1,full,stowe's,1
dataset_1,full,allegiances,1
dataset_1,full,critics,1
dataset_1,full,detrimental,1
dataset_1,full,estonia,1
dataset_1,full,ngraduated,1
dataset_1,full,dorioncanada,1
dataset_1,full,utterly,1
dataset_1,full,cart,1
dataset_1,full,akward,1
dataset_1,full,plentiful,1
dataset_1,full,locale,1
dataset_1,full,namnd,1
dataset_1,full,fauna,1
dataset_1,full,environmentalist,1
dataset_1,full,homeless,1
dataset_1,full,reminding,1
dataset_1,full,hmcscoop,1
dataset_1,full,glutton,1
dataset_1,full,ncrap,1
dataset_1,full,nheheh,1
dataset_1,full,spicy,1
dataset_1,full,insurgency,1
dataset_1,full,anywayz,1
dataset_1,full,fridges,1
dataset_1,full,pciked,1
dataset_1,full,lck,1
dataset_1,full,tomator,1
dataset_1,full,allllllllll,1
dataset_1,full,saucy,1
dataset_1,full,frodge,1
dataset_1,full,battalion,1
dataset_1,full,cm3,1
dataset_1,full,m3,1
dataset_1,full,pulpit,1
dataset_1,full,proceeded,1
dataset_1,full,nupon,1
dataset_1,full,consecrated,1
dataset_1,full,constipated,1
dataset_1,full,wagered,1
dataset_1,full,goliath,1
dataset_1,full,supper,1
dataset_1,full,grub,1
dataset_1,full,shaven,1
dataset_1,full,advised,1
dataset_1,full,wildfire,1
dataset_1,full,npopeye's,1
dataset_1,full,nchurch's,1
dataset_1,full,lynchings,1
dataset_1,full,ntommy,1
dataset_1,full,hilfiger,1
dataset_1,full,nliz,1
dataset_1,full,clairborne,1
dataset_1,full,finalists,1
dataset_1,full,germanys,1
dataset_1,full,zoo,1
dataset_1,full,tycoon,1
dataset_1,full,jerky,1
dataset_1,full,nintel,1
dataset_1,full,66ghz,1
dataset_1,full,n667,1
dataset_1,full,fsb,1
dataset_1,full,n256,1
dataset_1,full,go7400,1
dataset_1,full,849,1
dataset_1,full,namd,1
dataset_1,full,turion64,1
dataset_1,full,6ghz,1
dataset_1,full,n1600,1
dataset_1,full,hypertransport,1
dataset_1,full,n128,1
dataset_1,full,x200,1
dataset_1,full,5118,1
dataset_1,full,sattle,1
dataset_1,full,stings,1
dataset_1,full,muore,1
dataset_1,full,fencing,1
dataset_1,full,execercis,1
dataset_1,full,disclosure,1
dataset_1,full,accountants,1
dataset_1,full,officer's,1
dataset_1,full,deductions,1
dataset_1,full,homeand,1
dataset_1,full,expierences,1
dataset_1,full,omitting,1
dataset_1,full,distinguish,1
dataset_1,full,differentiates,1
dataset_1,full,pcworld,1
dataset_1,full,infomation,1
dataset_1,full,preferrably,1
dataset_1,full,elgin,1
dataset_1,full,signify,1
dataset_1,full,1689,1
dataset_1,full,groundwork,1
dataset_1,full,groundworks,1
dataset_1,full,liberalism,1
dataset_1,full,canonical,1
dataset_1,full,autonomy,1
dataset_1,full,harmed,1
dataset_1,full,bellum,1
dataset_1,full,omnium,1
dataset_1,full,contra,1
dataset_1,full,omnes,1
dataset_1,full,figurehead,1
dataset_1,full,delegation,1
dataset_1,full,1754,1
dataset_1,full,discourse,1
dataset_1,full,inequality,1
dataset_1,full,ambiguity,1
dataset_1,full,persists,1
dataset_1,full,polemic,1
dataset_1,full,irenical,1
dataset_1,full,realist,1
dataset_1,full,1642,1
dataset_1,full,nviolations,1
dataset_1,full,failings,1
dataset_1,full,renegotiate,1
dataset_1,full,legislature,1
dataset_1,full,theorized,1
dataset_1,full,fulfill,1
dataset_1,full,hardin,1
dataset_1,full,foucault,1
dataset_1,full,gilles,1
dataset_1,full,deleuze,1
dataset_1,full,insted,1
dataset_1,full,nburn,1
dataset_1,full,darken,1
dataset_1,full,suffeciently,1
dataset_1,full,darkned,1
dataset_1,full,analyzing,1
dataset_1,full,blends,1
dataset_1,full,backround,1
dataset_1,full,gallery,1
dataset_1,full,qc,1
dataset_1,full,mcgill,1
dataset_1,full,classifies,1
dataset_1,full,28degree,1
dataset_1,full,vaginaly,1
dataset_1,full,hesitant,1
dataset_1,full,epidural,1
dataset_1,full,altho,1
dataset_1,full,stregthens,1
dataset_1,full,blatantly,1
dataset_1,full,mistranslate,1
dataset_1,full,bowed,1
dataset_1,full,nkjv,1
dataset_1,full,weep,1
dataset_1,full,ruth,1
dataset_1,full,strong's,1
dataset_1,full,gadal,1
dataset_1,full,gaw,1
dataset_1,full,dal',1
dataset_1,full,h1434,1
dataset_1,full,causatively,1
dataset_1,full,ifical,1
dataset_1,full,proudly,1
dataset_1,full,biggs,1
dataset_1,full,qal,1
dataset_1,full,n1a1,1
dataset_1,full,n1a2,1
dataset_1,full,n1a3,1
dataset_1,full,piel,1
dataset_1,full,n1b1,1
dataset_1,full,n1b2,1
dataset_1,full,n1b3,1
dataset_1,full,n1c,1
dataset_1,full,pual,1
dataset_1,full,n1d,1
dataset_1,full,hiphil,1
dataset_1,full,n1d1,1
dataset_1,full,n1d2,1
dataset_1,full,n1d3,1
dataset_1,full,n1e,1
dataset_1,full,hithpael,1
dataset_1,full,nnowhere,1
dataset_1,full,condoned,1
dataset_1,full,commentaries,1
dataset_1,full,nlawrence,1
dataset_1,full,miliard,1
dataset_1,full,illegal's,1
dataset_1,full,soundclip,1
dataset_1,full,dumbest,1
dataset_1,full,racomend,1
dataset_1,full,unlease,1
dataset_1,full,usaly,1
dataset_1,full,issuer,1
dataset_1,full,cardholder,1
dataset_1,full,namespaces,1
dataset_1,full,httpwebrequest,1
dataset_1,full,physiologist,1
dataset_1,full,nutritionally,1
dataset_1,full,stepper,1
dataset_1,full,reins,1
dataset_1,full,abracadabra,1
dataset_1,full,nmonday,1
dataset_1,full,nleg,1
dataset_1,full,nchest,1
dataset_1,full,nlat,1
dataset_1,full,nshoulder,1
dataset_1,full,ndb,1
dataset_1,full,ntricep,1
dataset_1,full,kickback,1
dataset_1,full,ntuesday,1
dataset_1,full,nwednesday,1
dataset_1,full,nthursday,1
dataset_1,full,nfriday,1
dataset_1,full,spen,1
dataset_1,full,durg,1
dataset_1,full,plormle,1
dataset_1,full,leve,1
dataset_1,full,repatitve,1
dataset_1,full,drags,1
dataset_1,full,inhibitator,1
dataset_1,full,speculations,1
dataset_1,full,google_ad_client,1
dataset_1,full,wihtout,1
dataset_1,full,unleash,1
dataset_1,full,harebrained,1
dataset_1,full,toujours,1
dataset_1,full,ou,1
dataset_1,full,nn'oublions,1
dataset_1,full,capitaine,1
dataset_1,full,l'angleterre,1
dataset_1,full,depuis,1
dataset_1,full,nombre,1
dataset_1,full,d'ann,1
dataset_1,full,donn,1
dataset_1,full,cain's,1
dataset_1,full,exspecially,1
dataset_1,full,'claims',1
dataset_1,full,10000,1
dataset_1,full,eager,1
dataset_1,full,uspto,1
dataset_1,full,rewriting,1
dataset_1,full,bourgeois,1
dataset_1,full,prenounced,1
dataset_1,full,shwa,1
dataset_1,full,maird,1
dataset_1,full,rejection,1
dataset_1,full,patner,1
dataset_1,full,chakor,1
dataset_1,full,gazing,1
dataset_1,full,soicety,1
dataset_1,full,i_love_my_religion,1
dataset_1,full,evolvin,1
dataset_1,full,inciting,1
dataset_1,full,propagandanists,1
dataset_1,full,angy,1
dataset_1,full,porpagandanists,1
dataset_1,full,mediteranean,1
dataset_1,full,hahahahahahahha,1
dataset_1,full,sabre's,1
dataset_1,full,tupe,1
dataset_1,full,lcds,1
dataset_1,full,terminals,1
dataset_1,full,nelectrons,1
dataset_1,full,tv's,1
dataset_1,full,phosphor,1
dataset_1,full,glows,1
dataset_1,full,nyuvraj,1
dataset_1,full,irfan,1
dataset_1,full,runt,1
dataset_1,full,biography,1
dataset_1,full,nceramic,1
dataset_1,full,potters,1
dataset_1,full,whiteware,1
dataset_1,full,formulations,1
dataset_1,full,npyroclastic,1
dataset_1,full,fluidized,1
dataset_1,full,tephra,1
dataset_1,full,flowage,1
dataset_1,full,turbulent,1
dataset_1,full,unsorted,1
dataset_1,full,fragments,1
dataset_1,full,pumice,1
dataset_1,full,shards,1
dataset_1,full,molzealiwalligazzoos,1
dataset_1,full,rhinogradentia,1
dataset_1,full,snouters,1
dataset_1,full,5yrs,1
dataset_1,full,firends,1
dataset_1,full,womans,1
dataset_1,full,kinetics,1
dataset_1,full,pharamacology,1
dataset_1,full,michaelis,1
dataset_1,full,menten,1
dataset_1,full,interecept,1
dataset_1,full,soutamerican,1
dataset_1,full,alsothe,1
dataset_1,full,cupchampiion,1
dataset_1,full,pda's,1
dataset_1,full,reconstitution,1
dataset_1,full,omeprazol,1
dataset_1,full,inj,1
dataset_1,full,glycol,1
dataset_1,full,emulsion,1
dataset_1,full,formulation,1
dataset_1,full,buffers,1
dataset_1,full,osmotic,1
dataset_1,full,immagrants,1
dataset_1,full,japam,1
dataset_1,full,fluently,1
dataset_1,full,wrecked,1
dataset_1,full,foriegn,1
dataset_1,full,eldest,1
dataset_1,full,engly,1
dataset_1,full,clayton,1
dataset_1,full,reinstate,1
dataset_1,full,rangel,1
dataset_1,full,nominating,1
dataset_1,full,stake,1
dataset_1,full,disapprove,1
dataset_1,full,cymbalta,1
dataset_1,full,aout,1
dataset_1,full,neurologists,1
dataset_1,full,rhuematologists,1
dataset_1,full,psychiatrists,1
dataset_1,full,relaxant,1
dataset_1,full,biofeedback,1
dataset_1,full,accupuncture,1
dataset_1,full,carpal,1
dataset_1,full,surguries,1
dataset_1,full,malic,1
dataset_1,full,magnesuim,1
dataset_1,full,simpe,1
dataset_1,full,swab,1
dataset_1,full,baths,1
dataset_1,full,monsodium,1
dataset_1,full,glutamate,1
dataset_1,full,doritos,1
dataset_1,full,finding's,1
dataset_1,full,forearms,1
dataset_1,full,frcp,1
dataset_1,full,musculoskeletal,1
dataset_1,full,bewildering,1
dataset_1,full,cured,1
dataset_1,full,pathophysiological,1
dataset_1,full,systemic,1
dataset_1,full,syndromes,1
dataset_1,full,disordered,1
dataset_1,full,relieved,1
dataset_1,full,cognitive,1
dataset_1,full,generalization,1
dataset_1,full,intensification,1
dataset_1,full,sensitization,1
dataset_1,full,attem,1
dataset_1,full,indianopolis,1
dataset_1,full,31st,1
dataset_1,full,ayatollah,1
dataset_1,full,khamenei,1
dataset_1,full,rafsanjani,1
dataset_1,full,mesterpiece,1
dataset_1,full,mahmood,1
dataset_1,full,threatens,1
dataset_1,full,unstable,1
dataset_1,full,demark,1
dataset_1,full,23rd,1
dataset_1,full,3pm,1
dataset_1,full,glycine,1
dataset_1,full,albumin,1
dataset_1,full,phoebe's,1
dataset_1,full,artwork,1
dataset_1,full,proven',1
dataset_1,full,caller,1
dataset_1,full,1521,1
dataset_1,full,magellan,1
dataset_1,full,luther,1
dataset_1,full,nmagellan,1
dataset_1,full,phillipines,1
dataset_1,full,darin,1
dataset_1,full,gioeli,1
dataset_1,full,lindenhurst,1
dataset_1,full,twelfth,1
dataset_1,full,bicep,1
dataset_1,full,gradual,1
dataset_1,full,excessice,1
dataset_1,full,cp,1
dataset_1,full,90000,1
dataset_1,full,redundancy,1
dataset_1,full,refractivity,1
dataset_1,full,intensities,1
dataset_1,full,erm,1
dataset_1,full,whate,1
dataset_1,full,cumputer,1
dataset_1,full,programmability,1
dataset_1,full,microcomputers,1
dataset_1,full,initialism,1
dataset_1,full,weik,1
dataset_1,full,1961,1
dataset_1,full,mainframes,1
dataset_1,full,minicomputers,1
dataset_1,full,popularization,1
dataset_1,full,millimeters,1
dataset_1,full,miniaturization,1
dataset_1,full,agonizing,1
dataset_1,full,concerta,1
dataset_1,full,procrastinate,1
dataset_1,full,confrontational,1
dataset_1,full,nicest,1
dataset_1,full,fascist,1
dataset_1,full,blair,1
dataset_1,full,coalition,1
dataset_1,full,mongers,1
dataset_1,full,acheiving,1
dataset_1,full,mobilize,1
dataset_1,full,stooges,1
dataset_1,full,reckoning,1
dataset_1,full,exploded,1
dataset_1,full,'thing',1
dataset_1,full,'large',1
dataset_1,full,'space',1
dataset_1,full,signif,1
dataset_1,full,indent,1
dataset_1,full,linea,1
dataset_1,full,nigra,1
dataset_1,full,nlinea,1
dataset_1,full,atorvastatin,1
dataset_1,full,lipitor,1
dataset_1,full,178,1
dataset_1,full,atorva,1
dataset_1,full,polymorph,1
dataset_1,full,mabye,1
dataset_1,full,freestuff,1
dataset_1,full,marek,1
dataset_1,full,zidlicky,1
dataset_1,full,perfer,1
dataset_1,full,merceary,1
dataset_1,full,grandfathers,1
dataset_1,full,maimed,1
dataset_1,full,tortured,1
dataset_1,full,liveing,1
dataset_1,full,tarre,1
dataset_1,full,io,1
dataset_1,full,mooon,1
dataset_1,full,ionians,1
dataset_1,full,quess,1
dataset_1,full,shrewd,1
dataset_1,full,skatepark,1
dataset_1,full,regents,1
dataset_1,full,ointment,1
dataset_1,full,grease,1
dataset_1,full,corvette,1
dataset_1,full,rarest,1
dataset_1,full,e53f001001,1
dataset_1,full,e53f001002,1
dataset_1,full,dxm,1
dataset_1,full,ringtone,1
dataset_1,full,535,1
dataset_1,full,irda,1
dataset_1,full,wavs,1
dataset_1,full,adps,1
dataset_1,full,enamel,1
dataset_1,full,brooch,1
dataset_1,full,nhereford,1
dataset_1,full,nrescued,1
dataset_1,full,wye,1
dataset_1,full,worcester,1
dataset_1,full,retreated,1
dataset_1,full,knighted,1
dataset_1,full,saltires,1
dataset_1,full,depict,1
dataset_1,full,encircling,1
dataset_1,full,buckles,1
dataset_1,full,collars,1
dataset_1,full,leven,1
dataset_1,full,amiguismo,1
dataset_1,full,ibproufen,1
dataset_1,full,aetn,1
dataset_1,full,hearst,1
dataset_1,full,adjusment,1
dataset_1,full,nsubstitute,1
dataset_1,full,nproof,1
dataset_1,full,generality,1
dataset_1,full,denominators,1
dataset_1,full,qp,1
dataset_1,full,cowpox,1
dataset_1,full,immunize,1
dataset_1,full,suffix,1
dataset_1,full,ology,1
dataset_1,full,soci,1
dataset_1,full,socios,1
dataset_1,full,sociologists,1
dataset_1,full,subfields,1
dataset_1,full,uvula,1
dataset_1,full,nucleosynthesis,1
dataset_1,full,universe's,1
dataset_1,full,beryllium,1
dataset_1,full,accused's,1
dataset_1,full,nervouse,1
dataset_1,full,norristown,1
dataset_1,full,hikes,1
dataset_1,full,defiantly,1
dataset_1,full,satisfactorily,1
dataset_1,full,facets,1
dataset_1,full,'let's,1
dataset_1,full,elohim,1
dataset_1,full,'slaves',1
dataset_1,full,'all,1
dataset_1,full,warrented,1
dataset_1,full,relaying,1
dataset_1,full,ambassadors,1
dataset_1,full,scrollbar,1
dataset_1,full,herosoft,1
dataset_1,full,convertor,1
dataset_1,full,nacho,1
dataset_1,full,libre,1
dataset_1,full,ntears,1
dataset_1,full,impeaches,1
dataset_1,full,impeached,1
dataset_1,full,bontril,1
dataset_1,full,prisoner,1
dataset_1,full,catabolizing,1
dataset_1,full,activites,1
dataset_1,full,2288,1
dataset_1,full,879,1
dataset_1,full,xl,1
dataset_1,full,pennant,1
dataset_1,full,advertisment,1
dataset_1,full,emberrased,1
dataset_1,full,3mm,1
dataset_1,full,ncircumference,1
dataset_1,full,ncharged,1
dataset_1,full,anesthetics,1
dataset_1,full,unusally,1
dataset_1,full,uneven,1
dataset_1,full,roughness,1
dataset_1,full,shady,1
dataset_1,full,nlicense,1
dataset_1,full,1868,1
dataset_1,full,digi,1
dataset_1,full,puter,1
dataset_1,full,feeling's,1
dataset_1,full,nfollowing,1
dataset_1,full,'not,1
dataset_1,full,exposed',1
dataset_1,full,stomatch,1
dataset_1,full,mysapce,1
dataset_1,full,thankies,1
dataset_1,full,awakened,1
dataset_1,full,strokin,1
dataset_1,full,vibratin,1
dataset_1,full,sithy,1
dataset_1,full,55pm,1
dataset_1,full,week's,1
dataset_1,full,predicts,1
dataset_1,full,soar,1
dataset_1,full,unclaimed,1
dataset_1,full,spokesman,1
dataset_1,full,opted,1
dataset_1,full,'lamella',1
dataset_1,full,'thin,1
dataset_1,full,layer',1
dataset_1,full,nreference,1
dataset_1,full,isd,1
dataset_1,full,proactive,1
dataset_1,full,13x3,1
dataset_1,full,risen,1
dataset_1,full,plexes,1
dataset_1,full,appreciating,1
dataset_1,full,within15,1
dataset_1,full,experinence,1
dataset_1,full,spontanous,1
dataset_1,full,calif,1
dataset_1,full,'real',1
dataset_1,full,diffferent,1
dataset_1,full,gynecologist,1
dataset_1,full,chemcorner,1
dataset_1,full,styled,1
dataset_1,full,danville,1
dataset_1,full,introuble,1
dataset_1,full,laborer,1
dataset_1,full,amer,1
dataset_1,full,coped,1
dataset_1,full,hyperhidrosis,1
dataset_1,full,botox,1
dataset_1,full,alleviate,1
dataset_1,full,905s,1
dataset_1,full,mp001,1
dataset_1,full,proforce,1
dataset_1,full,unbelievable,1
dataset_1,full,inconsistent,1
dataset_1,full,39kg,1
dataset_1,full,158cm,1
dataset_1,full,nthnx,1
dataset_1,full,thunderstorms,1
dataset_1,full,recreated,1
dataset_1,full,prosses,1
dataset_1,full,ncat,1
dataset_1,full,nfile,1
dataset_1,full,nrm,1
dataset_1,full,nls,1
dataset_1,full,npress,1
dataset_1,full,philanthropist,1
dataset_1,full,moscow,1
dataset_1,full,copared,1
dataset_1,full,takenwhen,1
dataset_1,full,explaination,1
dataset_1,full,appricated,1
dataset_1,full,orger,1
dataset_1,full,yeash,1
dataset_1,full,nmass,1
dataset_1,full,gasllon,1
dataset_1,full,there'd,1
dataset_1,full,dbz,1
dataset_1,full,rurouni,1
dataset_1,full,kenshin,1
dataset_1,full,hakusho,1
dataset_1,full,shaman,1
dataset_1,full,ronin,1
dataset_1,full,outlaw,1
dataset_1,full,bebop,1
dataset_1,full,champloo,1
dataset_1,full,ranma,1
dataset_1,full,fushigi,1
dataset_1,full,yuugi,1
dataset_1,full,captors,1
dataset_1,full,kyo,1
dataset_1,full,sandland,1
dataset_1,full,tenchi,1
dataset_1,full,muyo,1
dataset_1,full,armitage,1
dataset_1,full,akira,1
dataset_1,full,ayashi,1
dataset_1,full,ceres,1
dataset_1,full,beyblade,1
dataset_1,full,chrono,1
dataset_1,full,cyborg,1
dataset_1,full,009,1
dataset_1,full,escaflowne,1
dataset_1,full,saga,1
dataset_1,full,neyeshield,1
dataset_1,full,onizuka,1
dataset_1,full,gunsmith,1
dataset_1,full,hellsing,1
dataset_1,full,himiko,1
dataset_1,full,den,1
dataset_1,full,hikaru,1
dataset_1,full,macross,1
dataset_1,full,maison,1
dataset_1,full,ikkoku,1
dataset_1,full,hina,1
dataset_1,full,neon,1
dataset_1,full,evangelion,1
dataset_1,full,peach,1
dataset_1,full,horrors,1
dataset_1,full,princesse,1
dataset_1,full,miyu,1
dataset_1,full,seiya,1
dataset_1,full,saiyuki,1
dataset_1,full,wolf's,1
dataset_1,full,tekken,1
dataset_1,full,vandread,1
dataset_1,full,urusei,1
dataset_1,full,yatsura,1
dataset_1,full,zoids,1
dataset_1,full,widnows,1
dataset_1,full,ntpasswd,1
dataset_1,full,iso,1
dataset_1,full,kitts,1
dataset_1,full,nevis,1
dataset_1,full,nzimbabwe,1
dataset_1,full,nsri,1
dataset_1,full,nantigua,1
dataset_1,full,barbuda,1
dataset_1,full,ngrenada,1
dataset_1,full,nguyana,1
dataset_1,full,nbarbados,1
dataset_1,full,09,1
dataset_1,full,nsemi,1
dataset_1,full,ntues,1
dataset_1,full,interveiw,1
dataset_1,full,boldy,1
dataset_1,full,acually,1
dataset_1,full,lowland,1
dataset_1,full,nhuman,1
dataset_1,full,treeline,1
dataset_1,full,innuitian,1
dataset_1,full,lowlands,1
dataset_1,full,mainland,1
dataset_1,full,mat,1
dataset_1,full,richness,1
dataset_1,full,parry,1
dataset_1,full,viscount,1
dataset_1,full,melville,1
dataset_1,full,lancaster,1
dataset_1,full,m'clure,1
dataset_1,full,elizabeth,1
dataset_1,full,324,1
dataset_1,full,penetrates,1
dataset_1,full,landlocked,1
dataset_1,full,foxe,1
dataset_1,full,fury,1
dataset_1,full,hecla,1
dataset_1,full,baffin,1
dataset_1,full,athwart,1
dataset_1,full,mansel,1
dataset_1,full,devoid,1
dataset_1,full,sleepers,1
dataset_1,full,nastapoka,1
dataset_1,full,belcher,1
dataset_1,full,830,1
dataset_1,full,luckiest,1
dataset_1,full,checkz,1
dataset_1,full,cosin,1
dataset_1,full,lles,1
dataset_1,full,colbert's,1
dataset_1,full,colbert,1
dataset_1,full,carmen,1
dataset_1,full,electra,1
dataset_1,full,ambiguos,1
dataset_1,full,enclose,1
dataset_1,full,sqrt63,1
dataset_1,full,n8u,1
dataset_1,full,n2ux,1
dataset_1,full,4u,1
dataset_1,full,3sqrt,1
dataset_1,full,2sqrt,1
dataset_1,full,engalnd,1
dataset_1,full,lampard,1
dataset_1,full,ronadinho,1
dataset_1,full,mindless,1
dataset_1,full,jealeousy,1
dataset_1,full,propped,1
dataset_1,full,autocratic,1
dataset_1,full,wayside,1
dataset_1,full,petro,1
dataset_1,full,bribe,1
dataset_1,full,ridiculously,1
dataset_1,full,abject,1
dataset_1,full,radicalism,1
dataset_1,full,restrict,1
dataset_1,full,defencemen,1
dataset_1,full,indoors,1
dataset_1,full,japan's,1
dataset_1,full,jordanian,1
dataset_1,full,pakistanian,1
dataset_1,full,lebanese,1
dataset_1,full,jungles,1
dataset_1,full,fatigues,1
dataset_1,full,admirably,1
dataset_1,full,predator,1
dataset_1,full,prey,1
dataset_1,full,obscured,1
dataset_1,full,misbehaved,1
dataset_1,full,nthou,1
dataset_1,full,owuld,1
dataset_1,full,interefere,1
dataset_1,full,firedn,1
dataset_1,full,groing,1
dataset_1,full,colleague,1
dataset_1,full,nassault,1
dataset_1,full,nbattery,1
dataset_1,full,nonactivity,1
dataset_1,full,nmissey,1
dataset_1,full,anither,1
dataset_1,full,maize,1
dataset_1,full,cultivation,1
dataset_1,full,barley,1
dataset_1,full,rye,1
dataset_1,full,tchnology,1
dataset_1,full,spilt,1
dataset_1,full,skyrocketing,1
dataset_1,full,nwusies,1
dataset_1,full,distructive,1
dataset_1,full,stelor,1
dataset_1,full,fanatically,1
dataset_1,full,nwar,1
dataset_1,full,'howdy,1
dataset_1,full,aboit,1
dataset_1,full,familie,1
dataset_1,full,naive,1
dataset_1,full,rednecks,1
dataset_1,full,peddle,1
dataset_1,full,idealistic,1
dataset_1,full,idealism,1
dataset_1,full,whisky,1
dataset_1,full,surprized,1
dataset_1,full,respondes,1
dataset_1,full,ciara's,1
dataset_1,full,geogia,1
dataset_1,full,troubly,1
dataset_1,full,adivice,1
dataset_1,full,grgade,1
dataset_1,full,rahter,1
dataset_1,full,discouraging,1
dataset_1,full,coached,1
dataset_1,full,bein,1
dataset_1,full,trtainers,1
dataset_1,full,ndrills,1
dataset_1,full,bouys,1
dataset_1,full,treadmills,1
dataset_1,full,ellipticals,1
dataset_1,full,nwismom,1
dataset_1,full,5'6,1
dataset_1,full,125lbs,1
dataset_1,full,nreid,1
dataset_1,full,whammy,1
dataset_1,full,sholomister,1
dataset_1,full,equalled,1
dataset_1,full,inportant,1
dataset_1,full,thea,1
dataset_1,full,pocked,1
dataset_1,full,recd,1
dataset_1,full,fwd,1
dataset_1,full,sermons,1
dataset_1,full,pourrait,1
dataset_1,full,limin,1
dataset_1,full,matur,1
dataset_1,full,mondial,1
dataset_1,full,dira,1
dataset_1,full,parait,1
dataset_1,full,vrai,1
dataset_1,full,rendez,1
dataset_1,full,powerhouses,1
dataset_1,full,blanked,1
dataset_1,full,routed,1
dataset_1,full,nsouthern,1
dataset_1,full,ucf,1
dataset_1,full,vanderbilt,1
dataset_1,full,divison,1
dataset_1,full,unranked,1
dataset_1,full,lsu,1
dataset_1,full,nusc,1
dataset_1,full,grapes,1
dataset_1,full,recruiters,1
dataset_1,full,nwalter,1
dataset_1,full,ndefensive,1
dataset_1,full,265,1
dataset_1,full,nnashville,1
dataset_1,full,kan,1
dataset_1,full,nprospect,1
dataset_1,full,nrivals,1
dataset_1,full,juco,1
dataset_1,full,nscout,1
dataset_1,full,nhonors,1
dataset_1,full,jayhawk,1
dataset_1,full,conference's,1
dataset_1,full,honored,1
dataset_1,full,nstats,1
dataset_1,full,redshirt,1
dataset_1,full,interceptions,1
dataset_1,full,tallied,1
dataset_1,full,isles,1
dataset_1,full,racking,1
dataset_1,full,morristown,1
dataset_1,full,nmisc,1
dataset_1,full,redshirted,1
dataset_1,full,raves,1
dataset_1,full,leiker,1
dataset_1,full,aydelott,1
dataset_1,full,cousel,1
dataset_1,full,miletus,1
dataset_1,full,spark,1
dataset_1,full,baghdad,1
dataset_1,full,resembles,1
dataset_1,full,galvanic,1
dataset_1,full,electroplating,1
dataset_1,full,nleyden,1
dataset_1,full,boerhaave,1
dataset_1,full,leiden,1
dataset_1,full,girolamo,1
dataset_1,full,distinguishing,1
dataset_1,full,electricus,1
dataset_1,full,1660,1
dataset_1,full,boyle,1
dataset_1,full,1675,1
dataset_1,full,1729,1
dataset_1,full,insulators,1
dataset_1,full,fay,1
dataset_1,full,russell,1
dataset_1,full,simons's,1
dataset_1,full,entreprenuer,1
dataset_1,full,phat,1
dataset_1,full,jshorty,1
dataset_1,full,withmy,1
dataset_1,full,towith,1
dataset_1,full,theycharging,1
dataset_1,full,orare,1
dataset_1,full,theygonna,1
dataset_1,full,thefirst,1
dataset_1,full,categorically,1
dataset_1,full,foss,1
dataset_1,full,kanu,1
dataset_1,full,nwankwo,1
dataset_1,full,westbroom,1
dataset_1,full,albion,1
dataset_1,full,footballing,1
dataset_1,full,4mili,1
dataset_1,full,0mili,1
dataset_1,full,telemetry,1
dataset_1,full,relive,1
dataset_1,full,devorced,1
dataset_1,full,nextels,1
dataset_1,full,michle,1
dataset_1,full,appaled,1
dataset_1,full,mao,1
dataset_1,full,asada,1
dataset_1,full,slutskya,1
dataset_1,full,salchow,1
dataset_1,full,lutz,1
dataset_1,full,suchs,1
dataset_1,full,keyboards,1
dataset_1,full,rfb,1
dataset_1,full,service's,1
dataset_1,full,565,1
dataset_1,full,5640,1
dataset_1,full,cridit,1
dataset_1,full,meplease,1
dataset_1,full,nguideposts,1
dataset_1,full,nnewsweek,1
dataset_1,full,shoud,1
dataset_1,full,immagration,1
dataset_1,full,gorta,1
dataset_1,full,drochshaol,1
dataset_1,full,1849,1
dataset_1,full,disastrous,1
dataset_1,full,blight,1
dataset_1,full,1851,1
dataset_1,full,unrecorded,1
dataset_1,full,totals,1
dataset_1,full,isolating,1
dataset_1,full,sirloin,1
dataset_1,full,tenderloin,1
dataset_1,full,chops,1
dataset_1,full,preg,1
dataset_1,full,pregnat,1
dataset_1,full,noww,1
dataset_1,full,boloni,1
dataset_1,full,sauna,1
dataset_1,full,impotency,1
dataset_1,full,grossly,1
dataset_1,full,margarine,1
dataset_1,full,mayonisse,1
dataset_1,full,crisps,1
dataset_1,full,fizz,1
dataset_1,full,areated,1
dataset_1,full,npotatoes,1
dataset_1,full,beetroot,1
dataset_1,full,concenterated,1
dataset_1,full,mutton,1
dataset_1,full,prawns,1
dataset_1,full,yolk,1
dataset_1,full,nmangoes,1
dataset_1,full,jackfruit,1
dataset_1,full,foodstuff,1
dataset_1,full,anythig,1
dataset_1,full,nfast,1
dataset_1,full,avaailable,1
dataset_1,full,nbreakfast,1
dataset_1,full,nskimmed,1
dataset_1,full,skimmmed,1
dataset_1,full,typer,1
dataset_1,full,oats,1
dataset_1,full,weetabix,1
dataset_1,full,alwaays,1
dataset_1,full,staple,1
dataset_1,full,eaters,1
dataset_1,full,100gms,1
dataset_1,full,compulsarily,1
dataset_1,full,varities,1
dataset_1,full,tto,1
dataset_1,full,wnats,1
dataset_1,full,iwht,1
dataset_1,full,smothering,1
dataset_1,full,inorganic,1
dataset_1,full,inviromental,1
dataset_1,full,reactive,1
dataset_1,full,grupo,1
dataset_1,full,lever,1
dataset_1,full,leverage,1
dataset_1,full,backflow,1
dataset_1,full,tthe,1
dataset_1,full,utopian,1
dataset_1,full,debating,1
dataset_1,full,dictatorship,1
dataset_1,full,totalitarianism,1
dataset_1,full,npew,1
dataset_1,full,nkidfluence,1
dataset_1,full,marketer's,1
dataset_1,full,anne,1
dataset_1,full,sutherland,1
dataset_1,full,siegel,1
dataset_1,full,coffey,1
dataset_1,full,livingston,1
dataset_1,full,landry,1
dataset_1,full,chelton,1
dataset_1,full,eds,1
dataset_1,full,lanham,1
dataset_1,full,scarecrow,1
dataset_1,full,nmeyers,1
dataset_1,full,frontiers,1
dataset_1,full,nahl,1
dataset_1,full,symposium,1
dataset_1,full,homemade,1
dataset_1,full,leery,1
dataset_1,full,safeguard,1
dataset_1,full,finness,1
dataset_1,full,unsatisfied,1
dataset_1,full,kinsey,1
dataset_1,full,ejaculated,1
dataset_1,full,pauses,1
dataset_1,full,climaxing,1
dataset_1,full,techiques,1
dataset_1,full,jackinworld,1
dataset_1,full,uninterrupted,1
dataset_1,full,lisps,1
dataset_1,full,lisp,1
dataset_1,full,fours,1
dataset_1,full,classify,1
dataset_1,full,fbs,1
dataset_1,full,9mmol,1
dataset_1,full,diabetc,1
dataset_1,full,mmol,1
dataset_1,full,yor,1
dataset_1,full,superpower,1
dataset_1,full,definitaly,1
dataset_1,full,iodine,1
dataset_1,full,roadrashhhhh,1
dataset_1,full,polonium,1
dataset_1,full,dispensing,1
dataset_1,full,afi's,1
dataset_1,full,davey,1
dataset_1,full,havok,1
dataset_1,full,853ad,1
dataset_1,full,consented,1
dataset_1,full,radiated,1
dataset_1,full,photosensitive,1
dataset_1,full,thermoelectric,1
dataset_1,full,thermoelectricity,1
dataset_1,full,parabolic,1
dataset_1,full,troughs,1
dataset_1,full,drying,1
dataset_1,full,seawater,1
dataset_1,full,stoves,1
dataset_1,full,interchaneable,1
dataset_1,full,prouducts,1
dataset_1,full,interchangable,1
dataset_1,full,muskets,1
dataset_1,full,unwittingly,1
dataset_1,full,tuff,1
dataset_1,full,appointing,1
dataset_1,full,debacle,1
dataset_1,full,trully,1
dataset_1,full,strayed,1
dataset_1,full,diehard,1
dataset_1,full,timberwolves,1
dataset_1,full,loking,1
dataset_1,full,nouveau,1
dataset_1,full,veulent,1
dataset_1,full,vive,1
dataset_1,full,kapa,1
dataset_1,full,pongo,1
dataset_1,full,reselling,1
dataset_1,full,dilemmas,1
dataset_1,full,simaritan,1
dataset_1,full,invalidation,1
dataset_1,full,hallucination,1
dataset_1,full,decietful,1
dataset_1,full,viscious,1
dataset_1,full,clones,1
dataset_1,full,grandchild,1
dataset_1,full,despicable,1
dataset_1,full,potomac,1
dataset_1,full,highlands,1
dataset_1,full,have'nt,1
dataset_1,full,nmetre,1
dataset_1,full,nkilogram,1
dataset_1,full,nampere,1
dataset_1,full,ncandela,1
dataset_1,full,ncoulomb,1
dataset_1,full,ncant,1
dataset_1,full,tanning,1
dataset_1,full,hummmm,1
dataset_1,full,humm,1
dataset_1,full,globaly,1
dataset_1,full,hummm,1
dataset_1,full,earthgirl,1
dataset_1,full,req,1
dataset_1,full,100years,1
dataset_1,full,docuements,1
dataset_1,full,tweak,1
dataset_1,full,dengerous,1
dataset_1,full,misstake,1
dataset_1,full,spesific,1
dataset_1,full,nhexadecimal,1
dataset_1,full,debug,1
dataset_1,full,awill,1
dataset_1,full,starte,1
dataset_1,full,reasens,1
dataset_1,full,rensselaer,1
dataset_1,full,coverd,1
dataset_1,full,militarys,1
dataset_1,full,atending,1
dataset_1,full,undefined,1
dataset_1,full,technetium,1
dataset_1,full,zone',1
dataset_1,full,nhigher,1
dataset_1,full,proportionally,1
dataset_1,full,100kcals,1
dataset_1,full,70kcals,1
dataset_1,full,kcals,1
dataset_1,full,burning',1
dataset_1,full,illiad,1
dataset_1,full,faded,1
dataset_1,full,nargument,1
dataset_1,full,nhera,1
dataset_1,full,hephaistus,1
dataset_1,full,nathena,1
dataset_1,full,sprang,1
dataset_1,full,naphrodite,1
dataset_1,full,ocean's,1
dataset_1,full,helen,1
dataset_1,full,sitemeter,1
dataset_1,full,75lbs,1
dataset_1,full,unliviable,1
dataset_1,full,hpd,1
dataset_1,full,clippings,1
dataset_1,full,ntonights,1
dataset_1,full,15min,1
dataset_1,full,pacman,1
dataset_1,full,skylab,1
dataset_1,full,nedrcc,1
dataset_1,full,animalia,1
dataset_1,full,nphylum,1
dataset_1,full,cnidaria,1
dataset_1,full,nclass,1
dataset_1,full,scyphozoa,1
dataset_1,full,nstauromedusae,1
dataset_1,full,ncoronatae,1
dataset_1,full,nsemaeostomeae,1
dataset_1,full,nrhizostomae,1
dataset_1,full,oedipus,1
dataset_1,full,obi,1
dataset_1,full,ten',1
dataset_1,full,indian's,1
dataset_1,full,gharat,1
dataset_1,full,rig,1
dataset_1,full,veda,1
dataset_1,full,naryan,1
dataset_1,full,imperialists,1
dataset_1,full,evangelicans,1
dataset_1,full,simultaneaouly,1
dataset_1,full,snatching,1
dataset_1,full,acheivement,1
dataset_1,full,civilisatiuon,1
dataset_1,full,aryan,1
dataset_1,full,agaist,1
dataset_1,full,ngharat,1
dataset_1,full,aryans,1
dataset_1,full,mktg,1
dataset_1,full,dob,1
dataset_1,full,vst,1
dataset_1,full,ltd,1
dataset_1,full,oout,1
dataset_1,full,entices,1
dataset_1,full,chum,1
dataset_1,full,releted,1
dataset_1,full,publized,1
dataset_1,full,algerbra,1
dataset_1,full,tutors,1
dataset_1,full,gaza,1
dataset_1,full,hindu's,1
dataset_1,full,sikh's,1
dataset_1,full,nsatisfaction,1
dataset_1,full,benny,1
dataset_1,full,benassi,1
dataset_1,full,nrhythm,1
dataset_1,full,nmaneater,1
dataset_1,full,nfergalicious,1
dataset_1,full,fergie,1
dataset_1,full,nchoatic,1
dataset_1,full,brittney,1
dataset_1,full,soundmaster,1
dataset_1,full,ntoma,1
dataset_1,full,pitbull,1
dataset_1,full,ntechnologic,1
dataset_1,full,beliefes,1
dataset_1,full,possitve,1
dataset_1,full,neggatives,1
dataset_1,full,individually,1
dataset_1,full,macromolecular,1
dataset_1,full,sio2,1
dataset_1,full,complexes,1
dataset_1,full,fullerenes,1
dataset_1,full,condemn,1
dataset_1,full,metamorphoo,1
dataset_1,full,caterpillar,1
dataset_1,full,metamorphs,1
dataset_1,full,wakefulness,1
dataset_1,full,passively,1
dataset_1,full,'see',1
dataset_1,full,_and,1
dataset_1,full,understand_,1
dataset_1,full,grafton,1
dataset_1,full,kuhnle,1
dataset_1,full,agn,1
dataset_1,full,responce,1
dataset_1,full,computor,1
dataset_1,full,ttried,1
dataset_1,full,tuneuputilities,1
dataset_1,full,opentechsupport,1
dataset_1,full,t2824,1
dataset_1,full,milwaukee,1
dataset_1,full,certin,1
dataset_1,full,co's,1
dataset_1,full,logie,1
dataset_1,full,baird,1
dataset_1,full,american's,1
dataset_1,full,nmi5,1
dataset_1,full,nasio,1
dataset_1,full,aus,1
dataset_1,full,authorization,1
dataset_1,full,'official',1
dataset_1,full,authorize,1
dataset_1,full,circumvent,1
dataset_1,full,'secret',1
dataset_1,full,developments,1
dataset_1,full,legislative,1
dataset_1,full,precendence,1
dataset_1,full,nhover,1
dataset_1,full,vaction,1
dataset_1,full,tohelp,1
dataset_1,full,toke,1
dataset_1,full,reallyyyyyyyyyy,1
dataset_1,full,reallyyyy,1
dataset_1,full,pasiveeeeeeee,1
dataset_1,full,stuffing,1
dataset_1,full,hmong,1
dataset_1,full,trashed,1
dataset_1,full,tale,1
dataset_1,full,chocolaty,1
dataset_1,full,waging,1
dataset_1,full,earthing,1
dataset_1,full,replug,1
dataset_1,full,jaded,1
dataset_1,full,sumo,1
dataset_1,full,trainers,1
dataset_1,full,restauranteurs,1
dataset_1,full,jumpin',1
dataset_1,full,depts,1
dataset_1,full,missy,1
dataset_1,full,verve,1
dataset_1,full,dandelion,1
dataset_1,full,meowess,1
dataset_1,full,roared,1
dataset_1,full,rrwwwwwwoooof,1
dataset_1,full,dinosaurus,1
dataset_1,full,beezer,1
dataset_1,full,caeser,1
dataset_1,full,combeuoter,1
dataset_1,full,ambivalent,1
dataset_1,full,drawer,1
dataset_1,full,dissapointed,1
dataset_1,full,blake,1
dataset_1,full,rebounded,1
dataset_1,full,octobet,1
dataset_1,full,cleo's,1
dataset_1,full,pulley,1
dataset_1,full,098,1
dataset_1,full,cesspool,1
dataset_1,full,depravity,1
dataset_1,full,whores,1
dataset_1,full,vapidness,1
dataset_1,full,hankering,1
dataset_1,full,nguilin,1
dataset_1,full,nguangzhou,1
dataset_1,full,nchangsha,1
dataset_1,full,weblogs,1
dataset_1,full,noncommercial,1
dataset_1,full,spectator,1
dataset_1,full,hick,1
dataset_1,full,initials,1
dataset_1,full,dw,1
dataset_1,full,memorabilia,1
dataset_1,full,demarcus,1
dataset_1,full,fastball,1
dataset_1,full,9mph,1
dataset_1,full,scoreboard,1
dataset_1,full,routinely,1
dataset_1,full,99mph,1
dataset_1,full,armando,1
dataset_1,full,benitez,1
dataset_1,full,hernandez,1
dataset_1,full,zacarias,1
dataset_1,full,ample,1
dataset_1,full,preempt,1
dataset_1,full,hijackings,1
dataset_1,full,investigations,1
dataset_1,full,preceded,1
dataset_1,full,atta,1
dataset_1,full,ringleader,1
dataset_1,full,surveillance,1
dataset_1,full,nseptember,1
dataset_1,full,amid,1
dataset_1,full,inferred,1
dataset_1,full,pretext,1
dataset_1,full,becomeing,1
dataset_1,full,thanksss,1
dataset_1,full,actuarial,1
dataset_1,full,certification,1
dataset_1,full,npassing,1
dataset_1,full,attest,1
dataset_1,full,solvency,1
dataset_1,full,substane,1
dataset_1,full,nultimeaciax,1
dataset_1,full,commute,1
dataset_1,full,desireable,1
dataset_1,full,adjustable,1
dataset_1,full,foreclosures,1
dataset_1,full,kci,1
dataset_1,full,jojo,1
dataset_1,full,nmariah,1
dataset_1,full,ntorn,1
dataset_1,full,natalie,1
dataset_1,full,imbruglia,1
dataset_1,full,nlullaby,1
dataset_1,full,mullins,1
dataset_1,full,bachman,1
dataset_1,full,edwin,1
dataset_1,full,sixpence,1
dataset_1,full,donna,1
dataset_1,full,pretenders,1
dataset_1,full,vwr,1
dataset_1,full,makers',1
dataset_1,full,scoff,1
dataset_1,full,nkinda,1
dataset_1,full,maker's,1
dataset_1,full,straights,1
dataset_1,full,panned,1
dataset_1,full,presario,1
dataset_1,full,4505,1
dataset_1,full,zone's,1
dataset_1,full,performers,1
dataset_1,full,nphil,1
dataset_1,full,vassar,1
dataset_1,full,nsugarland,1
dataset_1,full,ndireks,1
dataset_1,full,bentely,1
dataset_1,full,nshinia,1
dataset_1,full,nkenny,1
dataset_1,full,chesnesy,1
dataset_1,full,nrascal,1
dataset_1,full,ncarrie,1
dataset_1,full,njake,1
dataset_1,full,njason,1
dataset_1,full,alden,1
dataset_1,full,njosh,1
dataset_1,full,ornish,1
dataset_1,full,mammalian,1
dataset_1,full,fraught,1
dataset_1,full,counteract,1
dataset_1,full,npuzzled,1
dataset_1,full,wilhelm,1
dataset_1,full,squelching,1
dataset_1,full,conformity,1
dataset_1,full,govern,1
dataset_1,full,externally,1
dataset_1,full,transactional,1
dataset_1,full,attractors,1
dataset_1,full,resonance,1
dataset_1,full,intents,1
dataset_1,full,paragon,1
dataset_1,full,diversified,1
dataset_1,full,diversifying,1
dataset_1,full,literately,1
dataset_1,full,hane,1
dataset_1,full,saing,1
dataset_1,full,301,1
dataset_1,full,have297i,1
dataset_1,full,transient,1
dataset_1,full,ischemic,1
dataset_1,full,asserts,1
dataset_1,full,lethal,1
dataset_1,full,stuffs,1
dataset_1,full,mothersday,1
dataset_1,full,clearish,1
dataset_1,full,blackish,1
dataset_1,full,floater,1
dataset_1,full,vitreous,1
dataset_1,full,props,1
dataset_1,full,ought,1
dataset_1,full,photo's,1
dataset_1,full,ipower,1
dataset_1,full,repair's,1
dataset_1,full,imac's,1
dataset_1,full,powerbooks,1
dataset_1,full,shacking,1
dataset_1,full,hinting,1
dataset_1,full,storytelling,1
dataset_1,full,lyrical,1
dataset_1,full,roasting,1
dataset_1,full,mcing,1
dataset_1,full,breakdancing,1
dataset_1,full,djing,1
dataset_1,full,beatboxing,1
dataset_1,full,59pm,1
dataset_1,full,litter,1
dataset_1,full,nlack,1
dataset_1,full,harsher,1
dataset_1,full,castrate,1
dataset_1,full,gigas,1
dataset_1,full,costatus,1
dataset_1,full,raninus,1
dataset_1,full,alatus,1
dataset_1,full,pugilis,1
dataset_1,full,gallus,1
dataset_1,full,rooster,1
dataset_1,full,ngeologists,1
dataset_1,full,petroleum,1
dataset_1,full,consolidated,1
dataset_1,full,consolidate,1
dataset_1,full,hypnotise,1
dataset_1,full,somreone,1
dataset_1,full,anchors,1
dataset_1,full,reprehensible,1
dataset_1,full,gestures,1
dataset_1,full,onwards,1
dataset_1,full,tem,1
dataset_1,full,tuning,1
dataset_1,full,bebe's,1
dataset_1,full,ibs,1
dataset_1,full,daugther,1
dataset_1,full,intakes,1
dataset_1,full,poisiongirl,1
dataset_1,full,asato,1
dataset_1,full,cat_dark_white,1
dataset_1,full,nrikki,1
dataset_1,full,infopreneur,1
dataset_1,full,iridium,1
dataset_1,full,silica,1
dataset_1,full,overrun,1
dataset_1,full,auctions,1
dataset_1,full,trugby,1
dataset_1,full,grt,1
dataset_1,full,internatonal,1
dataset_1,full,competions,1
dataset_1,full,yaaaaaaaaaaaaaaa,1
dataset_1,full,whitetail,1
dataset_1,full,unbred,1
dataset_1,full,ovulate,1
dataset_1,full,siging,1
dataset_1,full,obscurity,1
dataset_1,full,terbate,1
dataset_1,full,rannel'asa,1
dataset_1,full,gentile,1
dataset_1,full,turbation,1
dataset_1,full,emphasized,1
dataset_1,full,whines,1
dataset_1,full,aways,1
dataset_1,full,mistrustful,1
dataset_1,full,whiney,1
dataset_1,full,tattley,1
dataset_1,full,feelng,1
dataset_1,full,exel,1
dataset_1,full,bowen,1
dataset_1,full,styx,1
dataset_1,full,tarriffs,1
dataset_1,full,yahning,1
dataset_1,full,digger,1
dataset_1,full,mazda,1
dataset_1,full,nmoney,1
dataset_1,full,enabling,1
dataset_1,full,tykes,1
dataset_1,full,pcitures,1
dataset_1,full,socity,1
dataset_1,full,amoral,1
dataset_1,full,tabu's,1
dataset_1,full,lusts,1
dataset_1,full,gratification,1
dataset_1,full,haning,1
dataset_1,full,tieing,1
dataset_1,full,snial,1
dataset_1,full,amonia,1
dataset_1,full,foreceps,1
dataset_1,full,paintbrush,1
dataset_1,full,skillfully,1
dataset_1,full,unpredictability,1
dataset_1,full,inconsiderate,1
dataset_1,full,impersonal,1
dataset_1,full,snappy,1
dataset_1,full,omit,1
dataset_1,full,specificity,1
dataset_1,full,acme,1
dataset_1,full,corporation's,1
dataset_1,full,dewey,1
dataset_1,full,cheatham,1
dataset_1,full,howe's,1
dataset_1,full,writeing,1
dataset_1,full,sugestions,1
dataset_1,full,gymnast,1
dataset_1,full,gymnasium,1
dataset_1,full,octave,1
dataset_1,full,dunlop,1
dataset_1,full,uniiverse,1
dataset_1,full,abuts,1
dataset_1,full,njury,1
dataset_1,full,breakthroughs,1
dataset_1,full,bacteri,1
dataset_1,full,whare,1
dataset_1,full,cranium,1
dataset_1,full,robertson's,1
dataset_1,full,chariot,1
dataset_1,full,worshippers,1
dataset_1,full,tiby,1
dataset_1,full,robertson,1
dataset_1,full,bootstraps,1
dataset_1,full,hared,1
dataset_1,full,cbn,1
dataset_1,full,solarsports,1
dataset_1,full,parachuting,1
dataset_1,full,parachuted,1
dataset_1,full,nchute,1
dataset_1,full,waistful,1
dataset_1,full,conserving,1
dataset_1,full,chauffeur,1
dataset_1,full,pooling,1
dataset_1,full,carpool,1
dataset_1,full,cutbacks,1
dataset_1,full,saddlebags,1
dataset_1,full,nnic,1
dataset_1,full,sagging,1
dataset_1,full,5'4,1
dataset_1,full,ncharacterized,1
dataset_1,full,quickness,1
dataset_1,full,lightness,1
dataset_1,full,nimble,1
dataset_1,full,fittest,1
dataset_1,full,modalities,1
dataset_1,full,nike,1
dataset_1,full,unrestricted,1
dataset_1,full,rangel's,1
dataset_1,full,investigative,1
dataset_1,full,representation',1
dataset_1,full,forefathers,1
dataset_1,full,pagen,1
dataset_1,full,prechristian,1
dataset_1,full,8681,1
dataset_1,full,decayed,1
dataset_1,full,debris,1
dataset_1,full,3897,1
dataset_1,full,4018,1
dataset_1,full,theodor,1
dataset_1,full,schwann,1
dataset_1,full,schleiden,1
dataset_1,full,hooke,1
dataset_1,full,nrudolf,1
dataset_1,full,virchow,1
dataset_1,full,dicovered,1
dataset_1,full,njames,1
dataset_1,full,crick,1
dataset_1,full,nlynn,1
dataset_1,full,margulis,1
dataset_1,full,endosymbiotic,1
dataset_1,full,starters,1
dataset_1,full,credentials,1
dataset_1,full,soooooooooooooooooooooooo,1
dataset_1,full,gawd,1
dataset_1,full,trenchcoat,1
dataset_1,full,raining,1
dataset_1,full,polulation,1
dataset_1,full,dialects,1
dataset_1,full,percecuted,1
dataset_1,full,mahavira,1
dataset_1,full,bullock,1
dataset_1,full,carts,1
dataset_1,full,alongside,1
dataset_1,full,supersonic,1
dataset_1,full,atithi,1
dataset_1,full,devo,1
dataset_1,full,bhava,1
dataset_1,full,inspite,1
dataset_1,full,nhasnt,1
dataset_1,full,mav,1
dataset_1,full,troll,1
dataset_1,full,nmav,1
dataset_1,full,silverware,1
dataset_1,full,textiles,1
dataset_1,full,xmass,1
dataset_1,full,grrrrrrrrrr,1
dataset_1,full,vibes,1
dataset_1,full,favorable,1
dataset_1,full,pmi,1
dataset_1,full,pleasantly,1
dataset_1,full,logarithms,1
dataset_1,full,exponentials,1
dataset_1,full,log_2,1
dataset_1,full,uptight,1
dataset_1,full,centrelink,1
dataset_1,full,fortnight,1
dataset_1,full,pitchure,1
dataset_1,full,untouched,1
dataset_1,full,environmentally,1
dataset_1,full,nmostly,1
dataset_1,full,unpolluted,1
dataset_1,full,compulsions,1
dataset_1,full,precaution,1
dataset_1,full,obsessions,1
dataset_1,full,icebreaker,1
dataset_1,full,reiterate,1
dataset_1,full,peacefull,1
dataset_1,full,abrahamic,1
dataset_1,full,trough,1
dataset_1,full,expires,1
dataset_1,full,educators,1
dataset_1,full,desperated,1
dataset_1,full,perfrom,1
dataset_1,full,excercises,1
dataset_1,full,obliques,1
dataset_1,full,flexors,1
dataset_1,full,114,1
dataset_1,full,assert,1
dataset_1,full,seacrh,1
dataset_1,full,convery,1
dataset_1,full,upsessed,1
dataset_1,full,tierd,1
dataset_1,full,essentil,1
dataset_1,full,hypertention,1
dataset_1,full,inhibitors,1
dataset_1,full,ramipril,1
dataset_1,full,lansopril,1
dataset_1,full,arb's,1
dataset_1,full,valsartan,1
dataset_1,full,losartan,1
dataset_1,full,foxholes,1
dataset_1,full,infantry,1
dataset_1,full,inable,1
dataset_1,full,abbreviate,1
dataset_1,full,viginia,1
dataset_1,full,douay,1
dataset_1,full,rheims,1
dataset_1,full,reverend,1
dataset_1,full,haydock,1
dataset_1,full,elise,1
dataset_1,full,playpianotips,1
dataset_1,full,sheetmusicdigital,1
dataset_1,full,co2or,1
dataset_1,full,frnt,1
dataset_1,full,xcuse,1
dataset_1,full,bledding,1
dataset_1,full,ndepeding,1
dataset_1,full,trie,1
dataset_1,full,hin,1
dataset_1,full,tellher,1
dataset_1,full,nanswers,1
dataset_1,full,39mm,1
dataset_1,full,ammunition,1
dataset_1,full,radom,1
dataset_1,full,2'x2'8,1
dataset_1,full,amunition,1
dataset_1,full,videaos,1
dataset_1,full,eugene,1
dataset_1,full,stoner,1
dataset_1,full,ordinance,1
dataset_1,full,m16,1
dataset_1,full,bg,1
dataset_1,full,groves,1
dataset_1,full,hippie,1
dataset_1,full,celts,1
dataset_1,full,lore,1
dataset_1,full,renaissance,1
dataset_1,full,relevance,1
dataset_1,full,graeme,1
dataset_1,full,talboys,1
dataset_1,full,macbain,1
dataset_1,full,toland's,1
dataset_1,full,nmacbain,1
dataset_1,full,'s',1
dataset_1,full,uknow,1
dataset_1,full,nsoil,1
dataset_1,full,nspiders,1
dataset_1,full,nstealing,1
dataset_1,full,nsuggestions,1
dataset_1,full,nsuite,1
dataset_1,full,nshimmy,1
dataset_1,full,nstreamline,1
dataset_1,full,nsad,1
dataset_1,full,herione,1
dataset_1,full,nstyle,1
dataset_1,full,timberlake,1
dataset_1,full,emienm,1
dataset_1,full,nsmack,1
dataset_1,full,akon,1
dataset_1,full,nstan,1
dataset_1,full,nsh,1
dataset_1,full,d12,1
dataset_1,full,nsouvenier,1
dataset_1,full,nseed,1
dataset_1,full,nseen,1
dataset_1,full,nscared,1
dataset_1,full,nsound,1
dataset_1,full,nslow,1
dataset_1,full,nswagga,1
dataset_1,full,nstarshine,1
dataset_1,full,nscars,1
dataset_1,full,nsavin,1
dataset_1,full,nside,1
dataset_1,full,nsession,1
dataset_1,full,nsomewhere,1
dataset_1,full,aline,1
dataset_1,full,mj,1
dataset_1,full,nstaining,1
dataset_1,full,blur,1
dataset_1,full,nsooner,1
dataset_1,full,nsorrow,1
dataset_1,full,nsoul,1
dataset_1,full,jeezy,1
dataset_1,full,nsabotage,1
dataset_1,full,nsaturnalia,1
dataset_1,full,evans,1
dataset_1,full,nscar,1
dataset_1,full,nsharks,1
dataset_1,full,alexisonfire,1
dataset_1,full,nseven,1
dataset_1,full,strripes,1
dataset_1,full,nsmells,1
dataset_1,full,nsliver,1
dataset_1,full,watcha,1
dataset_1,full,natasha,1
dataset_1,full,bedingfield,1
dataset_1,full,nsnap,1
dataset_1,full,earshot,1
dataset_1,full,nsaty,1
dataset_1,full,sum41,1
dataset_1,full,nsteppin,1
dataset_1,full,nstricken,1
dataset_1,full,itumes,1
dataset_1,full,nsupermans,1
dataset_1,full,nsupermassive,1
dataset_1,full,muse,1
dataset_1,full,shudders,1
dataset_1,full,monroe,1
dataset_1,full,disallow,1
dataset_1,full,zen,1
dataset_1,full,'slip',1
dataset_1,full,achievement,1
dataset_1,full,reiki,1
dataset_1,full,pathways,1
dataset_1,full,prerequisite,1
dataset_1,full,dover,1
dataset_1,full,reproductions,1
dataset_1,full,smallish,1
dataset_1,full,wildly,1
dataset_1,full,persist,1
dataset_1,full,craftsman,1
dataset_1,full,inquires,1
dataset_1,full,indifferent,1
dataset_1,full,derailed,1
dataset_1,full,stale,1
dataset_1,full,slider,1
dataset_1,full,burrows,1
dataset_1,full,nstratigraphy,1
dataset_1,full,sediments,1
dataset_1,full,dunes,1
dataset_1,full,escarpments,1
dataset_1,full,ngeochemistry,1
dataset_1,full,absurdly,1
dataset_1,full,richman,1
dataset_1,full,okey,1
dataset_1,full,earthlink,1
dataset_1,full,13k,1
dataset_1,full,absolved,1
dataset_1,full,efective,1
dataset_1,full,vested,1
dataset_1,full,boyfriewnd,1
dataset_1,full,marraiges,1
dataset_1,full,misinterpreted,1
dataset_1,full,emt,1
dataset_1,full,emts,1
dataset_1,full,statefull,1
dataset_1,full,stateless,1
dataset_1,full,nmdbs,1
dataset_1,full,backend,1
dataset_1,full,triggered,1
dataset_1,full,jdbc,1
dataset_1,full,mediates,1
dataset_1,full,responds,1
dataset_1,full,queue,1
dataset_1,full,souces,1
dataset_1,full,dizzyand,1
dataset_1,full,energry,1
dataset_1,full,ricians,1
dataset_1,full,coinciding,1
dataset_1,full,yuletide,1
dataset_1,full,worshipped,1
dataset_1,full,originality,1
dataset_1,full,mired,1
dataset_1,full,mufasa,1
dataset_1,full,lecturing,1
dataset_1,full,simba,1
dataset_1,full,thong,1
dataset_1,full,sparkles,1
dataset_1,full,mortified,1
dataset_1,full,transsexuals,1
dataset_1,full,shaves,1
dataset_1,full,namber,1
dataset_1,full,tights,1
dataset_1,full,ncanadians,1
dataset_1,full,nbeach,1
dataset_1,full,demeanour,1
dataset_1,full,interacted,1
dataset_1,full,amchatting,1
dataset_1,full,broader,1
dataset_1,full,conferencing,1
dataset_1,full,mbs,1
dataset_1,full,day's,1
dataset_1,full,zippy,1
dataset_1,full,6mths,1
dataset_1,full,3ys,1
dataset_1,full,174lbs,1
dataset_1,full,5'9,1
dataset_1,full,heavest,1
dataset_1,full,beleieve,1
dataset_1,full,atractive,1
dataset_1,full,exits,1
dataset_1,full,expands,1
dataset_1,full,equalizes,1
dataset_1,full,submerge,1
dataset_1,full,farting,1
dataset_1,full,glucerna,1
dataset_1,full,peanutbutter,1
dataset_1,full,coopted,1
dataset_1,full,mysitical,1
dataset_1,full,unimportant,1
dataset_1,full,breake,1
dataset_1,full,tamera,1
dataset_1,full,carnt,1
dataset_1,full,ither,1
dataset_1,full,xear,1
dataset_1,full,contractors,1
dataset_1,full,1099,1
dataset_1,full,0m,1
dataset_1,full,rads,1
dataset_1,full,acceleratiuon,1
dataset_1,full,nac,1
dataset_1,full,krispy,1
dataset_1,full,kreme,1
dataset_1,full,donut,1
dataset_1,full,buffet,1
dataset_1,full,testify,1
dataset_1,full,grinder,1
dataset_1,full,tillman,1
dataset_1,full,75th,1
dataset_1,full,illustrated,1
dataset_1,full,persevered,1
dataset_1,full,wcw,1
dataset_1,full,ecw,1
dataset_1,full,myspaces,1
dataset_1,full,greg,1
dataset_1,full,reys,1
dataset_1,full,cenas,1
dataset_1,full,shannon,1
dataset_1,full,moores,1
dataset_1,full,stevie,1
dataset_1,full,ashley,1
dataset_1,full,massaros,1
dataset_1,full,lugers,1
dataset_1,full,hemmes,1
dataset_1,full,mickie,1
dataset_1,full,princessalexis385,1
dataset_1,full,spectral,1
dataset_1,full,plath,1
dataset_1,full,intresting,1
dataset_1,full,experinced,1
dataset_1,full,sucide,1
dataset_1,full,percise,1
dataset_1,full,specif,1
dataset_1,full,waster,1
dataset_1,full,personali,1
dataset_1,full,infromation,1
dataset_1,full,unsecured,1
dataset_1,full,druidism,1
dataset_1,full,gimmick,1
dataset_1,full,quien,1
dataset_1,full,descubrio,1
dataset_1,full,250free,1
dataset_1,full,angelfire,1
dataset_1,full,attoney,1
dataset_1,full,solicitor,1
dataset_1,full,etymologically,1
dataset_1,full,nomads,1
dataset_1,full,amorites,1
dataset_1,full,abiru,1
dataset_1,full,habiri,1
dataset_1,full,cuneiform,1
dataset_1,full,amarna,1
dataset_1,full,purbred,1
dataset_1,full,hypoglycemia,1
dataset_1,full,hallucinations,1
dataset_1,full,myers,1
dataset_1,full,leaps,1
dataset_1,full,upgrated,1
dataset_1,full,parkway,1
dataset_1,full,tate,1
dataset_1,full,squabble,1
dataset_1,full,telstra,1
dataset_1,full,privatisation,1
dataset_1,full,pompousness,1
dataset_1,full,costello,1
dataset_1,full,passionately,1
dataset_1,full,recounts,1
dataset_1,full,cheneys,1
dataset_1,full,statewide,1
dataset_1,full,canvass,1
dataset_1,full,convening,1
dataset_1,full,kaufmann,1
dataset_1,full,kohler,1
dataset_1,full,1885,1
dataset_1,full,isaac,1
dataset_1,full,1841,1
dataset_1,full,indwelling,1
dataset_1,full,spiritualized,1
dataset_1,full,preserved,1
dataset_1,full,continual,1
dataset_1,full,consecration,1
dataset_1,full,discoveries,1
dataset_1,full,researches,1
dataset_1,full,antagonistic,1
dataset_1,full,providence,1
dataset_1,full,miraculous,1
dataset_1,full,narratives,1
dataset_1,full,sanctify,1
dataset_1,full,adapted,1
dataset_1,full,rabbinical,1
dataset_1,full,holiness,1
dataset_1,full,obstruct,1
dataset_1,full,messianic,1
dataset_1,full,sacrificial,1
dataset_1,full,progressive,1
dataset_1,full,striving,1
dataset_1,full,postulates,1
dataset_1,full,providential,1
dataset_1,full,fulfillment,1
dataset_1,full,reassert,1
dataset_1,full,grounding,1
dataset_1,full,wickedness,1
dataset_1,full,gehenna,1
dataset_1,full,abodes,1
dataset_1,full,everlasting,1
dataset_1,full,strives,1
dataset_1,full,broncos,1
dataset_1,full,nbroncos,1
dataset_1,full,733mhz,1
dataset_1,full,accusing,1
dataset_1,full,shocks,1
dataset_1,full,stamina,1
dataset_1,full,precision,1
dataset_1,full,rower,1
dataset_1,full,1205,1
dataset_1,full,ninternal,1
dataset_1,full,dir,1
dataset_1,full,nexternal,1
dataset_1,full,fdisk,1
dataset_1,full,nvasu,1
dataset_1,full,nobtaining,1
dataset_1,full,grail,1
dataset_1,full,'free,1
dataset_1,full,energy',1
dataset_1,full,enthuists,1
dataset_1,full,perpetual,1
dataset_1,full,gauss,1
dataset_1,full,magnetize,1
dataset_1,full,aquaintances,1
dataset_1,full,comforted,1
dataset_1,full,proove,1
dataset_1,full,it',1
dataset_1,full,thankgod,1
dataset_1,full,repays,1
dataset_1,full,locust,1
dataset_1,full,runaway,1
dataset_1,full,feminism,1
dataset_1,full,cruelties,1
dataset_1,full,refuges,1
dataset_1,full,'why,1
dataset_1,full,spender,1
dataset_1,full,solitude,1
dataset_1,full,tempts,1
dataset_1,full,rebuffs,1
dataset_1,full,recapitulate,1
dataset_1,full,temptations,1
dataset_1,full,opportune,1
dataset_1,full,salvific,1
dataset_1,full,israel's,1
dataset_1,full,vocation,1
dataset_1,full,conqueror,1
dataset_1,full,plunder,1
dataset_1,full,anticipates,1
dataset_1,full,njesus',1
dataset_1,full,sinning,1
dataset_1,full,liturgies,1
dataset_1,full,pilgrimages,1
dataset_1,full,almsgiving,1
dataset_1,full,fraternal,1
dataset_1,full,'opposite',1
dataset_1,full,cancelers,1
dataset_1,full,'noise,1
dataset_1,full,generators',1
dataset_1,full,pyschologists,1
dataset_1,full,shyer,1
dataset_1,full,debbie,1
dataset_1,full,dislocated,1
dataset_1,full,casted,1
dataset_1,full,camefromindia,1
dataset_1,full,waived,1
dataset_1,full,slots,1
dataset_1,full,enterance,1
dataset_1,full,stoppage,1
dataset_1,full,pappy,1
dataset_1,full,crabby,1
dataset_1,full,jeremy,1
dataset_1,full,work'outside'to,1
dataset_1,full,beleave,1
dataset_1,full,hevan,1
dataset_1,full,skype,1
dataset_1,full,noticeablely,1
dataset_1,full,troublesome,1
dataset_1,full,umworkable,1
dataset_1,full,starband,1
dataset_1,full,uploads,1
dataset_1,full,discountinued,1
dataset_1,full,2xl,1
dataset_1,full,stagewear,1
dataset_1,full,licenser,1
dataset_1,full,graphitti,1
dataset_1,full,shoplifting,1
dataset_1,full,abortion',1
dataset_1,full,repentant,1
dataset_1,full,categorize,1
dataset_1,full,gleefully,1
dataset_1,full,feminazi,1
dataset_1,full,libtard,1
dataset_1,full,disinformation,1
dataset_1,full,activist,1
dataset_1,full,characterize,1
dataset_1,full,leftists,1
dataset_1,full,socialists,1
dataset_1,full,neoconservatives,1
dataset_1,full,allying,1
dataset_1,full,strident,1
dataset_1,full,interventionist,1
dataset_1,full,thermostat,1
dataset_1,full,brick,1
dataset_1,full,glare,1
dataset_1,full,shade,1
dataset_1,full,blinds,1
dataset_1,full,prescreening,1
dataset_1,full,burzurk,1
dataset_1,full,unsolisited,1
dataset_1,full,optout,1
dataset_1,full,567,1
dataset_1,full,8688,1
dataset_1,full,reliquished,1
dataset_1,full,korea's,1
dataset_1,full,sentances,1
dataset_1,full,272,1
dataset_1,full,etiological,1
dataset_1,full,atrophy,1
dataset_1,full,ojn,1
dataset_1,full,ntrouble,1
dataset_1,full,brainchild,1
dataset_1,full,outreach,1
dataset_1,full,draconian,1
dataset_1,full,queen's,1
dataset_1,full,member's,1
dataset_1,full,jared's,1
dataset_1,full,mpps,1
dataset_1,full,assent,1
dataset_1,full,89,1
dataset_1,full,distinctly,1
dataset_1,full,blanking,1
dataset_1,full,48x,1
dataset_1,full,64x,1
dataset_1,full,80x,1
dataset_1,full,mmmmmuuuuaaaaaaahhhhhhh,1
dataset_1,full,wives,1
dataset_1,full,fregin,1
dataset_1,full,micha,1
dataset_1,full,parmis,1
dataset_1,full,bleus,1
dataset_1,full,parcours,1
dataset_1,full,minable,1
dataset_1,full,appeler,1
dataset_1,full,lyonnais,1
dataset_1,full,pourtant,1
dataset_1,full,dois,1
dataset_1,full,avouer,1
dataset_1,full,edf,1
dataset_1,full,seule,1
dataset_1,full,coce,1
dataset_1,full,coup,1
dataset_1,full,rester,1
dataset_1,full,ternel,1
dataset_1,full,nen,1
dataset_1,full,amis,1
dataset_1,full,apporterait,1
dataset_1,full,saine,1
dataset_1,full,concurrence,1
dataset_1,full,poste,1
dataset_1,full,tensions,1
dataset_1,full,souvent,1
dataset_1,full,importantes,1
dataset_1,full,l'instant,1
dataset_1,full,indiscutable,1
dataset_1,full,avenir,1
dataset_1,full,proche,1
dataset_1,full,s'il,1
dataset_1,full,continu,1
dataset_1,full,progresser,1
dataset_1,full,lui,1
dataset_1,full,confiance,1
dataset_1,full,n'est,1
dataset_1,full,reste,1
dataset_1,full,digne,1
dataset_1,full,successeur,1
dataset_1,full,huntie,1
dataset_1,full,sholder,1
dataset_1,full,thif,1
dataset_1,full,fallout,1
dataset_1,full,noverview,1
dataset_1,full,nwebas,1
dataset_1,full,developer's,1
dataset_1,full,sdn,1
dataset_1,full,nintroduction,1
dataset_1,full,26th,1
dataset_1,full,nhpiole,1
dataset_1,full,hpiole,1
dataset_1,full,howto,1
dataset_1,full,ndocumentation,1
dataset_1,full,ppt,1
dataset_1,full,garth,1
dataset_1,full,cassandra,1
dataset_1,full,sha,1
dataset_1,full,empoyees,1
dataset_1,full,spelbound',1
dataset_1,full,spellbound',1
dataset_1,full,sone,1
dataset_1,full,paula,1
dataset_1,full,nmetaphysical,1
dataset_1,full,nshadows,1
dataset_1,full,servere,1
dataset_1,full,internet's,1
dataset_1,full,agan,1
dataset_1,full,quaratine,1
dataset_1,full,grayware,1
dataset_1,full,guam,1
dataset_1,full,mea,1
dataset_1,full,cheatted,1
dataset_1,full,receptionist,1
dataset_1,full,tooo,1
dataset_1,full,walkin',1
dataset_1,full,ked's,1
dataset_1,full,backer's,1
dataset_1,full,alumni,1
dataset_1,full,forgivable,1
dataset_1,full,dived,1
dataset_1,full,sophomoric,1
dataset_1,full,ambiance,1
dataset_1,full,ammendmnet,1
dataset_1,full,majoratiy,1
dataset_1,full,ouself,1
dataset_1,full,nakshay,1
dataset_1,full,nemail,1
dataset_1,full,celiac,1
dataset_1,full,reproducability,1
dataset_1,full,reproducible,1
dataset_1,full,fronted,1
dataset_1,full,kobra,1
dataset_1,full,carolinagurlie,1
dataset_1,full,kaysar,1
dataset_1,full,janelle,1
dataset_1,full,magdalene,1
dataset_1,full,sensibility,1
dataset_1,full,graded,1
dataset_1,full,reconnect,1
dataset_1,full,reposting,1
dataset_1,full,logfile,1
dataset_1,full,prevx,1
dataset_1,full,payoff,1
dataset_1,full,booked,1
dataset_1,full,dippin',1
dataset_1,full,bandwagon,1
dataset_1,full,vivah,1
dataset_1,full,neaver,1
dataset_1,full,dyslexia,1
dataset_1,full,tease,1
dataset_1,full,dyslixic,1
dataset_1,full,situatiuons,1
dataset_1,full,bullied,1
dataset_1,full,tranparent,1
dataset_1,full,chrystal,1
dataset_1,full,aresult,1
dataset_1,full,adminstration,1
dataset_1,full,blindsided,1
dataset_1,full,un's,1
dataset_1,full,unilateral,1
dataset_1,full,expel,1
dataset_1,full,unruly,1
dataset_1,full,intemperate,1
dataset_1,full,temepratures,1
dataset_1,full,fermentation,1
dataset_1,full,skunks,1
dataset_1,full,flowering,1
dataset_1,full,commmonly,1
dataset_1,full,sentanced,1
dataset_1,full,mainworry,1
dataset_1,full,deliverance,1
dataset_1,full,funner,1
dataset_1,full,thst,1
dataset_1,full,match',1
dataset_1,full,'one,1
dataset_1,full,everything',1
dataset_1,full,wrapping,1
dataset_1,full,tabloid,1
dataset_1,full,ts,1
dataset_1,full,holo,1
dataset_1,full,environs,1
dataset_1,full,cockney,1
dataset_1,full,magpies,1
dataset_1,full,neaten,1
dataset_1,full,comics,1
dataset_1,full,mystique,1
dataset_1,full,marvels,1
dataset_1,full,iceman,1
dataset_1,full,gambit,1
dataset_1,full,wolverine's,1
dataset_1,full,sidekick,1
dataset_1,full,harold,1
dataset_1,full,yammering,1
dataset_1,full,indeependants,1
dataset_1,full,handrail,1
dataset_1,full,talkign,1
dataset_1,full,suing,1
dataset_1,full,bobo,1
dataset_1,full,vieri,1
dataset_1,full,lysol,1
dataset_1,full,disinfectant,1
dataset_1,full,noust,1
dataset_1,full,terrifies,1
dataset_1,full,laxitives,1
dataset_1,full,microflora,1
dataset_1,full,diarhea,1
dataset_1,full,nhipovitaminosis,1
dataset_1,full,distorted,1
dataset_1,full,cardiovasculary,1
dataset_1,full,faint,1
dataset_1,full,nsorter,1
dataset_1,full,detoxifying,1
dataset_1,full,predominantly,1
dataset_1,full,triglycerides,1
dataset_1,full,lauric,1
dataset_1,full,myristic,1
dataset_1,full,palmitic,1
dataset_1,full,oleic,1
dataset_1,full,linoleic,1
dataset_1,full,nunrefined,1
dataset_1,full,melts,1
dataset_1,full,232,1
dataset_1,full,resilience,1
dataset_1,full,fiberglass,1
dataset_1,full,unlined,1
dataset_1,full,softening,1
dataset_1,full,oxidants,1
dataset_1,full,isotonic,1
dataset_1,full,refreshing,1
dataset_1,full,gelatinous,1
dataset_1,full,dessert,1
dataset_1,full,nata,1
dataset_1,full,coco,1
dataset_1,full,macapuno,1
dataset_1,full,extracts,1
dataset_1,full,businessmen,1
dataset_1,full,mangment,1
dataset_1,full,loos,1
dataset_1,full,skilld,1
dataset_1,full,scours,1
dataset_1,full,npeyton,1
dataset_1,full,nedgerrin,1
dataset_1,full,nwillie,1
dataset_1,full,nreggie,1
dataset_1,full,nmarques,1
dataset_1,full,nalge,1
dataset_1,full,crumpler,1
dataset_1,full,npatriots,1
dataset_1,full,nadam,1
dataset_1,full,vinatieri,1
dataset_1,full,nwillis,1
dataset_1,full,nlarry,1
dataset_1,full,vanderjagt,1
dataset_1,full,nsteelers,1
dataset_1,full,nrex,1
dataset_1,full,grossman,1
dataset_1,full,nbernard,1
dataset_1,full,nphilip,1
dataset_1,full,edgerrin,1
dataset_1,full,ariz,1
dataset_1,full,stinks,1
dataset_1,full,'something',1
dataset_1,full,2get,1
dataset_1,full,guru,1
dataset_1,full,pedicure,1
dataset_1,full,pamper,1
dataset_1,full,amorphous,1
dataset_1,full,gunpoint,1
dataset_1,full,cop's,1
dataset_1,full,harm's,1
dataset_1,full,uniformed,1
dataset_1,full,manpower,1
dataset_1,full,reenactors,1
dataset_1,full,mccarver,1
dataset_1,full,gaap,1
dataset_1,full,expta,1
dataset_1,full,bells,1
dataset_1,full,whistles,1
dataset_1,full,creditcard,1
dataset_1,full,incompitent,1
dataset_1,full,midsummer,1
dataset_1,full,iola,1
dataset_1,full,gristlethwaite's,1
dataset_1,full,prizeiwinning,1
dataset_1,full,latex,1
dataset_1,full,barbara's,1
dataset_1,full,apologized,1
dataset_1,full,profusely,1
dataset_1,full,barbara,1
dataset_1,full,knives,1
dataset_1,full,educable,1
dataset_1,full,sharpener,1
dataset_1,full,ilness,1
dataset_1,full,adiction,1
dataset_1,full,dea,1
dataset_1,full,incarcerate,1
dataset_1,full,legalize,1
dataset_1,full,antritis,1
dataset_1,full,adenoids,1
dataset_1,full,scrubbing,1
dataset_1,full,gaze,1
dataset_1,full,nkitty,1
dataset_1,full,grooming,1
dataset_1,full,tempertantrums,1
dataset_1,full,paralyzed,1
dataset_1,full,reversal,1
dataset_1,full,improvise,1
dataset_1,full,spoiling,1
dataset_1,full,myway,1
dataset_1,full,mywebsearch,1
dataset_1,full,mirco,1
dataset_1,full,cwshredder,1
dataset_1,full,elimates,1
dataset_1,full,ud,1
dataset_1,full,hinrich,1
dataset_1,full,collison,1
dataset_1,full,obssessed,1
dataset_1,full,boobz,1
dataset_1,full,poeple,1
dataset_1,full,greenhouse,1
dataset_1,full,would'nt,1
dataset_1,full,menendez,1
dataset_1,full,menendez's,1
dataset_1,full,newjersey,1
dataset_1,full,disgusted,1
dataset_1,full,nmenendez,1
dataset_1,full,crook,1
dataset_1,full,kean,1
dataset_1,full,electorate,1
dataset_1,full,inevitably,1
dataset_1,full,doggies,1
dataset_1,full,nresponding,1
dataset_1,full,miamyk,1
dataset_1,full,683,1
dataset_1,full,narrector,1
dataset_1,full,633,1
dataset_1,full,eductaiona,1
dataset_1,full,vigorously,1
dataset_1,full,outraged,1
dataset_1,full,insulted,1
dataset_1,full,dehumanized,1
dataset_1,full,polytheists,1
dataset_1,full,atrocities,1
dataset_1,full,flinch,1
dataset_1,full,joshua,1
dataset_1,full,deify,1
dataset_1,full,impregnated,1
dataset_1,full,portrican,1
dataset_1,full,danny,1
dataset_1,full,joanie,1
dataset_1,full,njade,1
dataset_1,full,swollow,1
dataset_1,full,wwi,1
dataset_1,full,nickle,1
dataset_1,full,satusfy,1
dataset_1,full,arswholes,1
dataset_1,full,russion,1
dataset_1,full,vale,1
dataset_1,full,kenyan,1
dataset_1,full,kbc,1
dataset_1,full,swahili,1
dataset_1,full,equatorial,1
dataset_1,full,espa,1
dataset_1,full,broadcasters,1
dataset_1,full,beamed,1
dataset_1,full,mundo,1
dataset_1,full,bulgaria,1
dataset_1,full,sbs,1
dataset_1,full,irib,1
dataset_1,full,zona,1
dataset_1,full,latina,1
dataset_1,full,powerpc,1
dataset_1,full,933mhz,1
dataset_1,full,shreve,1
dataset_1,full,glimore,1
dataset_1,full,epidode,1
dataset_1,full,recap,1
dataset_1,full,televisionwithoutpity,1
dataset_1,full,publicised,1
dataset_1,full,softest,1
dataset_1,full,goanna,1
dataset_1,full,2134,1
dataset_1,full,everyplace,1
dataset_1,full,seams,1
dataset_1,full,addapted,1
dataset_1,full,reprocusions,1
dataset_1,full,rarity,1
dataset_1,full,churched,1
dataset_1,full,unloveable,1
dataset_1,full,reverting,1
dataset_1,full,ncauses,1
dataset_1,full,nervousness,1
dataset_1,full,perspiration,1
dataset_1,full,flushed,1
dataset_1,full,forgetful,1
dataset_1,full,concentrating,1
dataset_1,full,adrenaline,1
dataset_1,full,quickens,1
dataset_1,full,nmuscles,1
dataset_1,full,nrecognize,1
dataset_1,full,ncalm,1
dataset_1,full,neasiest,1
dataset_1,full,bodyguards,1
dataset_1,full,ntraining,1
dataset_1,full,pageand,1
dataset_1,full,0033,1
dataset_1,full,9689,1
dataset_1,full,charcters,1
dataset_1,full,autoload,1
dataset_1,full,nicon,1
dataset_1,full,fundraiser,1
dataset_1,full,versailles,1
dataset_1,full,aimed,1
dataset_1,full,overstay,1
dataset_1,full,overstaying,1
dataset_1,full,fs,1
dataset_1,full,brownsville,1
dataset_1,full,arlington,1
dataset_1,full,agony,1
dataset_1,full,anyboby,1
dataset_1,full,compettitive,1
dataset_1,full,resold,1
dataset_1,full,legaly,1
dataset_1,full,'printers',1
dataset_1,full,'directly',1
dataset_1,full,exporting,1
dataset_1,full,textbook411,1
dataset_1,full,compares,1
dataset_1,full,soemthing,1
dataset_1,full,monte,1
dataset_1,full,cristo,1
dataset_1,full,kj,1
dataset_1,full,casting,1
dataset_1,full,crowder,1
dataset_1,full,shane,1
dataset_1,full,nchris,1
dataset_1,full,nshawn,1
dataset_1,full,nsonicflood,1
dataset_1,full,ncasting,1
dataset_1,full,navalon,1
dataset_1,full,tobymac,1
dataset_1,full,iif,1
dataset_1,full,rowe,1
dataset_1,full,prasx,1
dataset_1,full,netgix,1
dataset_1,full,nemgix,1
dataset_1,full,nmindx,1
dataset_1,full,eft's,1
dataset_1,full,neem,1
dataset_1,full,nadre,1
dataset_1,full,buccanerrs,1
dataset_1,full,nfairness,1
dataset_1,full,facilitating,1
dataset_1,full,allocate,1
dataset_1,full,nfacilitate,1
dataset_1,full,utilized,1
dataset_1,full,implemented,1
dataset_1,full,inflexibility,1
dataset_1,full,sonet,1
dataset_1,full,encrypt,1
dataset_1,full,vodafone,1
dataset_1,full,vunerable,1
dataset_1,full,na5,1
dataset_1,full,'secure',1
dataset_1,full,hash,1
dataset_1,full,sres,1
dataset_1,full,implementations,1
dataset_1,full,crypto,1
dataset_1,full,mou,1
dataset_1,full,definesunable,1
dataset_1,full,ible,1
dataset_1,full,impassible,1
dataset_1,full,nmolecule,1
dataset_1,full,atons,1
dataset_1,full,ndiffusion,1
dataset_1,full,electrodes,1
dataset_1,full,diplomatic,1
dataset_1,full,uss,1
dataset_1,full,summed,1
dataset_1,full,democratically,1
dataset_1,full,acks,1
dataset_1,full,owne,1
dataset_1,full,threes,1
dataset_1,full,thot,1
dataset_1,full,theory's,1
dataset_1,full,genus,1
dataset_1,full,poultry,1
dataset_1,full,lactobacilli,1
dataset_1,full,enterococci,1
dataset_1,full,pedioccoci,1
dataset_1,full,streptococci,1
dataset_1,full,deman,1
dataset_1,full,sharpe,1
dataset_1,full,ncollect,1
dataset_1,full,aliquotes,1
dataset_1,full,tranfering,1
dataset_1,full,pipet,1
dataset_1,full,incubate,1
dataset_1,full,34c,1
dataset_1,full,48hs,1
dataset_1,full,aliquote,1
dataset_1,full,100x10x10x10,1
dataset_1,full,vendetta,1
dataset_1,full,thumbnail,1
dataset_1,full,pervious,1
dataset_1,full,gasket,1
dataset_1,full,idoit,1
dataset_1,full,togethter,1
dataset_1,full,raisned,1
dataset_1,full,traditionaly,1
dataset_1,full,somrplace,1
dataset_1,full,thogether,1
dataset_1,full,investigator,1
dataset_1,full,redial,1
dataset_1,full,florists,1
dataset_1,full,jewelers,1
dataset_1,full,postponed,1
dataset_1,full,doubleheader,1
dataset_1,full,situs,1
dataset_1,full,nthan,1
dataset_1,full,dammit,1
dataset_1,full,invisibility,1
dataset_1,full,mortal,1
dataset_1,full,shag,1
dataset_1,full,aht,1
dataset_1,full,uncopy,1
dataset_1,full,ok88,1
dataset_1,full,abetter,1
dataset_1,full,should've,1
dataset_1,full,reservetion,1
dataset_1,full,reservation,1
dataset_1,full,tecnical,1
dataset_1,full,besis,1
dataset_1,full,fe,1
dataset_1,full,nmetals,1
dataset_1,full,elemental,1
dataset_1,full,alloys,1
dataset_1,full,luster,1
dataset_1,full,ncovalent,1
dataset_1,full,lcao,1
dataset_1,full,ch4,1
dataset_1,full,nionic,1
dataset_1,full,structurel,1
dataset_1,full,webname,1
dataset_1,full,samspade,1
dataset_1,full,registrar,1
dataset_1,full,hijacking,1
dataset_1,full,audibles,1
dataset_1,full,childerns,1
dataset_1,full,npsychological,1
dataset_1,full,lcpc,1
dataset_1,full,cpc,1
dataset_1,full,moralistic,1
dataset_1,full,succeeded,1
dataset_1,full,aproaches,1
dataset_1,full,dinamycs,1
dataset_1,full,tought,1
dataset_1,full,grownd,1
dataset_1,full,helpfull,1
dataset_1,full,pleaser,1
dataset_1,full,consecions,1
dataset_1,full,transendent,1
dataset_1,full,reciprocating,1
dataset_1,full,neglected,1
dataset_1,full,3some,1
dataset_1,full,cpl,1
dataset_1,full,expirerience,1
dataset_1,full,reasure,1
dataset_1,full,decsion,1
dataset_1,full,34th,1
dataset_1,full,kmart,1
dataset_1,full,dunkin,1
dataset_1,full,donuts,1
dataset_1,full,'r',1
dataset_1,full,shsat,1
dataset_1,full,nobility,1
dataset_1,full,dyed,1
dataset_1,full,school's,1
dataset_1,full,seniors,1
dataset_1,full,collared,1
dataset_1,full,philandering,1
dataset_1,full,juries,1
dataset_1,full,ballads,1
dataset_1,full,dumars,1
dataset_1,full,adrian,1
dataset_1,full,dantley,1
dataset_1,full,1935,1
dataset_1,full,qadian,1
dataset_1,full,mirza,1
dataset_1,full,ghylam,1
dataset_1,full,ahmad,1
dataset_1,full,qadiani,1
dataset_1,full,mesaih,1
dataset_1,full,cattle,1
dataset_1,full,refuge,1
dataset_1,full,paddock,1
dataset_1,full,curing,1
dataset_1,full,airial,1
dataset_1,full,terraserver,1
dataset_1,full,pixel,1
dataset_1,full,eros,1
dataset_1,full,miages,1
dataset_1,full,orthophoto,1
dataset_1,full,quads,1
dataset_1,full,sattelite,1
dataset_1,full,secnd,1
dataset_1,full,puc,1
dataset_1,full,b'lore,1
dataset_1,full,collages,1
dataset_1,full,oppurtunities,1
dataset_1,full,nfamiliarize,1
dataset_1,full,controllers,1
dataset_1,full,gauges,1
dataset_1,full,inductor,1
dataset_1,full,languish,1
dataset_1,full,repairman,1
dataset_1,full,fluffy,1
dataset_1,full,slurpee,1
dataset_1,full,syrup,1
dataset_1,full,pofessionals,1
dataset_1,full,ndollarbackrealty,1
dataset_1,full,seel,1
dataset_1,full,licenseing,1
dataset_1,full,npage_fault_in_nonpaged_area,1
dataset_1,full,ntechnical,1
dataset_1,full,0x00000050,1
dataset_1,full,0xe1202000,1
dataset_1,full,0x8094af46,1
dataset_1,full,dimms,1
dataset_1,full,overclocking,1
dataset_1,full,unmotivated,1
dataset_1,full,employee's,1
dataset_1,full,purses,1
dataset_1,full,bait,1
dataset_1,full,invovled,1
dataset_1,full,predicament,1
dataset_1,full,flirty,1
dataset_1,full,miserably,1
dataset_1,full,vacuoles,1
dataset_1,full,chloroplasts,1
dataset_1,full,nribosomes,1
dataset_1,full,rna,1
dataset_1,full,weightless,1
dataset_1,full,cushy,1
dataset_1,full,surgery's,1
dataset_1,full,oxycotin,1
dataset_1,full,morphen,1
dataset_1,full,perscription,1
dataset_1,full,methadone,1
dataset_1,full,stauetes,1
dataset_1,full,malepractice,1
dataset_1,full,insofar,1
dataset_1,full,makos,1
dataset_1,full,211,1
dataset_1,full,564,1
dataset_1,full,662,1
dataset_1,full,nactions,1
dataset_1,full,limitation,1
dataset_1,full,claimants,1
dataset_1,full,commenced,1
dataset_1,full,belittling,1
dataset_1,full,begotton,1
dataset_1,full,phsical,1
dataset_1,full,stunting,1
dataset_1,full,tumbling,1
dataset_1,full,ni3mn,1
dataset_1,full,531,1
dataset_1,full,angstroms,1
dataset_1,full,580,1
dataset_1,full,cu3au,1
dataset_1,full,nlolzzzz,1
dataset_1,full,aalexart,1
dataset_1,full,invert,1
dataset_1,full,shri,1
dataset_1,full,bhairon,1
dataset_1,full,shekhawat,1
dataset_1,full,maulana,1
dataset_1,full,azad,1
dataset_1,full,23016344,1
dataset_1,full,23016422,1
dataset_1,full,23018124,1
dataset_1,full,nresi,1
dataset_1,full,23782701,1
dataset_1,full,23782703,1
dataset_1,full,ncountry,1
dataset_1,full,gavel,1
dataset_1,full,mallet,1
dataset_1,full,auctioneer,1
dataset_1,full,housin,1
dataset_1,full,mlk,1
dataset_1,full,arrose,1
dataset_1,full,busars,1
dataset_1,full,simuilar,1
dataset_1,full,schold,1
dataset_1,full,relize,1
dataset_1,full,issurance,1
dataset_1,full,belives,1
dataset_1,full,rhino,1
dataset_1,full,raving,1
dataset_1,full,hiden,1
dataset_1,full,synagogue,1
dataset_1,full,serveral,1
dataset_1,full,somebodies,1
dataset_1,full,above16yrs,1
dataset_1,full,noccupation,1
dataset_1,full,nsearching,1
dataset_1,full,nhome,1
dataset_1,full,likeself,1
dataset_1,full,resonable,1
dataset_1,full,workforce,1
dataset_1,full,autistics,1
dataset_1,full,supervise,1
dataset_1,full,stocked,1
dataset_1,full,supervisory,1
dataset_1,full,pamphlets,1
dataset_1,full,induction,1
dataset_1,full,rotor,1
dataset_1,full,harfleur,1
dataset_1,full,mauritian,1
dataset_1,full,npreviously,1
dataset_1,full,havre,1
dataset_1,full,bordeaux,1
dataset_1,full,milan,1
dataset_1,full,ndhorasso,1
dataset_1,full,fierce,1
dataset_1,full,marseille,1
dataset_1,full,panels,1
dataset_1,full,wwhite,1
dataset_1,full,sussex,1
dataset_1,full,brok,1
dataset_1,full,vowels,1
dataset_1,full,rythm,1
dataset_1,full,meeeeeeee,1
dataset_1,full,aanswer,1
dataset_1,full,shtuff,1
dataset_1,full,rocketman's,1
dataset_1,full,marlboro,1
dataset_1,full,cigg,1
dataset_1,full,outlining,1
dataset_1,full,nkiara,1
dataset_1,full,lid,1
dataset_1,full,'only,1
dataset_1,full,christians',1
dataset_1,full,decorate,1
dataset_1,full,unequally,1
dataset_1,full,yolked,1
dataset_1,full,rigid,1
dataset_1,full,rambunctious,1
dataset_1,full,yaya's,1
dataset_1,full,yaya,1
dataset_1,full,grey's,1
dataset_1,full,wcbs,1
dataset_1,full,affiliate,1
dataset_1,full,emmy,1
dataset_1,full,'one',1
dataset_1,full,occassionally,1
dataset_1,full,spotters,1
dataset_1,full,5'10,1
dataset_1,full,bodyweight,1
dataset_1,full,chore,1
dataset_1,full,escapists,1
dataset_1,full,resettled,1
dataset_1,full,succesfully,1
dataset_1,full,nkilling,1
dataset_1,full,hwta,1
dataset_1,full,771776,1
dataset_1,full,'mom',1
dataset_1,full,despair,1
dataset_1,full,brummie,1
dataset_1,full,brum,1
dataset_1,full,cruiser,1
dataset_1,full,overselling,1
dataset_1,full,antics,1
dataset_1,full,peep,1
dataset_1,full,bossy,1
dataset_1,full,slobbering,1
dataset_1,full,booger,1
dataset_1,full,harrass,1
dataset_1,full,nwho'll,1
dataset_1,full,auther,1
dataset_1,full,clerke,1
dataset_1,full,patentable,1
dataset_1,full,cautiously,1
dataset_1,full,evangelise,1
dataset_1,full,motivating,1
dataset_1,full,innovating,1
dataset_1,full,g'day,1
dataset_1,full,296,1
dataset_1,full,toget,1
dataset_1,full,activists,1
dataset_1,full,writing's,1
dataset_1,full,'60s,1
dataset_1,full,cornbread,1
dataset_1,full,deliberate,1
dataset_1,full,tagger,1
dataset_1,full,misleaded,1
dataset_1,full,imo,1
dataset_1,full,nleinart,1
dataset_1,full,nvick,1
dataset_1,full,nimo,1
dataset_1,full,echoes,1
dataset_1,full,baboons,1
dataset_1,full,precieved,1
dataset_1,full,yumyums,1
dataset_1,full,heeelllpppp,1
dataset_1,full,peru,1
dataset_1,full,peruvians,1
dataset_1,full,venn,1
dataset_1,full,ncytology,1
dataset_1,full,ngenetics,1
dataset_1,full,heredity,1
dataset_1,full,nembryology,1
dataset_1,full,nanatomy,1
dataset_1,full,nzoology,1
dataset_1,full,invertebrate,1
dataset_1,full,invertebrates,1
dataset_1,full,vertebrate,1
dataset_1,full,nbotany,1
dataset_1,full,nmicrobiology,1
dataset_1,full,microorganisms,1
dataset_1,full,nparasitology,1
dataset_1,full,nhistology,1
dataset_1,full,nmycology,1
dataset_1,full,nentomology,1
dataset_1,full,nbotanical,1
dataset_1,full,nomenclature,1
dataset_1,full,nmorphology,1
dataset_1,full,nneurobiology,1
dataset_1,full,ncryobiology,1
dataset_1,full,nbiogeography,1
dataset_1,full,colding,1
dataset_1,full,thouth,1
dataset_1,full,gramma,1
dataset_1,full,forthis,1
dataset_1,full,nestle,1
dataset_1,full,lindt,1
dataset_1,full,additude,1
dataset_1,full,5'7,1
dataset_1,full,spenardtimmy,1
dataset_1,full,alieviate,1
dataset_1,full,nsaids,1
dataset_1,full,n1950,1
dataset_1,full,fluoroscent,1
dataset_1,full,ballast,1
dataset_1,full,luminescent,1
dataset_1,full,illuminate,1
dataset_1,full,colloquial,1
dataset_1,full,tungsten,1
dataset_1,full,cations,1
dataset_1,full,anions,1
dataset_1,full,oppositely,1
dataset_1,full,ncl,1
dataset_1,full,includeing,1
dataset_1,full,totla,1
dataset_1,full,maleability,1
dataset_1,full,willim's,1
dataset_1,full,smallthing,1
dataset_1,full,imbed,1
dataset_1,full,src,1
dataset_1,full,dsp,1
dataset_1,full,ndsp,1
dataset_1,full,equalizers,1
dataset_1,full,premeditated,1
dataset_1,full,burglary,1
dataset_1,full,muzzy,1
dataset_1,full,neslkidstuff,1
dataset_1,full,flashcards,1
dataset_1,full,worksheets,1
dataset_1,full,neslkid,1
dataset_1,full,terminating,1
dataset_1,full,dissolution,1
dataset_1,full,teardrops,1
dataset_1,full,ry,1
dataset_1,full,cooder,1
dataset_1,full,mimi,1
dataset_1,full,indisputedly,1
dataset_1,full,tech',1
dataset_1,full,spec',1
dataset_1,full,componentry,1
dataset_1,full,bolted,1
dataset_1,full,ntruly,1
dataset_1,full,scratches,1
dataset_1,full,switchfoot's,1
dataset_1,full,chem,1
dataset_1,full,6a,1
dataset_1,full,switchfoot,1
dataset_1,full,cosmos,1
dataset_1,full,graviton,1
dataset_1,full,generel,1
dataset_1,full,nlong,1
dataset_1,full,nground,1
dataset_1,full,warms,1
dataset_1,full,311,1
dataset_1,full,holla,1
dataset_1,full,prepregnancy,1
dataset_1,full,shields,1
dataset_1,full,tabloids,1
dataset_1,full,omnipotence,1
dataset_1,full,equip,1
dataset_1,full,arrestor,1
dataset_1,full,16yrs,1
dataset_1,full,ankleshwar,1
dataset_1,full,gujarat,1
dataset_1,full,zonal,1
dataset_1,full,bcoz,1
dataset_1,full,sachin,1
dataset_1,full,viru,1
dataset_1,full,compnay,1
dataset_1,full,thati,1
dataset_1,full,screwy,1
dataset_1,full,condescending,1
dataset_1,full,honourable,1
dataset_1,full,negativity,1
dataset_1,full,pgh,1
dataset_1,full,3x10,1
dataset_1,full,yesn,1
dataset_1,full,aneamia,1
dataset_1,full,yoghurts,1
dataset_1,full,vegies,1
dataset_1,full,tiredness,1
dataset_1,full,palpitations,1
dataset_1,full,haemoglobin,1
dataset_1,full,nhaemoglobin,1
dataset_1,full,transports,1
dataset_1,full,wholemeal,1
dataset_1,full,fortified,1
dataset_1,full,pale,1
dataset_1,full,nfainting,1
dataset_1,full,nangina,1
dataset_1,full,mentrual,1
dataset_1,full,it'a,1
dataset_1,full,steamy,1
dataset_1,full,100000000,1
dataset_1,full,excerpt,1
dataset_1,full,martha's,1
dataset_1,full,vineyard,1
dataset_1,full,tanzania,1
dataset_1,full,afghanistan's,1
dataset_1,full,rulers,1
dataset_1,full,sudanese,1
dataset_1,full,khartoum,1
dataset_1,full,shifa,1
dataset_1,full,npentagon,1
dataset_1,full,edt,1
dataset_1,full,1730,1
dataset_1,full,gmt,1
dataset_1,full,nsudanese,1
dataset_1,full,rubble,1
dataset_1,full,raging,1
dataset_1,full,lkie,1
dataset_1,full,weblayout,1
dataset_1,full,electrolysis,1
dataset_1,full,aqueous,1
dataset_1,full,lords,1
dataset_1,full,responcibility,1
dataset_1,full,propery,1
dataset_1,full,kyosocki,1
dataset_1,full,cources,1
dataset_1,full,carleton,1
dataset_1,full,interestes,1
dataset_1,full,creat,1
dataset_1,full,significent,1
dataset_1,full,refelctivity,1
dataset_1,full,evaporate,1
dataset_1,full,photographs,1
dataset_1,full,doido,1
dataset_1,full,geoff,1
dataset_1,full,geoffrey,1
dataset_1,full,adelaide,1
dataset_1,full,parelle,1
dataset_1,full,eduction,1
dataset_1,full,copa,1
dataset_1,full,ricky,1
dataset_1,full,forca,1
dataset_1,full,inquistion,1
dataset_1,full,inaugurated,1
dataset_1,full,synod,1
dataset_1,full,1184,1
dataset_1,full,collaboration,1
dataset_1,full,frederick,1
dataset_1,full,barbarossa,1
dataset_1,full,decreed,1
dataset_1,full,duly,1
dataset_1,full,instructed,1
dataset_1,full,inquirere,1
dataset_1,full,heretics,1
dataset_1,full,heretic,1
dataset_1,full,embarrassment,1
dataset_1,full,tenderness,1
dataset_1,full,toughy,1
dataset_1,full,lactation,1
dataset_1,full,guage,1
dataset_1,full,preachings,1
dataset_1,full,presidents',1
dataset_1,full,properous,1
dataset_1,full,forsaken,1
dataset_1,full,envied,1
dataset_1,full,bastion,1
dataset_1,full,paranormal,1
dataset_1,full,gunshots,1
dataset_1,full,sergeant,1
dataset_1,full,reuters,1
dataset_1,full,girsl,1
dataset_1,full,cetificate,1
dataset_1,full,mcniel,1
dataset_1,full,sabres,1
dataset_1,full,kazza,1
dataset_1,full,inancial,1
dataset_1,full,ncurrency,1
dataset_1,full,destabilise,1
dataset_1,full,nintellectual,1
dataset_1,full,luxury,1
dataset_1,full,alarmingly,1
dataset_1,full,endangers,1
dataset_1,full,defraud,1
dataset_1,full,cripple,1
dataset_1,full,vulnerability,1
dataset_1,full,chairperson,1
dataset_1,full,chairwoman,1
dataset_1,full,plato,1
dataset_1,full,levee,1
dataset_1,full,surrounds,1
dataset_1,full,fluke,1
dataset_1,full,midwestern,1
dataset_1,full,abandon,1
dataset_1,full,nwashington,1
dataset_1,full,1812,1
dataset_1,full,nsan,1
dataset_1,full,nchicago,1
dataset_1,full,natlanta,1
dataset_1,full,saay,1
dataset_1,full,nponder,1
dataset_1,full,intruder,1
dataset_1,full,chirping,1
dataset_1,full,beable,1
dataset_1,full,disqualify,1
dataset_1,full,defaulted,1
dataset_1,full,dthe,1
dataset_1,full,cherleader,1
dataset_1,full,skanky,1
dataset_1,full,calc,1
dataset_1,full,txrlepi,1
dataset_1,full,triplex,1
dataset_1,full,fastpitch,1
dataset_1,full,mound,1
dataset_1,full,wing'd,1
dataset_1,full,cupid,1
dataset_1,full,painted,1
dataset_1,full,unheady,1
dataset_1,full,haste,1
dataset_1,full,therfore,1
dataset_1,full,beguilded,1
dataset_1,full,shakespear,1
dataset_1,full,beijin,1
dataset_1,full,nmandarin,1
dataset_1,full,nchinese,1
dataset_1,full,digs,1
dataset_1,full,itslef,1
dataset_1,full,hind,1
dataset_1,full,tweezers,1
dataset_1,full,quesiton,1
dataset_1,full,uncaring,1
dataset_1,full,nimho,1
dataset_1,full,sasquatch,1
dataset_1,full,formatting,1
dataset_1,full,submitting,1
dataset_1,full,strenghten,1
dataset_1,full,crucifed,1
dataset_1,full,dinosuars,1
dataset_1,full,tappole,1
dataset_1,full,larva,1
dataset_1,full,monkies,1
dataset_1,full,slimmy,1
dataset_1,full,beginnng,1
dataset_1,full,spared,1
dataset_1,full,prehitoric,1
dataset_1,full,anothet,1
dataset_1,full,resurected,1
dataset_1,full,inticed,1
dataset_1,full,reprodution,1
dataset_1,full,pursuaded,1
dataset_1,full,forstalling,1
dataset_1,full,encoragement,1
dataset_1,full,subect,1
dataset_1,full,nastrology,1
dataset_1,full,astrologer,1
dataset_1,full,astrologist,1
dataset_1,full,mathematicus,1
dataset_1,full,proficient,1
dataset_1,full,earthly,1
dataset_1,full,variously,1
dataset_1,full,pseudoscience,1
dataset_1,full,npalmistry,1
dataset_1,full,cheiromancy,1
dataset_1,full,cheir,1
dataset_1,full,manteia,1
dataset_1,full,characterization,1
dataset_1,full,foretelling,1
dataset_1,full,chirology,1
dataset_1,full,chiromancers,1
dataset_1,full,chirologists,1
dataset_1,full,roma,1
dataset_1,full,mystics,1
dataset_1,full,predictive,1
dataset_1,full,ntarot,1
dataset_1,full,allegorical,1
dataset_1,full,representations,1
dataset_1,full,arcana,1
dataset_1,full,lilly,1
dataset_1,full,roomate,1
dataset_1,full,378,1
dataset_1,full,dermal,1
dataset_1,full,fillers,1
dataset_1,full,restalayne,1
dataset_1,full,primera,1
dataset_1,full,tercera,1
dataset_1,full,hace,1
dataset_1,full,lobo,1
dataset_1,full,historia,1
dataset_1,full,shoves,1
dataset_1,full,rachael,1
dataset_1,full,lampa,1
dataset_1,full,rubberhouse,1
dataset_1,full,faves,1
dataset_1,full,quack,1
dataset_1,full,girlfiend,1
dataset_1,full,bloodbath,1
dataset_1,full,nlia,1
dataset_1,full,nsilpada,1
dataset_1,full,invitiation,1
dataset_1,full,sohpia,1
dataset_1,full,jewlery,1
dataset_1,full,afterall,1
dataset_1,full,religeous,1
dataset_1,full,blabbing,1
dataset_1,full,sanctions,1
dataset_1,full,mandated,1
dataset_1,full,federally,1
dataset_1,full,wad,1
dataset_1,full,teasers,1
dataset_1,full,theaters,1
dataset_1,full,dh,1
dataset_1,full,upstairs,1
dataset_1,full,reconnectivity,1
dataset_1,full,downstairs,1
dataset_1,full,connects,1
dataset_1,full,ndh,1
dataset_1,full,shack,1
dataset_1,full,1',1
dataset_1,full,334,1
dataset_1,full,22eee,1
dataset_1,full,ewxactly,1
dataset_1,full,sothat,1
dataset_1,full,destoy,1
dataset_1,full,loool,1
dataset_1,full,stipulations,1
dataset_1,full,delvoped,1
dataset_1,full,ngenesis,1
dataset_1,full,formless,1
dataset_1,full,hovering,1
dataset_1,full,ndancinghobbit131,1
dataset_1,full,lbv,1
dataset_1,full,1806,1
dataset_1,full,ntips,1
dataset_1,full,stellar,1
dataset_1,full,heft,1
dataset_1,full,shines,1
dataset_1,full,omnipresence,1
dataset_1,full,rejoices,1
dataset_1,full,exxtra,1
dataset_1,full,miriam,1
dataset_1,full,ackerman,1
dataset_1,full,hyporcite,1
dataset_1,full,truthsayer,1
dataset_1,full,truthslayer,1
dataset_1,full,documentarist,1
dataset_1,full,entertainist,1
dataset_1,full,giver,1
dataset_1,full,conspiritor,1
dataset_1,full,bashes,1
dataset_1,full,underestimating,1
dataset_1,full,19yr,1
dataset_1,full,'lord',1
dataset_1,full,nchief,1
dataset_1,full,chieftain,1
dataset_1,full,tattooed,1
dataset_1,full,amerika,1
dataset_1,full,chrome,1
dataset_1,full,crumpled,1
dataset_1,full,hangout,1
dataset_1,full,wholistically,1
dataset_1,full,coloures,1
dataset_1,full,geology,1
dataset_1,full,whihc,1
dataset_1,full,nzircons,1
dataset_1,full,nuses,1
dataset_1,full,abrasive,1
dataset_1,full,insulating,1
dataset_1,full,refractory,1
dataset_1,full,crucibles,1
dataset_1,full,zro,1
dataset_1,full,1755,1
dataset_1,full,specimens,1
dataset_1,full,gemstones,1
dataset_1,full,gem,1
dataset_1,full,thiis,1
dataset_1,full,catergory,1
dataset_1,full,windmill,1
dataset_1,full,smock,1
dataset_1,full,sawing,1
dataset_1,full,hammering,1
dataset_1,full,chines,1
dataset_1,full,letterin',1
dataset_1,full,evan,1
dataset_1,full,ussupport,1
dataset_1,full,blvd,1
dataset_1,full,louisianian,1
dataset_1,full,erects,1
dataset_1,full,absense,1
dataset_1,full,stimulus,1
dataset_1,full,wiffle,1
dataset_1,full,hooding,1
dataset_1,full,avoids,1
dataset_1,full,waisting,1
dataset_1,full,sfc,1
dataset_1,full,nassuming,1
dataset_1,full,polarize,1
dataset_1,full,ionized,1
dataset_1,full,dipole,1
dataset_1,full,ungodly,1
dataset_1,full,shifting,1
dataset_1,full,layman,1
dataset_1,full,magnetics,1
dataset_1,full,1000mph,1
dataset_1,full,enacting,1
dataset_1,full,rids,1
dataset_1,full,vertically,1
dataset_1,full,persistently,1
dataset_1,full,annoyingly,1
dataset_1,full,80kg,1
dataset_1,full,modeled,1
dataset_1,full,inertia,1
dataset_1,full,rpm,1
dataset_1,full,nearer,1
dataset_1,full,linearly,1
dataset_1,full,19082,1
dataset_1,full,mowers,1
dataset_1,full,housecleaners,1
dataset_1,full,boutiques,1
dataset_1,full,forego,1
dataset_1,full,distrubition,1
dataset_1,full,distrbution,1
dataset_1,full,vilocity,1
dataset_1,full,acknowledged,1
dataset_1,full,uphold,1
dataset_1,full,nbear,1
dataset_1,full,translator's,1
dataset_1,full,'jesus,1
dataset_1,full,man',1
dataset_1,full,psalm,1
dataset_1,full,acts7,1
dataset_1,full,colossians1,1
dataset_1,full,wining,1
dataset_1,full,repb,1
dataset_1,full,democ,1
dataset_1,full,cardin,1
dataset_1,full,rer,1
dataset_1,full,victoire,1
dataset_1,full,personnellement,1
dataset_1,full,m'a,1
dataset_1,full,emball,1
dataset_1,full,jusque,1
dataset_1,full,vivement,1
dataset_1,full,eux,1
dataset_1,full,m'ont,1
dataset_1,full,impr,1
dataset_1,full,ssionn,1
dataset_1,full,veux,1
dataset_1,full,gagnent,1
dataset_1,full,l'arbitre,1
dataset_1,full,suisse,1
dataset_1,full,striagt,1
dataset_1,full,ucmj,1
dataset_1,full,jepoardy,1
dataset_1,full,offences,1
dataset_1,full,innosent,1
dataset_1,full,nsalsa,1
dataset_1,full,hula,1
dataset_1,full,hooping,1
dataset_1,full,'wiggle',1
dataset_1,full,rotator,1
dataset_1,full,turntable,1
dataset_1,full,activate,1
dataset_1,full,ncapoeira,1
dataset_1,full,undersides,1
dataset_1,full,nsulfur,1
dataset_1,full,30c,1
dataset_1,full,thrice,1
dataset_1,full,812,1
dataset_1,full,6155,1
dataset_1,full,newtons,1
dataset_1,full,mayweather,1
dataset_1,full,punches,1
dataset_1,full,welter,1
dataset_1,full,brawlers,1
dataset_1,full,contradicting,1
dataset_1,full,argumentative,1
dataset_1,full,brawler,1
dataset_1,full,everybodys,1
dataset_1,full,smth,1
dataset_1,full,narsenal,1
dataset_1,full,identitys,1
dataset_1,full,unfurtunate,1
dataset_1,full,nranked,1
dataset_1,full,469,1
dataset_1,full,414,1
dataset_1,full,807,1
dataset_1,full,928,1
dataset_1,full,856,1
dataset_1,full,758,1
dataset_1,full,787,1
dataset_1,full,429,1
dataset_1,full,096,1
dataset_1,full,505,1
dataset_1,full,309,1
dataset_1,full,940,1
dataset_1,full,076,1
dataset_1,full,189,1
dataset_1,full,935,1
dataset_1,full,670,1
dataset_1,full,delaware,1
dataset_1,full,524,1
dataset_1,full,933,1
dataset_1,full,663,1
dataset_1,full,661,1
dataset_1,full,636,1
dataset_1,full,623,1
dataset_1,full,050,1
dataset_1,full,509,1
dataset_1,full,294,1
dataset_1,full,nicaraguans,1
dataset_1,full,venezuelans,1
dataset_1,full,ecuadorians,1
dataset_1,full,chileans,1
dataset_1,full,parlance,1
dataset_1,full,'otms',1
dataset_1,full,thinly,1
dataset_1,full,veiled,1
dataset_1,full,apprehended,1
dataset_1,full,apprehension,1
dataset_1,full,medi,1
dataset_1,full,garages,1
dataset_1,full,detention,1
dataset_1,full,276,1
dataset_1,full,richest,1
dataset_1,full,teeming,1
dataset_1,full,refirdgerator,1
dataset_1,full,crocodilles,1
dataset_1,full,alll,1
dataset_1,full,confrence,1
dataset_1,full,cricodiles,1
dataset_1,full,answerd,1
dataset_1,full,10years,1
dataset_1,full,urinalysis,1
dataset_1,full,fourier,1
dataset_1,full,tranform,1
dataset_1,full,laplace,1
dataset_1,full,anirudh,1
dataset_1,full,koul,1
dataset_1,full,zac,1
dataset_1,full,summerland,1
dataset_1,full,ndescribe,1
dataset_1,full,gmatt,1
dataset_1,full,fullerton,1
dataset_1,full,'bars,1
dataset_1,full,clubs',1
dataset_1,full,comtaining,1
dataset_1,full,scraps,1
dataset_1,full,tubing,1
dataset_1,full,laundrey,1
dataset_1,full,nborax,1
dataset_1,full,ncopper,1
dataset_1,full,npotasium,1
dataset_1,full,nchoose,1
dataset_1,full,ndisolve,1
dataset_1,full,colourant,1
dataset_1,full,nmix,1
dataset_1,full,soak,1
dataset_1,full,nremove,1
dataset_1,full,parrafin,1
dataset_1,full,powdered,1
dataset_1,full,colourants,1
dataset_1,full,kermit,1
dataset_1,full,oversied,1
dataset_1,full,nkermit,1
dataset_1,full,amphibean,1
dataset_1,full,primate,1
dataset_1,full,clears,1
dataset_1,full,gass,1
dataset_1,full,piled,1
dataset_1,full,wackos,1
dataset_1,full,bel,1
dataset_1,full,oreos,1
dataset_1,full,veganism,1
dataset_1,full,rceommend,1
dataset_1,full,detox,1
dataset_1,full,rite,1
dataset_1,full,trishasayulike,1
dataset_1,full,trisha,1
dataset_1,full,lalagoog,1
dataset_1,full,aiche,1
dataset_1,full,bicarbonate,1
dataset_1,full,regeneration,1
dataset_1,full,sequester,1
dataset_1,full,velocities,1
dataset_1,full,oxymoron,1
dataset_1,full,storages,1
dataset_1,full,ntse,1
dataset_1,full,bots,1
dataset_1,full,ytunnel,1
dataset_1,full,grrrrrr,1
dataset_1,full,getto,1
dataset_1,full,toner,1
dataset_1,full,engry,1
dataset_1,full,protien,1
dataset_1,full,swordfish,1
dataset_1,full,shrimp,1
dataset_1,full,30min,1
dataset_1,full,biking,1
dataset_1,full,tues,1
dataset_1,full,extensions,1
dataset_1,full,skier,1
dataset_1,full,lounges,1
dataset_1,full,stilck,1
dataset_1,full,aleast,1
dataset_1,full,8oz,1
dataset_1,full,mcdonals,1
dataset_1,full,wendys,1
dataset_1,full,menu's,1
dataset_1,full,beaon,1
dataset_1,full,cheeze,1
dataset_1,full,memeory,1
dataset_1,full,sega,1
dataset_1,full,atari,1
dataset_1,full,fraggle,1
dataset_1,full,hbo,1
dataset_1,full,snippett,1
dataset_1,full,nkotb,1
dataset_1,full,menudo,1
dataset_1,full,claudia,1
dataset_1,full,schiffer,1
dataset_1,full,naahh,1
dataset_1,full,nwherever,1
dataset_1,full,nforever,1
dataset_1,full,ngonna,1
dataset_1,full,nhurricanes,1
dataset_1,full,nearthquakes,1
dataset_1,full,ntornados,1
dataset_1,full,canada's,1
dataset_1,full,suburban,1
dataset_1,full,ntsunamis,1
dataset_1,full,nforest,1
dataset_1,full,enzo,1
dataset_1,full,empower,1
dataset_1,full,persistence,1
dataset_1,full,biomass,1
dataset_1,full,ovent,1
dataset_1,full,ouput,1
dataset_1,full,microvaves,1
dataset_1,full,denature,1
dataset_1,full,ovens,1
dataset_1,full,carwe,1
dataset_1,full,medidecine,1
dataset_1,full,lberal,1
dataset_1,full,cld,1
dataset_1,full,pathbreaker,1
dataset_1,full,laroque,1
dataset_1,full,solidarity,1
dataset_1,full,reassess,1
dataset_1,full,swoop,1
dataset_1,full,nationalization,1
dataset_1,full,nhs,1
dataset_1,full,1948,1
dataset_1,full,palronal,1
dataset_1,full,tampering,1
dataset_1,full,acterizcd,1
dataset_1,full,reimbursement,1
dataset_1,full,ambulatory,1
dataset_1,full,confidentiality,1
dataset_1,full,cliniques,1
dataset_1,full,predominant,1
dataset_1,full,1928,1
dataset_1,full,sedulously,1
dataset_1,full,cultivated,1
dataset_1,full,symbiotic,1
dataset_1,full,'code,1
dataset_1,full,deontologie,1
dataset_1,full,centralization,1
dataset_1,full,industrially,1
dataset_1,full,practised,1
dataset_1,full,socio,1
dataset_1,full,wavered,1
dataset_1,full,prerogalives,1
dataset_1,full,adapting,1
dataset_1,full,policymakers,1
dataset_1,full,acceded,1
dataset_1,full,pressures,1
dataset_1,full,have',1
dataset_1,full,extending,1
dataset_1,full,minors,1
dataset_1,full,gerd,1
dataset_1,full,muller,1
dataset_1,full,fontaine,1
dataset_1,full,pontius,1
dataset_1,full,attested,1
dataset_1,full,nreligious,1
dataset_1,full,testment,1
dataset_1,full,circulated,1
dataset_1,full,tactitus,1
dataset_1,full,tacitus,1
dataset_1,full,nussaince,1
dataset_1,full,originator,1
dataset_1,full,mischevious,1
dataset_1,full,quotations,1
dataset_1,full,incidentally,1
dataset_1,full,measureing,1
dataset_1,full,tuxedo,1
dataset_1,full,nsafety,1
dataset_1,full,paramount,1
dataset_1,full,adm,1
dataset_1,full,sreedevi,1
dataset_1,full,classmate,1
dataset_1,full,hospitalised,1
dataset_1,full,cva,1
dataset_1,full,hawken,1
dataset_1,full,50cal,1
dataset_1,full,henka,1
dataset_1,full,lac50,1
dataset_1,full,finaaly,1
dataset_1,full,agno3,1
dataset_1,full,ag,1
dataset_1,full,tomarow,1
dataset_1,full,definintly,1
dataset_1,full,vomited,1
dataset_1,full,breathalyzer,1
dataset_1,full,pretense,1
dataset_1,full,scource,1
dataset_1,full,inclues,1
dataset_1,full,destine,1
dataset_1,full,muladin,1
dataset_1,full,accommodations,1
dataset_1,full,wannabe,1
dataset_1,full,nopeth,1
dataset_1,full,niron,1
dataset_1,full,nextol,1
dataset_1,full,flawless,1
dataset_1,full,ncynic,1
dataset_1,full,ndeath,1
dataset_1,full,innovators,1
dataset_1,full,catchy,1
dataset_1,full,melodies,1
dataset_1,full,nalcohol,1
dataset_1,full,nc2h4oh,1
dataset_1,full,2cr2o7,1
dataset_1,full,16h,1
dataset_1,full,2co2,1
dataset_1,full,4cr,1
dataset_1,full,11h2o,1
dataset_1,full,04988,1
dataset_1,full,0002,1
dataset_1,full,pos,1
dataset_1,full,titrated,1
dataset_1,full,1l,1
dataset_1,full,1000ml,1
dataset_1,full,04988mol,1
dataset_1,full,0002184744,1
dataset_1,full,0002g,1
dataset_1,full,4x1,1
dataset_1,full,1x16,1
dataset_1,full,1x1,1
dataset_1,full,009846641208,1
dataset_1,full,098466,1
dataset_1,full,laterz,1
dataset_1,full,uncontrolled,1
dataset_1,full,entitlement,1
dataset_1,full,fannie,1
dataset_1,full,freddie,1
dataset_1,full,recesses,1
dataset_1,full,deficits,1
dataset_1,full,retrench,1
dataset_1,full,restraint,1
dataset_1,full,fetched,1
dataset_1,full,elephants,1
dataset_1,full,afe,1
dataset_1,full,configurations,1
dataset_1,full,sart,1
dataset_1,full,overheating,1
dataset_1,full,shutdown,1
dataset_1,full,frying,1
dataset_1,full,spectacular,1
dataset_1,full,trig,1
dataset_1,full,pepsi,1
dataset_1,full,homeschooled,1
dataset_1,full,evaluated,1
dataset_1,full,pandora,1
dataset_1,full,posterity,1
dataset_1,full,policy's,1
dataset_1,full,whit,1
dataset_1,full,assaembly,1
dataset_1,full,kind've,1
dataset_1,full,bursa,1
dataset_1,full,tendons,1
dataset_1,full,iliotibial,1
dataset_1,full,osteonecrosis,1
dataset_1,full,nlumbar,1
dataset_1,full,sciatica,1
dataset_1,full,flexor,1
dataset_1,full,cartilage,1
dataset_1,full,labrum,1
dataset_1,full,nmuscle,1
dataset_1,full,nstrains,1
dataset_1,full,spasm,1
dataset_1,full,fibrous,1
dataset_1,full,hotpacks,1
dataset_1,full,mobilization,1
dataset_1,full,friggenly,1
dataset_1,full,cycst,1
dataset_1,full,desperatly,1
dataset_1,full,miscarry,1
dataset_1,full,relaxe,1
dataset_1,full,pomp,1
dataset_1,full,retrospectively,1
dataset_1,full,nsuch,1
dataset_1,full,furore,1
dataset_1,full,rematch,1
dataset_1,full,nineties,1
dataset_1,full,middleweight,1
dataset_1,full,uk's,1
dataset_1,full,watson's,1
dataset_1,full,neubank,1
dataset_1,full,epic,1
dataset_1,full,cruiserweight,1
dataset_1,full,outgunned,1
dataset_1,full,nineteenth,1
dataset_1,full,hype,1
dataset_1,full,pgs,1
dataset_1,full,tempo,1
dataset_1,full,centerpiece,1
dataset_1,full,jamal,1
dataset_1,full,magloire,1
dataset_1,full,tourney,1
dataset_1,full,ppg,1
dataset_1,full,rpg,1
dataset_1,full,caliber,1
dataset_1,full,care',1
dataset_1,full,'hi,1
dataset_1,full,joke',1
dataset_1,full,nwife,1
dataset_1,full,somn,1
dataset_1,full,imprtnt,1
dataset_1,full,accidental,1
dataset_1,full,deletes,1
dataset_1,full,removable,1
dataset_1,full,diskettes,1
dataset_1,full,tmp,1
dataset_1,full,legible,1
dataset_1,full,itz,1
dataset_1,full,askn,1
dataset_1,full,gotz,1
dataset_1,full,tomorrow's,1
dataset_1,full,emmissions,1
dataset_1,full,detiriation,1
dataset_1,full,therepy,1
dataset_1,full,millenia,1
dataset_1,full,merging,1
dataset_1,full,peolpe,1
dataset_1,full,occupations,1
dataset_1,full,socialistic,1
dataset_1,full,elongating,1
dataset_1,full,truing,1
dataset_1,full,uninsatall,1
dataset_1,full,hapens,1
dataset_1,full,uninstallation,1
dataset_1,full,initialiasation,1
dataset_1,full,initialisation,1
dataset_1,full,sighn,1
dataset_1,full,hiya,1
dataset_1,full,nthanxs,1
dataset_1,full,literacy,1
dataset_1,full,nart,1
dataset_1,full,exactlet,1
dataset_1,full,exhibiting,1
dataset_1,full,arists,1
dataset_1,full,outstandingly,1
dataset_1,full,unquie,1
dataset_1,full,competiveness,1
dataset_1,full,career's,1
dataset_1,full,kosar,1
dataset_1,full,dumbo,1
dataset_1,full,skoolwork,1
dataset_1,full,sempa,1
dataset_1,full,jarhead,1
dataset_1,full,fidelis,1
dataset_1,full,usmc,1
dataset_1,full,modivate,1
dataset_1,full,unresolved,1
dataset_1,full,godspeed,1
dataset_1,full,modivational,1
dataset_1,full,inspires,1
dataset_1,full,irratated,1
dataset_1,full,hooorah,1
dataset_1,full,sesshomaru,1
dataset_1,full,470s,1
dataset_1,full,tooooooooooooooo,1
dataset_1,full,seshy,1
dataset_1,full,befriend,1
dataset_1,full,collectiables,1
dataset_1,full,edward's,1
dataset_1,full,yonge,1
dataset_1,full,sumone,1
dataset_1,full,christianty,1
dataset_1,full,heaviest,1
dataset_1,full,parroting,1
dataset_1,full,nhitler,1
dataset_1,full,yahoorfacist,1
dataset_1,full,assertion,1
dataset_1,full,bapatised,1
dataset_1,full,indecent,1
dataset_1,full,godhead,1
dataset_1,full,mockery,1
dataset_1,full,immunised,1
dataset_1,full,governor's,1
dataset_1,full,threating,1
dataset_1,full,canidate,1
dataset_1,full,docket,1
dataset_1,full,tme,1
dataset_1,full,pennysilvania,1
dataset_1,full,packing,1
dataset_1,full,traitor,1
dataset_1,full,waiving,1
dataset_1,full,governers,1
dataset_1,full,civic,1
dataset_1,full,amarjen007,1
dataset_1,full,butam,1
dataset_1,full,sockets,1
dataset_1,full,nw8240,1
dataset_1,full,vram,1
dataset_1,full,hegemoney,1
dataset_1,full,negation,1
dataset_1,full,identifies,1
dataset_1,full,padre,1
dataset_1,full,pio,1
dataset_1,full,avila,1
dataset_1,full,undergone,1
dataset_1,full,fixation,1
dataset_1,full,commences,1
dataset_1,full,archetype,1
dataset_1,full,wrists,1
dataset_1,full,ween,1
dataset_1,full,craziest,1
dataset_1,full,discontinued,1
dataset_1,full,asterisk,1
dataset_1,full,absurdity,1
dataset_1,full,archangel,1
dataset_1,full,worshiped,1
dataset_1,full,1918,1
dataset_1,full,pastors,1
dataset_1,full,antichrist,1
dataset_1,full,salute,1
dataset_1,full,anthem,1
dataset_1,full,jesus'second,1
dataset_1,full,disfellowshipped,1
dataset_1,full,witnessing,1
dataset_1,full,abuser,1
dataset_1,full,n51,1
dataset_1,full,theocratic,1
dataset_1,full,n52,1
dataset_1,full,beards,1
dataset_1,full,n53,1
dataset_1,full,n54,1
dataset_1,full,n55,1
dataset_1,full,forbidden,1
dataset_1,full,n57,1
dataset_1,full,n58,1
dataset_1,full,n59,1
dataset_1,full,n61,1
dataset_1,full,n63,1
dataset_1,full,n64,1
dataset_1,full,jahovy,1
dataset_1,full,folower,1
dataset_1,full,cults,1
dataset_1,full,relish,1
dataset_1,full,gluteal,1
dataset_1,full,spouting,1
dataset_1,full,chimpanzee,1
dataset_1,full,idle,1
dataset_1,full,zoologist,1
dataset_1,full,quantify,1
dataset_1,full,flo,1
dataset_1,full,pauli,1
dataset_1,full,dues,1
dataset_1,full,announcing,1
dataset_1,full,wilt,1
dataset_1,full,transplanting,1
dataset_1,full,hibernating,1
dataset_1,full,pronostic,1
dataset_1,full,majorque,1
dataset_1,full,60ff,1
dataset_1,full,simile,1
dataset_1,full,taut,1
dataset_1,full,'sticking,1
dataset_1,full,place',1
dataset_1,full,thingamajigs,1
dataset_1,full,dihydrogen,1
dataset_1,full,anhydrous,1
dataset_1,full,h2nao4p,1
dataset_1,full,nmolar,1
dataset_1,full,119,1
dataset_1,full,97693,1
dataset_1,full,n204c,1
dataset_1,full,399f,1
dataset_1,full,nmelting,1
dataset_1,full,n100c,1
dataset_1,full,212f,1
dataset_1,full,univeristy,1
dataset_1,full,atahbasca,1
dataset_1,full,degreees,1
dataset_1,full,snobs,1
dataset_1,full,nconor,1
dataset_1,full,oberst,1
dataset_1,full,dylan's,1
dataset_1,full,conor,1
dataset_1,full,undisputable,1
dataset_1,full,talentles,1
dataset_1,full,whiny,1
dataset_1,full,ug,1
dataset_1,full,hipsters,1
dataset_1,full,orginally,1
dataset_1,full,ramones,1
dataset_1,full,chambers,1
dataset_1,full,mistrusting,1
dataset_1,full,addresee,1
dataset_1,full,addy's,1
dataset_1,full,addressee,1
dataset_1,full,hocus,1
dataset_1,full,pocus,1
dataset_1,full,birthing,1
dataset_1,full,unpreferred,1
dataset_1,full,legalese,1
dataset_1,full,stipulation,1
dataset_1,full,incase,1
dataset_1,full,determine's,1
dataset_1,full,initializing,1
dataset_1,full,eadvertising,1
dataset_1,full,sufferer,1
dataset_1,full,400mhz,1
dataset_1,full,pc3200,1
dataset_1,full,pc2100,1
dataset_1,full,266mhz,1
dataset_1,full,surfnow,1
dataset_1,full,squadra,1
dataset_1,full,azzura,1
dataset_1,full,bella,1
dataset_1,full,forza,1
dataset_1,full,seem's,1
dataset_1,full,independance,1
dataset_1,full,edney,1
dataset_1,full,city',1
dataset_1,full,tits,1
dataset_1,full,coalitions,1
dataset_1,full,surcharges,1
dataset_1,full,dealings,1
dataset_1,full,scalpers,1
dataset_1,full,venues,1
dataset_1,full,ticketmaster's,1
dataset_1,full,flimsy,1
dataset_1,full,stlmt,1
dataset_1,full,discounted,1
dataset_1,full,dishonesty,1
dataset_1,full,unforgiveable,1
dataset_1,full,speacially,1
dataset_1,full,aunt's,1
dataset_1,full,salad,1
dataset_1,full,inlaws,1
dataset_1,full,daughterinlaw,1
dataset_1,full,moaned,1
dataset_1,full,ninput,1
dataset_1,full,nlaura,1
dataset_1,full,showy,1
dataset_1,full,agirl,1
dataset_1,full,menses,1
dataset_1,full,perforations,1
dataset_1,full,tampons,1
dataset_1,full,disrupting,1
dataset_1,full,nrarely,1
dataset_1,full,menstruation,1
dataset_1,full,embassing,1
dataset_1,full,seth,1
dataset_1,full,outliving,1
dataset_1,full,geometrically,1
dataset_1,full,na_b,1
dataset_1,full,a_e,1
dataset_1,full,asterick,1
dataset_1,full,voila,1
dataset_1,full,git,1
dataset_1,full,thikin',1
dataset_1,full,tryin',1
dataset_1,full,muffled,1
dataset_1,full,roundwound,1
dataset_1,full,1950s,1
dataset_1,full,wes,1
dataset_1,full,kessel,1
dataset_1,full,shelters,1
dataset_1,full,'my,1
dataset_1,full,exited,1
dataset_1,full,gionta,1
dataset_1,full,47th,1
dataset_1,full,48th,1
dataset_1,full,anchorage,1
dataset_1,full,scotty,1
dataset_1,full,gomez,1
dataset_1,full,cylinders,1
dataset_1,full,nbalwinder,1
dataset_1,full,inswinger,1
dataset_1,full,uprooted,1
dataset_1,full,desmond,1
dataset_1,full,haynes,1
dataset_1,full,wickets,1
dataset_1,full,viv,1
dataset_1,full,nsuddenly,1
dataset_1,full,miscued,1
dataset_1,full,participated,1
dataset_1,full,nsandeep,1
dataset_1,full,sharma,1
dataset_1,full,nbinny,1
dataset_1,full,madan,1
dataset_1,full,mohinder,1
dataset_1,full,rounders,1
dataset_1,full,nfornication,1
dataset_1,full,nchastity,1
dataset_1,full,chaste,1
dataset_1,full,opposes,1
dataset_1,full,methinks,1
dataset_1,full,mejor,1
dataset_1,full,tarta,1
dataset_1,full,vie,1
dataset_1,full,mieux,1
dataset_1,full,tourte,1
dataset_1,full,leben,1
dataset_1,full,obstkuchen,1
dataset_1,full,besser,1
dataset_1,full,sceach,1
dataset_1,full,gimmeswag,1
dataset_1,full,fouls,1
dataset_1,full,startle,1
dataset_1,full,feable,1
dataset_1,full,genders,1
dataset_1,full,partcipate,1
dataset_1,full,anxiously,1
dataset_1,full,await,1
dataset_1,full,judging,1
dataset_1,full,primative,1
dataset_1,full,vist,1
dataset_1,full,unlce,1
dataset_1,full,desease,1
dataset_1,full,peacefully,1
dataset_1,full,somebody's,1
dataset_1,full,sitch,1
dataset_1,full,nya,1
dataset_1,full,incorrectly,1
dataset_1,full,436,1
dataset_1,full,241,1
dataset_1,full,pv,1
dataset_1,full,nrt,1
dataset_1,full,legg,1
dataset_1,full,taxing,1
dataset_1,full,sedentary,1
dataset_1,full,lifestyles,1
dataset_1,full,bluff,1
dataset_1,full,emptively,1
dataset_1,full,dodgeball,1
dataset_1,full,ocho,1
dataset_1,full,damning,1
dataset_1,full,da's,1
dataset_1,full,unreasonable,1
dataset_1,full,framed,1
dataset_1,full,brate,1
dataset_1,full,214,1
dataset_1,full,horicontally,1
dataset_1,full,rop,1
dataset_1,full,awway,1
dataset_1,full,why'd,1
dataset_1,full,tyrese,1
dataset_1,full,compton,1
dataset_1,full,n674,1
dataset_1,full,quastion,1
dataset_1,full,waht,1
dataset_1,full,rooftop,1
dataset_1,full,downspouts,1
dataset_1,full,thesand,1
dataset_1,full,sandthat,1
dataset_1,full,excreting,1
dataset_1,full,unlocks,1
dataset_1,full,docotor,1
dataset_1,full,ninfobeagle,1
dataset_1,full,craniofacial,1
dataset_1,full,ntmj,1
dataset_1,full,temporomandibular,1
dataset_1,full,clenching,1
dataset_1,full,njaw,1
dataset_1,full,nfacial,1
dataset_1,full,nlimited,1
dataset_1,full,comfortably,1
dataset_1,full,relievers,1
dataset_1,full,marriend,1
dataset_1,full,3month,1
dataset_1,full,feb,1
dataset_1,full,beacause,1
dataset_1,full,whu,1
dataset_1,full,hanve,1
dataset_1,full,craig,1
dataset_1,full,smattering,1
dataset_1,full,pharmacology,1
dataset_1,full,tiniest,1
dataset_1,full,freez,1
dataset_1,full,maxillofacial,1
dataset_1,full,measely,1
dataset_1,full,asic,1
dataset_1,full,anterior,1
dataset_1,full,iliac,1
dataset_1,full,cancellous,1
dataset_1,full,stinking,1
dataset_1,full,grafted,1
dataset_1,full,mandible,1
dataset_1,full,preferable,1
dataset_1,full,erode,1
dataset_1,full,resorb,1
dataset_1,full,osteoblasts,1
dataset_1,full,osteoclasts,1
dataset_1,full,osteoprogenitor,1
dataset_1,full,platelets,1
dataset_1,full,pdgf,1
dataset_1,full,nfreeze,1
dataset_1,full,granular,1
dataset_1,full,alveolar,1
dataset_1,full,hematoma,1
dataset_1,full,scarring,1
dataset_1,full,femoral,1
dataset_1,full,paresthesia,1
dataset_1,full,banner,1
dataset_1,full,wallpaper,1
dataset_1,full,minimized,1
dataset_1,full,moniter,1
dataset_1,full,sho,1
dataset_1,full,reprimand,1
dataset_1,full,efffective,1
dataset_1,full,inconsistant,1
dataset_1,full,wsa,1
dataset_1,full,lectures,1
dataset_1,full,elevators,1
dataset_1,full,slooh,1
dataset_1,full,catagorized,1
dataset_1,full,relitives,1
dataset_1,full,catagories,1
dataset_1,full,spun,1
dataset_1,full,horrbile,1
dataset_1,full,dreadfull,1
dataset_1,full,piercing,1
dataset_1,full,unchanging,1
dataset_1,full,vomiting,1
dataset_1,full,oxides,1
dataset_1,full,mitrides,1
dataset_1,full,carbides,1
dataset_1,full,corrosion,1
dataset_1,full,ductile,1
dataset_1,full,microstructure,1
dataset_1,full,iq,1
dataset_1,full,jokeing,1
dataset_1,full,laern,1
dataset_1,full,hmmmmmm,1
dataset_1,full,06maple,1
dataset_1,full,leafscapitals7,1
dataset_1,full,06blackhawksoilers9,1
dataset_1,full,06senatorspanthers7,1
dataset_1,full,06bluesred,1
dataset_1,full,wings7,1
dataset_1,full,06kingsstars8,1
dataset_1,full,06canadienssabres8,1
dataset_1,full,06thrasherslightning8,1
dataset_1,full,06bruinsmaple,1
dataset_1,full,leafs7,1
dataset_1,full,06flyerscanadiens7,1
dataset_1,full,06capitalsislanders7,1
dataset_1,full,06wildblue,1
dataset_1,full,jackets7,1
dataset_1,full,06coyotesblues8,1
dataset_1,full,06red,1
dataset_1,full,wingspredators8,1
dataset_1,full,06panthersthrashers7,1
dataset_1,full,06rangerspenguins7,1
dataset_1,full,06flameskings10,1
dataset_1,full,06devilssharks10,1
dataset_1,full,06canucksavalanche10,1
dataset_1,full,06senatorslightning5,1
dataset_1,full,06flamesducks8,1
dataset_1,full,06sabresrangers7,1
dataset_1,full,capitals,1
dataset_1,full,nblackhawks,1
dataset_1,full,nsabres,1
dataset_1,full,nmaple,1
dataset_1,full,nflyers,1
dataset_1,full,nislanders,1
dataset_1,full,nwild,1
dataset_1,full,nblues,1
dataset_1,full,nflames,1
dataset_1,full,ndevils,1
dataset_1,full,ncanucks,1
dataset_1,full,nducks,1
dataset_1,full,aida,1
dataset_1,full,kracker,1
dataset_1,full,mag,1
dataset_1,full,relly,1
dataset_1,full,makefun,1
dataset_1,full,discredit,1
dataset_1,full,panathinaikos,1
dataset_1,full,euroleague,1
dataset_1,full,olympiacos,1
dataset_1,full,acker,1
dataset_1,full,regulatons,1
dataset_1,full,thatrelate,1
dataset_1,full,insiders,1
dataset_1,full,catalpa,1
dataset_1,full,r01,1
dataset_1,full,rar,1
dataset_1,full,doulble,1
dataset_1,full,nadaware,1
dataset_1,full,blaster,1
dataset_1,full,acy,1
dataset_1,full,barbarian,1
dataset_1,full,assassins,1
dataset_1,full,terrorisim,1
dataset_1,full,elicits,1
dataset_1,full,flap,1
dataset_1,full,pastries,1
dataset_1,full,rioting,1
dataset_1,full,overreaction,1
dataset_1,full,piddly,1
dataset_1,full,editorial,1
dataset_1,full,advocates,1
dataset_1,full,consantly,1
dataset_1,full,nforth,1
dataset_1,full,deselecting,1
dataset_1,full,m4,1
dataset_1,full,sporths,1
dataset_1,full,airsoft,1
dataset_1,full,paintball,1
dataset_1,full,nwebsite,1
dataset_1,full,rhetoric,1
dataset_1,full,pelosi's,1
dataset_1,full,reid,1
dataset_1,full,eeeewww,1
dataset_1,full,comice,1
dataset_1,full,zach,1
dataset_1,full,benchs,1
dataset_1,full,pretended,1
dataset_1,full,anis,1
dataset_1,full,jumpwel,1
dataset_1,full,1d,1
dataset_1,full,morph,1
dataset_1,full,condemed,1
dataset_1,full,jepordizie,1
dataset_1,full,pipper,1
dataset_1,full,bhagavad,1
dataset_1,full,gita,1
dataset_1,full,aurora,1
dataset_1,full,7500,1
dataset_1,full,loading,1
dataset_1,full,defragted,1
dataset_1,full,bo,1
dataset_1,full,dos'nt,1
dataset_1,full,modules,1
dataset_1,full,knoppix,1
dataset_1,full,fixmbr,1
dataset_1,full,tot,1
dataset_1,full,flulest,1
dataset_1,full,xetent,1
dataset_1,full,astounded,1
dataset_1,full,flabbergasted,1
dataset_1,full,eliminatd,1
dataset_1,full,mandisa,1
dataset_1,full,aducation,1
dataset_1,full,brunei,1
dataset_1,full,exodus33,1
dataset_1,full,cleft,1
dataset_1,full,unattached,1
dataset_1,full,intoduce,1
dataset_1,full,deacon,1
dataset_1,full,perogative,1
dataset_1,full,gallbaldder,1
dataset_1,full,enlarger,1
dataset_1,full,fattening,1
dataset_1,full,initiated,1
dataset_1,full,kurvink,1
dataset_1,full,synthesized,1
dataset_1,full,hellogoodbye's,1
dataset_1,full,fanbase,1
dataset_1,full,steadily,1
dataset_1,full,assembled,1
dataset_1,full,rs,1
dataset_1,full,transience,1
dataset_1,full,ncontinues,1
dataset_1,full,nhouse,1
dataset_1,full,commercialized,1
dataset_1,full,watergate,1
dataset_1,full,'its,1
dataset_1,full,centric,1
dataset_1,full,'liberty',1
dataset_1,full,slander,1
dataset_1,full,'past,1
dataset_1,full,affect',1
dataset_1,full,'remembered,1
dataset_1,full,experience',1
dataset_1,full,'hardened,1
dataset_1,full,memory',1
dataset_1,full,footballs,1
dataset_1,full,_against_,1
dataset_1,full,_for_,1
dataset_1,full,frostwire,1
dataset_1,full,magnesium's,1
dataset_1,full,specifiaclly,1
dataset_1,full,forbidds,1
dataset_1,full,critcizes,1
dataset_1,full,rebeled,1
dataset_1,full,1950,1
dataset_1,full,turkey's,1
dataset_1,full,ahmet,1
dataset_1,full,nhead,1
dataset_1,full,recep,1
dataset_1,full,tayyip,1
dataset_1,full,erdogan,1
dataset_1,full,ncabinet,1
dataset_1,full,nelections,1
dataset_1,full,nelection,1
dataset_1,full,ahmed,1
dataset_1,full,veterans',1
dataset_1,full,matilda',1
dataset_1,full,bogle,1
dataset_1,full,liam,1
dataset_1,full,clancy,1
dataset_1,full,backpack,1
dataset_1,full,aussies,1
dataset_1,full,gallipoli,1
dataset_1,full,hauntingly,1
dataset_1,full,jit,1
dataset_1,full,har,1
dataset_1,full,foundeed,1
dataset_1,full,manslaughetr,1
dataset_1,full,agr,1
dataset_1,full,assalt,1
dataset_1,full,vacancies,1
dataset_1,full,10kg,1
dataset_1,full,jacks,1
dataset_1,full,anournimus,1
dataset_1,full,tronyluvme,1
dataset_1,full,unfortunatlelly,1
dataset_1,full,xperiment,1
dataset_1,full,airs,1
dataset_1,full,funnier,1
dataset_1,full,intraepithelial,1
dataset_1,full,squamous,1
dataset_1,full,24th,1
dataset_1,full,dst,1
dataset_1,full,artifical,1
dataset_1,full,ndaylight,1
dataset_1,full,worldwar,1
dataset_1,full,remmington,1
dataset_1,full,870,1
dataset_1,full,berretas,1
dataset_1,full,pwned,1
dataset_1,full,volunter,1
dataset_1,full,inless,1
dataset_1,full,ndissent,1
dataset_1,full,brrrr,1
dataset_1,full,ntemperature,1
dataset_1,full,459,1
dataset_1,full,absoltue,1
dataset_1,full,simplifies,1
dataset_1,full,lettered,1
dataset_1,full,prompts,1
dataset_1,full,apologizes,1
dataset_1,full,sprawled,1
dataset_1,full,nrum,1
dataset_1,full,aggravate,1
dataset_1,full,neurodermitis,1
dataset_1,full,quesses,1
dataset_1,full,bateria,1
dataset_1,full,completeky,1
dataset_1,full,begining,1
dataset_1,full,scracted,1
dataset_1,full,'t',1
dataset_1,full,televisoin,1
dataset_1,full,testy,1
dataset_1,full,coordinates,1
dataset_1,full,nslope,1
dataset_1,full,misinterpret,1
dataset_1,full,dynamically,1
dataset_1,full,topography,1
dataset_1,full,lamarcus,1
dataset_1,full,aldridge,1
dataset_1,full,tyus,1
dataset_1,full,bulls,1
dataset_1,full,bargnani,1
dataset_1,full,chao,1
dataset_1,full,nchao,1
dataset_1,full,porridge,1
dataset_1,full,plently,1
dataset_1,full,referances,1
dataset_1,full,jive,1
dataset_1,full,wail,1
dataset_1,full,criminalize,1
dataset_1,full,jails,1
dataset_1,full,instituted,1
dataset_1,full,multiagency,1
dataset_1,full,bankrupt,1
dataset_1,full,merceyside,1
dataset_1,full,bigest,1
dataset_1,full,hoopty,1
dataset_1,full,poof,1
dataset_1,full,feelin',1
dataset_1,full,thuggin',1
dataset_1,full,measurment,1
dataset_1,full,sth,1
dataset_1,full,anarecsic,1
dataset_1,full,bulimic,1
dataset_1,full,nlately,1
dataset_1,full,religon,1
dataset_1,full,clenches,1
dataset_1,full,communicative,1
dataset_1,full,clam,1
dataset_1,full,disruptive,1
dataset_1,full,chldhd,1
dataset_1,full,relatnshp,1
dataset_1,full,tlkr,1
dataset_1,full,fndg,1
dataset_1,full,hrd,1
dataset_1,full,anythng,1
dataset_1,full,gttng,1
dataset_1,full,askng,1
dataset_1,full,stnd,1
dataset_1,full,smething,1
dataset_1,full,dsn,1
dataset_1,full,mke,1
dataset_1,full,ws,1
dataset_1,full,evn,1
dataset_1,full,ovrseas,1
dataset_1,full,exchnge,1
dataset_1,full,kpng,1
dataset_1,full,shrt,1
dataset_1,full,2do,1
dataset_1,full,unhppy,1
dataset_1,full,defensiveness,1
dataset_1,full,providentially,1
dataset_1,full,scruples,1
dataset_1,full,seriousely,1
dataset_1,full,ater,1
dataset_1,full,harville,1
dataset_1,full,subconcious,1
dataset_1,full,concious,1
dataset_1,full,golbal,1
dataset_1,full,surpassing,1
dataset_1,full,wards,1
dataset_1,full,etopian,1
dataset_1,full,eradicate,1
dataset_1,full,electon,1
dataset_1,full,oif,1
dataset_1,full,cation,1
dataset_1,full,anion,1
dataset_1,full,orbitals,1
dataset_1,full,ncations,1
dataset_1,full,nanions,1
dataset_1,full,nhalogens,1
dataset_1,full,loyola,1
dataset_1,full,marymount,1
dataset_1,full,apetit,1
dataset_1,full,frog's,1
dataset_1,full,tympanum,1
dataset_1,full,tympanic,1
dataset_1,full,learing,1
dataset_1,full,impressed,1
dataset_1,full,steep,1
dataset_1,full,certifacte,1
dataset_1,full,keept,1
dataset_1,full,trucker,1
dataset_1,full,toenails,1
dataset_1,full,gertrude,1
dataset_1,full,qvc,1
dataset_1,full,bawl,1
dataset_1,full,jerkers,1
dataset_1,full,prediction,1
dataset_1,full,outage,1
dataset_1,full,spruce,1
dataset_1,full,facto,1
dataset_1,full,poppin,1
dataset_1,full,unrelenting,1
dataset_1,full,haute,1
dataset_1,full,irreversible,1
dataset_1,full,roth's,1
dataset_1,full,excel's,1
dataset_1,full,ollie,1
dataset_1,full,neverytime,1
dataset_1,full,naawwwwww,1
dataset_1,full,ebilxmeepit,1
dataset_1,full,kmt,1
dataset_1,full,marley,1
dataset_1,full,jamica,1
dataset_1,full,slums,1
dataset_1,full,trenchtown,1
dataset_1,full,jamacain,1
dataset_1,full,outwardly,1
dataset_1,full,praising,1
dataset_1,full,jah,1
dataset_1,full,helaile,1
dataset_1,full,selassie,1
dataset_1,full,ninitial,1
dataset_1,full,infecton,1
dataset_1,full,nacute,1
dataset_1,full,seroconversion,1
dataset_1,full,asymptomatic,1
dataset_1,full,reservoirs,1
dataset_1,full,opportunistics,1
dataset_1,full,nhiv,1
dataset_1,full,fronts,1
dataset_1,full,instruxns,1
dataset_1,full,intruction,1
dataset_1,full,pppoe,1
dataset_1,full,weks,1
dataset_1,full,chlouroflourocarbons,1
dataset_1,full,fresheners,1
dataset_1,full,irreversibly,1
dataset_1,full,pollutant,1
dataset_1,full,priest's,1
dataset_1,full,ampm,1
dataset_1,full,napkins,1
dataset_1,full,enterprize,1
dataset_1,full,ponderossa,1
dataset_1,full,bonanza,1
dataset_1,full,snowfall,1
dataset_1,full,plentyoffish,1
dataset_1,full,chubby,1
dataset_1,full,colonialism,1
dataset_1,full,disadvatages,1
dataset_1,full,robbery,1
dataset_1,full,brits,1
dataset_1,full,nadvantages,1
dataset_1,full,benefited,1
dataset_1,full,unifier,1
dataset_1,full,ethnicities,1
dataset_1,full,kinship,1
dataset_1,full,laundry,1
dataset_1,full,amphoteric,1
dataset_1,full,repels,1
dataset_1,full,nonpolar,1
dataset_1,full,detergent,1
dataset_1,full,weren,1
dataset_1,full,oxy,1
dataset_1,full,portly,1
dataset_1,full,stageprop,1
dataset_1,full,histerically,1
dataset_1,full,unborn,1
dataset_1,full,family's,1
dataset_1,full,childern,1
dataset_1,full,relieving,1
dataset_1,full,orthodontist,1
dataset_1,full,everyother,1
dataset_1,full,guarannteed,1
dataset_1,full,countries',1
dataset_1,full,flee,1
dataset_1,full,listens,1
dataset_1,full,sickend,1
dataset_1,full,waving,1
dataset_1,full,nationalistic,1
dataset_1,full,fouren,1
dataset_1,full,comback,1
dataset_1,full,sci,1
dataset_1,full,nsci,1
dataset_1,full,omen,1
dataset_1,full,exorcist,1
dataset_1,full,'squirting',1
dataset_1,full,squirting,1
dataset_1,full,rainy,1
dataset_1,full,closets,1
dataset_1,full,alota,1
dataset_1,full,cherries,1
dataset_1,full,seens,1
dataset_1,full,prodigal,1
dataset_1,full,comings,1
dataset_1,full,fearless,1
dataset_1,full,wiser,1
dataset_1,full,sabre,1
dataset_1,full,yds,1
dataset_1,full,halifax,1
dataset_1,full,inarguable,1
dataset_1,full,gw,1
dataset_1,full,starboard,1
dataset_1,full,liners,1
dataset_1,full,worid,1
dataset_1,full,cirulating,1
dataset_1,full,carrys,1
dataset_1,full,protocal,1
dataset_1,full,macs,1
dataset_1,full,probablly,1
dataset_1,full,radiostation,1
dataset_1,full,savored,1
dataset_1,full,vertex,1
dataset_1,full,angled,1
dataset_1,full,1b,1
dataset_1,full,pythagoras',1
dataset_1,full,purgatorio,1
dataset_1,full,desiring,1
dataset_1,full,detracting,1
dataset_1,full,luxuria,1
dataset_1,full,overindulgence,1
dataset_1,full,intoxicants,1
dataset_1,full,sensuality,1
dataset_1,full,needy,1
dataset_1,full,gula,1
dataset_1,full,covetousness,1
dataset_1,full,avaritia,1
dataset_1,full,accidie,1
dataset_1,full,idleness,1
dataset_1,full,wastefulness,1
dataset_1,full,allotted,1
dataset_1,full,disadvantageous,1
dataset_1,full,wastes,1
dataset_1,full,implicitly,1
dataset_1,full,nsloth,1
dataset_1,full,cowardice,1
dataset_1,full,complacency,1
dataset_1,full,irresponsibility,1
dataset_1,full,unrighteous,1
dataset_1,full,punitive,1
dataset_1,full,invidia,1
dataset_1,full,fellows,1
dataset_1,full,contempt,1
dataset_1,full,bidermann's,1
dataset_1,full,mediaeval,1
dataset_1,full,damnation,1
dataset_1,full,pelecanidae,1
dataset_1,full,darters,1
dataset_1,full,cormorants,1
dataset_1,full,gannets,1
dataset_1,full,boobies,1
dataset_1,full,frigatebirds,1
dataset_1,full,tropicbirds,1
dataset_1,full,pelecaniformes,1
dataset_1,full,webbed,1
dataset_1,full,totipalmate,1
dataset_1,full,gullet,1
dataset_1,full,nplunge,1
dataset_1,full,diving,1
dataset_1,full,wingspan,1
dataset_1,full,gregarious,1
dataset_1,full,colonially,1
dataset_1,full,monogamous,1
dataset_1,full,''do,1
dataset_1,full,net'',1
dataset_1,full,grounded,1
dataset_1,full,curteous,1
dataset_1,full,maxwell's,1
dataset_1,full,electrodynamical,1
dataset_1,full,phenomenas,1
dataset_1,full,electroweak,1
dataset_1,full,magnitudes,1
dataset_1,full,symmetry,1
dataset_1,full,assymmetry,1
dataset_1,full,monopoles,1
dataset_1,full,invariant,1
dataset_1,full,phisicists,1
dataset_1,full,mathematicians,1
dataset_1,full,bellsouth,1
dataset_1,full,411,1
dataset_1,full,workman's,1
dataset_1,full,questionnaire,1
dataset_1,full,ncolour,1
dataset_1,full,nsize,1
dataset_1,full,nsoccer,1
dataset_1,full,longstanding,1
dataset_1,full,intriguing,1
dataset_1,full,austria,1
dataset_1,full,ngerman,1
dataset_1,full,nserious,1
dataset_1,full,drained,1
dataset_1,full,greatist,1
dataset_1,full,dribbling,1
dataset_1,full,qu'ran,1
dataset_1,full,lint,1
dataset_1,full,stray,1
dataset_1,full,'message',1
dataset_1,full,isdecca,1
dataset_1,full,rhett,1
dataset_1,full,akins,1
dataset_1,full,policemen,1
dataset_1,full,geo,1
dataset_1,full,iffy,1
dataset_1,full,saud,1
dataset_1,full,succeeds,1
dataset_1,full,animosity,1
dataset_1,full,secoond,1
dataset_1,full,rabid,1
dataset_1,full,domino,1
dataset_1,full,friendlty,1
dataset_1,full,'stans,1
dataset_1,full,kazakhstan,1
dataset_1,full,sh1t,1
dataset_1,full,dominance,1
dataset_1,full,freemasonry,1
dataset_1,full,copycats,1
dataset_1,full,freemasons,1
dataset_1,full,immemorial,1
dataset_1,full,neoart,1
dataset_1,full,masonic,1
dataset_1,full,lodges,1
dataset_1,full,nneoart,1
dataset_1,full,lookinig,1
dataset_1,full,fringe,1
dataset_1,full,freemason,1
dataset_1,full,sheldon,1
dataset_1,full,h20,1
dataset_1,full,enegy,1
dataset_1,full,cracking,1
dataset_1,full,sythensis,1
dataset_1,full,swine,1
dataset_1,full,crockydiles,1
dataset_1,full,hullooooo,1
dataset_1,full,zeeba,1
dataset_1,full,neighba,1
dataset_1,full,atually,1
dataset_1,full,nacupuncture,1
dataset_1,full,epsom,1
dataset_1,full,tendon,1
dataset_1,full,suregeons,1
dataset_1,full,scal,1
dataset_1,full,darlin,1
dataset_1,full,knickers,1
dataset_1,full,grouchy,1
dataset_1,full,ntldr,1
dataset_1,full,window's,1
dataset_1,full,reload,1
dataset_1,full,intermission,1
dataset_1,full,picnics,1
dataset_1,full,diictates,1
dataset_1,full,inapppropriate,1
dataset_1,full,delicate,1
dataset_1,full,sensibilities,1
dataset_1,full,statment,1
dataset_1,full,differntly,1
dataset_1,full,marrying,1
dataset_1,full,immigrating,1
dataset_1,full,infraction,1
dataset_1,full,kurdish,1
dataset_1,full,farsi,1
dataset_1,full,winnner,1
dataset_1,full,shyt,1
dataset_1,full,stateside,1
dataset_1,full,scanners,1
dataset_1,full,intall,1
dataset_1,full,carte,1
dataset_1,full,blanche,1
dataset_1,full,reused,1
dataset_1,full,cannector,1
dataset_1,full,cannectors,1
dataset_1,full,remortgage,1
dataset_1,full,citizens',1
dataset_1,full,repay,1
dataset_1,full,ncab,1
dataset_1,full,outgoings,1
dataset_1,full,meanwhile,1
dataset_1,full,'housekeeping',1
dataset_1,full,ambiguous,1
dataset_1,full,ncreditors,1
dataset_1,full,ivas,1
dataset_1,full,routes,1
dataset_1,full,repayments,1
dataset_1,full,steering,1
dataset_1,full,snowmen,1
dataset_1,full,untold,1
dataset_1,full,computerised,1
dataset_1,full,patter,1
dataset_1,full,poland,1
dataset_1,full,croatia,1
dataset_1,full,tunisia,1
dataset_1,full,tabago,1
dataset_1,full,rallys,1
dataset_1,full,cums,1
dataset_1,full,leaks,1
dataset_1,full,spills,1
dataset_1,full,dripping,1
dataset_1,full,dolphin's,1
dataset_1,full,cerebral,1
dataset_1,full,1yearguarantee,1
dataset_1,full,themerchant,1
dataset_1,full,sroberts,1
dataset_1,full,month's,1
dataset_1,full,ncontinue,1
dataset_1,full,livings,1
dataset_1,full,discretionery,1
dataset_1,full,jurists,1
dataset_1,full,majlis,1
dataset_1,full,gurlfriend,1
dataset_1,full,whut,1
dataset_1,full,pushy,1
dataset_1,full,fishes,1
dataset_1,full,critera,1
dataset_1,full,exhausts,1
dataset_1,full,ragged,1
dataset_1,full,nhigh,1
dataset_1,full,ephemeral,1
dataset_1,full,nignore,1
dataset_1,full,mockers,1
dataset_1,full,nod,1
dataset_1,full,'he,1
dataset_1,full,said',1
dataset_1,full,warns,1
dataset_1,full,'full,1
dataset_1,full,lies',1
dataset_1,full,tormentors,1
dataset_1,full,egging,1
dataset_1,full,sticker,1
dataset_1,full,tormented,1
dataset_1,full,'different',1
dataset_1,full,talmud,1
dataset_1,full,refernce,1
dataset_1,full,fifi,1
dataset_1,full,'also',1
dataset_1,full,'too',1
dataset_1,full,encountering,1
dataset_1,full,tibetan,1
dataset_1,full,dalai,1
dataset_1,full,lama,1
dataset_1,full,swirls,1
dataset_1,full,plughole,1
dataset_1,full,clumps,1
dataset_1,full,swirling,1
dataset_1,full,skater,1
dataset_1,full,outstretched,1
dataset_1,full,zilch,1
dataset_1,full,forigen,1
dataset_1,full,gobbling,1
dataset_1,full,dragos,1
dataset_1,full,apollo,1
dataset_1,full,nip,1
dataset_1,full,pitt',1
dataset_1,full,nelena,1
dataset_1,full,nmedian,1
dataset_1,full,nmode,1
dataset_1,full,changable,1
dataset_1,full,nquran,1
dataset_1,full,missunderstood,1
dataset_1,full,deceived,1
dataset_1,full,effecs,1
dataset_1,full,condensing,1
dataset_1,full,sleet,1
dataset_1,full,unfrozen,1
dataset_1,full,lemons,1
dataset_1,full,ndance,1
dataset_1,full,flakes,1
dataset_1,full,snowflakes,1
dataset_1,full,hexagonal,1
dataset_1,full,mattdcnavy,1
dataset_1,full,nfire,1
dataset_1,full,wheatever,1
dataset_1,full,ameliorates,1
dataset_1,full,grrr,1
dataset_1,full,spans,1
dataset_1,full,izatlove,1
dataset_1,full,crossover,1
dataset_1,full,cat5,1
dataset_1,full,laps,1
dataset_1,full,kbr,1
dataset_1,full,bromite,1
dataset_1,full,bromate,1
dataset_1,full,unecessary,1
dataset_1,full,genraly,1
dataset_1,full,spliaaaaaaaakkkk,1
dataset_1,full,hahahahaha,1
dataset_1,full,hanuman,1
dataset_1,full,feedneck,1
dataset_1,full,nshoots,1
dataset_1,full,shocker,1
dataset_1,full,dm6,1
dataset_1,full,merideth,1
dataset_1,full,cello,1
dataset_1,full,danse,1
dataset_1,full,rustique,1
dataset_1,full,squire,1
dataset_1,full,stashing,1
dataset_1,full,niacin,1
dataset_1,full,flushable,1
dataset_1,full,impurities,1
dataset_1,full,pesky,1
dataset_1,full,masking,1
dataset_1,full,aussie,1
dataset_1,full,rhythmical,1
dataset_1,full,nwake,1
dataset_1,full,nwe've,1
dataset_1,full,fourteen,1
dataset_1,full,nfrienemies,1
dataset_1,full,'till,1
dataset_1,full,nfour,1
dataset_1,full,ngod's,1
dataset_1,full,nfly,1
dataset_1,full,nhealth,1
dataset_1,full,ncloning,1
dataset_1,full,nfashion,1
dataset_1,full,beck,1
dataset_1,full,mansions,1
dataset_1,full,1970's,1
dataset_1,full,malcontents,1
dataset_1,full,vagabonds,1
dataset_1,full,psychodelic,1
dataset_1,full,burmuda,1
dataset_1,full,fasinated,1
dataset_1,full,tanker,1
dataset_1,full,touble,1
dataset_1,full,otter,1
dataset_1,full,dearheart,1
dataset_1,full,becuse,1
dataset_1,full,demoralization,1
dataset_1,full,lazarillo,1
dataset_1,full,tormes,1
dataset_1,full,26191245,1
dataset_1,full,nprofile,1
dataset_1,full,63610912,1
dataset_1,full,milliliter,1
dataset_1,full,chuch,1
dataset_1,full,'hook,1
dataset_1,full,restructured,1
dataset_1,full,webcast,1
dataset_1,full,001,1
dataset_1,full,spammy,1
dataset_1,full,donating,1
dataset_1,full,lae,1
dataset_1,full,unaffordable,1
dataset_1,full,35k,1
dataset_1,full,150k,1
dataset_1,full,ramen,1
dataset_1,full,noodles,1
dataset_1,full,govn't,1
dataset_1,full,varied,1
dataset_1,full,suny,1
dataset_1,full,yale,1
dataset_1,full,beige,1
dataset_1,full,nfine,1
dataset_1,full,rubies,1
dataset_1,full,emeralds,1
dataset_1,full,duller,1
dataset_1,full,lavender,1
dataset_1,full,manganese,1
dataset_1,full,naidu,1
dataset_1,full,atx,1
dataset_1,full,preticular,1
dataset_1,full,natms,1
dataset_1,full,preformers,1
dataset_1,full,stickers,1
dataset_1,full,lowson,1
dataset_1,full,lawosn,1
dataset_1,full,certs,1
dataset_1,full,probles,1
dataset_1,full,ddoing,1
dataset_1,full,pressured,1
dataset_1,full,minutia,1
dataset_1,full,snukka,1
dataset_1,full,bruust,1
dataset_1,full,wakeboarding,1
dataset_1,full,pesonaly,1
dataset_1,full,nott,1
dataset_1,full,fllin,1
dataset_1,full,shah,1
dataset_1,full,overthrown,1
dataset_1,full,khomeini,1
dataset_1,full,poems,1
dataset_1,full,satires,1
dataset_1,full,romanticism,1
dataset_1,full,exploits,1
dataset_1,full,rebelliousness,1
dataset_1,full,footprint,1
dataset_1,full,excluded,1
dataset_1,full,landscaping,1
dataset_1,full,reguluarly,1
dataset_1,full,lightheaded,1
dataset_1,full,shortness,1
dataset_1,full,extremities,1
dataset_1,full,physicain,1
dataset_1,full,reduces,1
dataset_1,full,catecholamines,1
dataset_1,full,homrones,1
dataset_1,full,docotr,1
dataset_1,full,spirometry,1
dataset_1,full,sedatives,1
dataset_1,full,valium,1
dataset_1,full,addictive,1
dataset_1,full,ssri's,1
dataset_1,full,54m,1
dataset_1,full,selectively,1
dataset_1,full,terespondo,1
dataset_1,full,multiples,1
dataset_1,full,brash,1
dataset_1,full,30m,1
dataset_1,full,nhollow,1
dataset_1,full,nlay,1
dataset_1,full,nrelationships,1
dataset_1,full,nparents,1
dataset_1,full,jlo,1
dataset_1,full,visibally,1
dataset_1,full,jenifer,1
dataset_1,full,lipstick,1
dataset_1,full,starlet,1
dataset_1,full,barbie,1
dataset_1,full,lure,1
dataset_1,full,flase,1
dataset_1,full,tantalums,1
dataset_1,full,tantalize,1
dataset_1,full,immanuel,1
dataset_1,full,blacksmith,1
dataset_1,full,deportation,1
dataset_1,full,pleads,1
dataset_1,full,testimony,1
dataset_1,full,courtroom,1
dataset_1,full,plead,1
dataset_1,full,currencies,1
dataset_1,full,auschwitz,1
dataset_1,full,birkenau,1
dataset_1,full,nbelzec,1
dataset_1,full,nchelmno,1
dataset_1,full,nmajdanek,1
dataset_1,full,nsobibor,1
dataset_1,full,ntreblinka,1
dataset_1,full,oversteps,1
dataset_1,full,stuipd,1
dataset_1,full,etta,1
dataset_1,full,legendary,1
dataset_1,full,wicca,1
dataset_1,full,reverence,1
dataset_1,full,robust,1
dataset_1,full,fab,1
dataset_1,full,juwan,1
dataset_1,full,jalen,1
dataset_1,full,'93,1
dataset_1,full,npelinka,1
dataset_1,full,sfx,1
dataset_1,full,boozer,1
dataset_1,full,boozer's,1
dataset_1,full,wiccan,1
dataset_1,full,obsicals,1
dataset_1,full,nitems,1
dataset_1,full,cinammon,1
dataset_1,full,nritual,1
dataset_1,full,anoint,1
dataset_1,full,meditate,1
dataset_1,full,accommodate,1
dataset_1,full,their's,1
dataset_1,full,religion's,1
dataset_1,full,discriminating,1
dataset_1,full,timings,1
dataset_1,full,jasc,1
dataset_1,full,latinas,1
dataset_1,full,racked,1
dataset_1,full,nb1b1,1
dataset_1,full,nb1b2,1
dataset_1,full,nb2b1,1
dataset_1,full,nb2b2,1
dataset_1,full,pple,1
dataset_1,full,perpetrate,1
dataset_1,full,reasoned,1
dataset_1,full,nalready,1
dataset_1,full,zarqawi,1
dataset_1,full,contradictions,1
dataset_1,full,afriad,1
dataset_1,full,subjets,1
dataset_1,full,univercity,1
dataset_1,full,runnig,1
dataset_1,full,nftp,1
dataset_1,full,atpro31d,1
dataset_1,full,hotsauce,1
dataset_1,full,fowl,1
dataset_1,full,unconsciousness,1
dataset_1,full,reflexes,1
dataset_1,full,intubation,1
dataset_1,full,endotrachial,1
dataset_1,full,trachea,1
dataset_1,full,endotracheal,1
dataset_1,full,aspiration,1
dataset_1,full,capillary,1
dataset_1,full,homehealth,1
dataset_1,full,traning,1
dataset_1,full,healtth,1
dataset_1,full,cna's,1
dataset_1,full,numerology,1
dataset_1,full,ndob,1
dataset_1,full,bawler,1
dataset_1,full,razzaq,1
dataset_1,full,thirteenth,1
dataset_1,full,environment's,1
dataset_1,full,dirt's,1
dataset_1,full,consultance,1
dataset_1,full,itches,1
dataset_1,full,motocycle,1
dataset_1,full,itched,1
dataset_1,full,neuron,1
dataset_1,full,nve,1
dataset_1,full,stormpay,1
dataset_1,full,progarmes,1
dataset_1,full,soud,1
dataset_1,full,disableregistrytools,1
dataset_1,full,disabletaskmgr,1
dataset_1,full,chage,1
dataset_1,full,nhkey_current_user,1
dataset_1,full,nhkey_,1
dataset_1,full,local_machine,1
dataset_1,full,nhkey_users,1
dataset_1,full,attacker,1
dataset_1,full,nkill,1
dataset_1,full,sutle,1
dataset_1,full,alcholic,1
dataset_1,full,remeady,1
dataset_1,full,alcoholism,1
dataset_1,full,nonviolent,1
dataset_1,full,chargeing,1
dataset_1,full,ncoming,1
dataset_1,full,orginisams,1
dataset_1,full,oysters,1
dataset_1,full,vidoes,1
dataset_1,full,witrh,1
dataset_1,full,banning,1
dataset_1,full,opnion,1
dataset_1,full,precludes,1
dataset_1,full,'gubment',1
dataset_1,full,meddling,1
dataset_1,full,monkeying,1
dataset_1,full,bigots,1
dataset_1,full,minute's,1
dataset_1,full,parading,1
dataset_1,full,plotted,1
dataset_1,full,ratification,1
dataset_1,full,plonked,1
dataset_1,full,suspicous,1
dataset_1,full,phoney,1
dataset_1,full,norway's,1
dataset_1,full,legalised,1
dataset_1,full,'fact',1
dataset_1,full,'prohibition',1
dataset_1,full,'homobition,1
dataset_1,full,erodes,1
dataset_1,full,'family',1
dataset_1,full,preposterous,1
dataset_1,full,'slippery,1
dataset_1,full,slope',1
dataset_1,full,dissuade,1
dataset_1,full,eschewed,1
dataset_1,full,'marriage',1
dataset_1,full,'woman',1
dataset_1,full,'man',1
dataset_1,full,resorted,1
dataset_1,full,bullsh,1
dataset_1,full,azee,1
dataset_1,full,knowledgable,1
dataset_1,full,acknowlegement,1
dataset_1,full,armageddon,1
dataset_1,full,descend,1
dataset_1,full,megiddo,1
dataset_1,full,foretold,1
dataset_1,full,prominence,1
dataset_1,full,repelant,1
dataset_1,full,squirells,1
dataset_1,full,repelent,1
dataset_1,full,postmenopausal,1
dataset_1,full,nbadminton,1
dataset_1,full,raquet,1
dataset_1,full,smashes,1
dataset_1,full,325mph,1
dataset_1,full,eurostar,1
dataset_1,full,birdie,1
dataset_1,full,racket,1
dataset_1,full,ock,1
dataset_1,full,nouch,1
dataset_1,full,posibble,1
dataset_1,full,algebraicly,1
dataset_1,full,ncycle,1
dataset_1,full,thn,1
dataset_1,full,n4u,1
dataset_1,full,ibook,1
dataset_1,full,'contact',1
dataset_1,full,stmp,1
dataset_1,full,idk,1
dataset_1,full,'soccer,1
dataset_1,full,stinger,1
dataset_1,full,stinging,1
dataset_1,full,kerb,1
dataset_1,full,beagle,1
dataset_1,full,noodle,1
dataset_1,full,shrubbery,1
dataset_1,full,shite,1
dataset_1,full,flubber,1
dataset_1,full,swimmingly,1
dataset_1,full,doh,1
dataset_1,full,beesknees,1
dataset_1,full,dogies,1
dataset_1,full,retriever,1
dataset_1,full,mip,1
dataset_1,full,mop,1
dataset_1,full,bada,1
dataset_1,full,bogey,1
dataset_1,full,oogy,1
dataset_1,full,spoon,1
dataset_1,full,smorgasbord,1
dataset_1,full,kumquat,1
dataset_1,full,fizzle,1
dataset_1,full,sizzle,1
dataset_1,full,pizzal,1
dataset_1,full,pfffftfine,1
dataset_1,full,eriksson,1
dataset_1,full,64bit,1
dataset_1,full,hardwares,1
dataset_1,full,trucking,1
dataset_1,full,hecktic,1
dataset_1,full,receint,1
dataset_1,full,westside,1
dataset_1,full,camden,1
dataset_1,full,aptly,1
dataset_1,full,stature,1
dataset_1,full,ferocity,1
dataset_1,full,skirts,1
dataset_1,full,schitzoprinic,1
dataset_1,full,parinoid,1
dataset_1,full,growths,1
dataset_1,full,schizophrenics,1
dataset_1,full,dopamine,1
dataset_1,full,nchoices,1
dataset_1,full,nperforming,1
dataset_1,full,a21',1
dataset_1,full,a22',1
dataset_1,full,a23',1
dataset_1,full,na21',1
dataset_1,full,na22',1
dataset_1,full,na23',1
dataset_1,full,sunt,1
dataset_1,full,continente,1
dataset_1,full,pitalele,1
dataset_1,full,glob,1
dataset_1,full,cubano,1
dataset_1,full,beisbol,1
dataset_1,full,campeonato,1
dataset_1,full,mundial,1
dataset_1,full,amateur,1
dataset_1,full,ncatchers,1
dataset_1,full,pestano,1
dataset_1,full,neriel,1
dataset_1,full,nchez,1
dataset_1,full,nyulexis,1
dataset_1,full,rosa,1
dataset_1,full,nroger,1
dataset_1,full,machado,1
dataset_1,full,ninfielders,1
dataset_1,full,nloidel,1
dataset_1,full,chapelli,1
dataset_1,full,borrero,1
dataset_1,full,nleslie,1
dataset_1,full,nyorelvis,1
dataset_1,full,nrudy,1
dataset_1,full,reyes,1
dataset_1,full,olivera,1
dataset_1,full,enr,1
dataset_1,full,quez,1
dataset_1,full,gourriel,1
dataset_1,full,namaury,1
dataset_1,full,nvismay,1
dataset_1,full,gtm,1
dataset_1,full,neduardo,1
dataset_1,full,paret,1
dataset_1,full,nyorbis,1
dataset_1,full,moreno,1
dataset_1,full,navas,1
dataset_1,full,noutfielders,1
dataset_1,full,ncarlos,1
dataset_1,full,tabares,1
dataset_1,full,nosmani,1
dataset_1,full,urrutia,1
dataset_1,full,nfrederich,1
dataset_1,full,cepeda,1
dataset_1,full,linares,1
dataset_1,full,nyoandry,1
dataset_1,full,urgelles,1
dataset_1,full,nalexei,1
dataset_1,full,nyoennis,1
dataset_1,full,spedes,1
dataset_1,full,nyoandy,1
dataset_1,full,garlobo,1
dataset_1,full,nandy,1
dataset_1,full,zamora,1
dataset_1,full,despaigne,1
dataset_1,full,ndayan,1
dataset_1,full,viciedo,1
dataset_1,full,nreutilio,1
dataset_1,full,hurtado,1
dataset_1,full,nserguei,1
dataset_1,full,npitchers,1
dataset_1,full,betancourt,1
dataset_1,full,bisset,1
dataset_1,full,lazo,1
dataset_1,full,nyuneski,1
dataset_1,full,ndennis,1
dataset_1,full,nyadel,1
dataset_1,full,fonseca,1
dataset_1,full,njonder,1
dataset_1,full,nez,1
dataset_1,full,njos,1
dataset_1,full,ngel,1
dataset_1,full,nvicyohandry,1
dataset_1,full,odel,1
dataset_1,full,nyadier,1
dataset_1,full,nnorberto,1
dataset_1,full,nadiel,1
dataset_1,full,palma,1
dataset_1,full,nrobelio,1
dataset_1,full,carrillo,1
dataset_1,full,nvaleri,1
dataset_1,full,nalien,1
dataset_1,full,mora,1
dataset_1,full,normari,1
dataset_1,full,rodr,1
dataset_1,full,guez,1
dataset_1,full,hol,1
dataset_1,full,nubisney,1
dataset_1,full,berm,1
dataset_1,full,dez,1
dataset_1,full,nisrael,1
dataset_1,full,nmaikel,1
dataset_1,full,folch,1
dataset_1,full,ba,1
dataset_1,full,nmanagers,1
dataset_1,full,benito,1
dataset_1,full,camacho,1
dataset_1,full,higinio,1
dataset_1,full,javier,1
dataset_1,full,ndez,1
dataset_1,full,castro,1
dataset_1,full,vicente,1
dataset_1,full,anglada,1
dataset_1,full,propably,1
dataset_1,full,someway,1
dataset_1,full,investements,1
dataset_1,full,expertise,1
dataset_1,full,2cm,1
dataset_1,full,1cm,1
dataset_1,full,begain,1
dataset_1,full,playgirl_1291,1
dataset_1,full,chillen,1
dataset_1,full,ypops,1
dataset_1,full,b'coz,1
dataset_1,full,erie,1
dataset_1,full,6y,1
dataset_1,full,algebraically,1
dataset_1,full,6yx,1
dataset_1,full,nutra,1
dataset_1,full,reapeating,1
dataset_1,full,dido,1
dataset_1,full,allman,1
dataset_1,full,dv,1
dataset_1,full,cdrw,1
dataset_1,full,hindered,1
dataset_1,full,imposes,1
dataset_1,full,scalability,1
dataset_1,full,dht,1
dataset_1,full,satphone,1
dataset_1,full,nsatellite,1
dataset_1,full,inmarsat,1
dataset_1,full,retractable,1
dataset_1,full,expeditions,1
dataset_1,full,shipboard,1
dataset_1,full,rugged,1
dataset_1,full,steerable,1
dataset_1,full,mast,1
dataset_1,full,joing,1
dataset_1,full,adapost,1
dataset_1,full,lotteries,1
dataset_1,full,nscams,1
dataset_1,full,anotther,1
dataset_1,full,sooperdooperlottry,1
dataset_1,full,chan,1
dataset_1,full,nyse,1
dataset_1,full,nasdaq,1
dataset_1,full,magazine's,1
dataset_1,full,featuring,1
dataset_1,full,hickey,1
dataset_1,full,hears,1
dataset_1,full,adored,1
dataset_1,full,matador,1
dataset_1,full,lp,1
dataset_1,full,1993's,1
dataset_1,full,flowed,1
dataset_1,full,richardson,1
dataset_1,full,wilco's,1
dataset_1,full,longtime,1
dataset_1,full,bennett's,1
dataset_1,full,wilco,1
dataset_1,full,cohort,1
dataset_1,full,tweedy,1
dataset_1,full,valenzuela,1
dataset_1,full,defunct,1
dataset_1,full,lp's,1
dataset_1,full,tommy's,1
dataset_1,full,nisolation,1
dataset_1,full,outing,1
dataset_1,full,thematically,1
dataset_1,full,melancholic,1
dataset_1,full,laments,1
dataset_1,full,spiced,1
dataset_1,full,downright,1
dataset_1,full,tapping,1
dataset_1,full,bethesda,1
dataset_1,full,springsteen,1
dataset_1,full,rocked,1
dataset_1,full,shtick,1
dataset_1,full,flak,1
dataset_1,full,morrissey's,1
dataset_1,full,morrissey,1
dataset_1,full,nkeene's,1
dataset_1,full,'70s,1
dataset_1,full,razz,1
dataset_1,full,signee,1
dataset_1,full,dumpee,1
dataset_1,full,'80s,1
dataset_1,full,westerberg,1
dataset_1,full,juniors,1
dataset_1,full,poets',1
dataset_1,full,pfeiffer,1
dataset_1,full,inhaling,1
dataset_1,full,hydrogens,1
dataset_1,full,intermolecular,1
dataset_1,full,leech,1
dataset_1,full,sheila,1
dataset_1,full,tatler,1
dataset_1,full,brenda,1
dataset_1,full,harvey,1
dataset_1,full,informally,1
dataset_1,full,formalities,1
dataset_1,full,t1,1
dataset_1,full,544,1
dataset_1,full,megabaud,1
dataset_1,full,unneeded,1
dataset_1,full,opperating,1
dataset_1,full,faciliate,1
dataset_1,full,cought,1
dataset_1,full,yalls,1
dataset_1,full,orrrr,1
dataset_1,full,instigates,1
dataset_1,full,ehud,1
dataset_1,full,barak,1
dataset_1,full,opposion,1
dataset_1,full,vincente,1
dataset_1,full,chavez,1
dataset_1,full,gonzalo,1
dataset_1,full,sanchez,1
dataset_1,full,losada,1
dataset_1,full,nelected,1
dataset_1,full,newscaster,1
dataset_1,full,nwtf,1
dataset_1,full,nofficially,1
dataset_1,full,bestowed,1
dataset_1,full,substantive,1
dataset_1,full,cop'03,1
dataset_1,full,ala,1
dataset_1,full,wai,1
dataset_1,full,prog,1
dataset_1,full,manufactures,1
dataset_1,full,gearworks,1
dataset_1,full,gearwork's,1
dataset_1,full,n25s,1
dataset_1,full,10l,1
dataset_1,full,nsubject,1
dataset_1,full,n4s,1
dataset_1,full,rusted,1
dataset_1,full,nsavage,1
dataset_1,full,nny,1
dataset_1,full,inderstant,1
dataset_1,full,revu,1
dataset_1,full,stool,1
dataset_1,full,ingestion,1
dataset_1,full,noutgoing,1
dataset_1,full,nquiet,1
dataset_1,full,ntrustful,1
dataset_1,full,ncaring,1
dataset_1,full,nloves,1
dataset_1,full,nscratching,1
dataset_1,full,nbuying,1
dataset_1,full,nsleep,1
dataset_1,full,turnoffs,1
dataset_1,full,nchurch,1
dataset_1,full,ngoing,1
dataset_1,full,npaying,1
dataset_1,full,nmeaningful,1
dataset_1,full,nwaking,1
dataset_1,full,lmfao,1
dataset_1,full,disgreeing,1
dataset_1,full,effecting,1
dataset_1,full,conceited,1
dataset_1,full,brightons,1
dataset_1,full,onca,1
dataset_1,full,nsea,1
dataset_1,full,wavy,1
dataset_1,full,niit,1
dataset_1,full,612,1
dataset_1,full,thos,1
dataset_1,full,pron,1
dataset_1,full,financeing,1
dataset_1,full,puting,1
dataset_1,full,yucky,1
dataset_1,full,ndrink,1
dataset_1,full,unconsciously,1
dataset_1,full,nitrites,1
dataset_1,full,nitrates,1
dataset_1,full,bha,1
dataset_1,full,bht,1
dataset_1,full,endorphins,1
dataset_1,full,nwarm,1
dataset_1,full,seasonings,1
dataset_1,full,disturbances,1
dataset_1,full,estrogenic,1
dataset_1,full,sleeplessness,1
dataset_1,full,njournaling,1
dataset_1,full,nprayer,1
dataset_1,full,optins,1
dataset_1,full,'file,1
dataset_1,full,types',1
dataset_1,full,hh,1
dataset_1,full,pedals,1
dataset_1,full,crankarm,1
dataset_1,full,sizing,1
dataset_1,full,nsizing,1
dataset_1,full,inconspicuous,1
dataset_1,full,nnowadays,1
dataset_1,full,semisloping,1
dataset_1,full,manufacturer's,1
dataset_1,full,futterman,1
dataset_1,full,bellantoni,1
dataset_1,full,rosen,1
dataset_1,full,rkf,1
dataset_1,full,moraveda,1
dataset_1,full,realty,1
dataset_1,full,sparingly,1
dataset_1,full,84th,1
dataset_1,full,131,1
dataset_1,full,douglas,1
dataset_1,full,housman,1
dataset_1,full,leonard,1
dataset_1,full,dodge,1
dataset_1,full,clubing,1
dataset_1,full,filipino's,1
dataset_1,full,sytem,1
dataset_1,full,filipinos,1
dataset_1,full,moro,1
dataset_1,full,liberation,1
dataset_1,full,sayaff,1
dataset_1,full,islamists,1
dataset_1,full,filippines,1
dataset_1,full,zoom,1
dataset_1,full,sweatshirts,1
dataset_1,full,offset,1
dataset_1,full,aquacise,1
dataset_1,full,kathren,1
dataset_1,full,daughtery,1
dataset_1,full,mcgee,1
dataset_1,full,lats,1
dataset_1,full,wts,1
dataset_1,full,zanga,1
dataset_1,full,usin,1
dataset_1,full,offical,1
dataset_1,full,jackin',1
dataset_1,full,idols,1
dataset_1,full,assisgned,1
dataset_1,full,sibbling,1
dataset_1,full,leggally,1
dataset_1,full,survivorship,1
dataset_1,full,adolescents,1
dataset_1,full,doting,1
dataset_1,full,biases,1
dataset_1,full,largly,1
dataset_1,full,baloncesto,1
dataset_1,full,nacional,1
dataset_1,full,bsnpr,1
dataset_1,full,equipos,1
dataset_1,full,seleccione,1
dataset_1,full,nbuena,1
dataset_1,full,suerte,1
dataset_1,full,kakorrhaphiophobia,1
dataset_1,full,ctr,1
dataset_1,full,iea,1
dataset_1,full,sccholarship,1
dataset_1,full,compitioner,1
dataset_1,full,strugle,1
dataset_1,full,veryy,1
dataset_1,full,nestablish,1
dataset_1,full,ncommunicate,1
dataset_1,full,nshare,1
dataset_1,full,naward,1
dataset_1,full,ndecipline,1
dataset_1,full,slack,1
dataset_1,full,nrespond,1
dataset_1,full,ncreate,1
dataset_1,full,nrecite,1
dataset_1,full,talll,1
dataset_1,full,complexion,1
dataset_1,full,girlfrends,1
dataset_1,full,bernardo,1
dataset_1,full,galvez,1
dataset_1,full,aslo,1
dataset_1,full,ndied,1
dataset_1,full,1786,1
dataset_1,full,mailmen,1
dataset_1,full,tree',1
dataset_1,full,rollerblading,1
dataset_1,full,sportscenter,1
dataset_1,full,anything's,1
dataset_1,full,shouls,1
dataset_1,full,'graceful,1
dataset_1,full,exit',1
dataset_1,full,frat,1
dataset_1,full,ganesha,1
dataset_1,full,koresh,1
dataset_1,full,coloured,1
dataset_1,full,kideny,1
dataset_1,full,anserw,1
dataset_1,full,ny1,1
dataset_1,full,reginald,1
dataset_1,full,supplemental,1
dataset_1,full,whay,1
dataset_1,full,functioned,1
dataset_1,full,jobseekers,1
dataset_1,full,unitedstates,1
dataset_1,full,mortgaged,1
dataset_1,full,recoverable,1
dataset_1,full,evicted,1
dataset_1,full,connector,1
dataset_1,full,leakage,1
dataset_1,full,r22,1
dataset_1,full,teflon,1
dataset_1,full,conjugally,1
dataset_1,full,''txt'',1
dataset_1,full,''jfg'',1
dataset_1,full,deficency,1
dataset_1,full,outhere,1
dataset_1,full,ncarbs,1
dataset_1,full,infatuation,1
dataset_1,full,infactuation,1
dataset_1,full,girl',1
dataset_1,full,'cavemen',1
dataset_1,full,them',1
dataset_1,full,nada,1
dataset_1,full,progressively,1
dataset_1,full,bombardment,1
dataset_1,full,stoopid,1
dataset_1,full,prides,1
dataset_1,full,uninvolvement,1
dataset_1,full,hight,1
dataset_1,full,chronically,1
dataset_1,full,thet,1
dataset_1,full,complacent,1
dataset_1,full,namaste,1
dataset_1,full,nahhhh,1
dataset_1,full,web1,1
dataset_1,full,web2,1
dataset_1,full,fx,1
dataset_1,full,renee,1
dataset_1,full,style's,1
dataset_1,full,skeltal,1
dataset_1,full,isreali,1
dataset_1,full,krav,1
dataset_1,full,stances,1
dataset_1,full,kenetics,1
dataset_1,full,njeet,1
dataset_1,full,kun,1
dataset_1,full,adaptibility,1
dataset_1,full,kung,1
dataset_1,full,fu,1
dataset_1,full,'fake',1
dataset_1,full,federated,1
dataset_1,full,sambo,1
dataset_1,full,spetznaz,1
dataset_1,full,devistating,1
dataset_1,full,quarters,1
dataset_1,full,untrained,1
dataset_1,full,estyle,1
dataset_1,full,capibilities,1
dataset_1,full,metel,1
dataset_1,full,buliding,1
dataset_1,full,floated,1
dataset_1,full,'son,1
dataset_1,full,wreak,1
dataset_1,full,planty,1
dataset_1,full,kidnapped,1
dataset_1,full,fortress,1
dataset_1,full,'piss,1
dataset_1,full,testers,1
dataset_1,full,integrate,1
dataset_1,full,lefts,1
dataset_1,full,666666666,1
dataset_1,full,saxon,1
dataset_1,full,sucess,1
dataset_1,full,assesment,1
dataset_1,full,cya,1
dataset_1,full,tia,1
dataset_1,full,mot,1
dataset_1,full,iranians,1
dataset_1,full,latter's,1
dataset_1,full,demise,1
dataset_1,full,vomitting,1
dataset_1,full,poder,1
dataset_1,full,infinitive,1
dataset_1,full,conjugated,1
dataset_1,full,tener,1
dataset_1,full,delt,1
dataset_1,full,irac,1
dataset_1,full,afganistan,1
dataset_1,full,yomi,1
dataset_1,full,mellow,1
dataset_1,full,haseltine,1
dataset_1,full,odmark,1
dataset_1,full,nempty,1
dataset_1,full,streetlights,1
dataset_1,full,nwarnings,1
dataset_1,full,brink,1
dataset_1,full,bittersweet,1
dataset_1,full,nalone,1
dataset_1,full,nhumans,1
dataset_1,full,inert,1
dataset_1,full,stationcall,1
dataset_1,full,dundee,1
dataset_1,full,crows,1
dataset_1,full,rovers,1
dataset_1,full,nheredity,1
dataset_1,full,cortisol,1
dataset_1,full,'spirituality',1
dataset_1,full,'quest',1
dataset_1,full,'photosynthesis',1
dataset_1,full,remarkable,1
dataset_1,full,precalculated,1
dataset_1,full,'nth',1
dataset_1,full,inflow,1
dataset_1,full,paging,1
dataset_1,full,nhate,1
dataset_1,full,compulsively,1
dataset_1,full,vuitton,1
dataset_1,full,njumped,1
dataset_1,full,nheard,1
dataset_1,full,phone's,1
dataset_1,full,ni'ma,1
dataset_1,full,nappreciated,1
dataset_1,full,bitchiness,1
dataset_1,full,definitly,1
dataset_1,full,puke,1
dataset_1,full,cringe,1
dataset_1,full,robe,1
dataset_1,full,sherl,1
dataset_1,full,sheryl,1
dataset_1,full,skipped,1
dataset_1,full,lipo,1
dataset_1,full,'perfect',1
dataset_1,full,noncash,1
dataset_1,full,whoppers,1
dataset_1,full,malaysians,1
dataset_1,full,bostonians,1
dataset_1,full,midget,1
dataset_1,full,confined,1
dataset_1,full,ghettos,1
dataset_1,full,venice,1
dataset_1,full,warsaw,1
dataset_1,full,'disappeared',1
dataset_1,full,demented,1
dataset_1,full,frothing,1
dataset_1,full,'death,1
dataset_1,full,west',1
dataset_1,full,algerian,1
dataset_1,full,'colonials',1
dataset_1,full,pentim,1
dataset_1,full,proccecor,1
dataset_1,full,npentium,1
dataset_1,full,proocceor,1
dataset_1,full,nwireless,1
dataset_1,full,lanovo,1
dataset_1,full,zenith,1
dataset_1,full,25000,1
dataset_1,full,grips,1
dataset_1,full,snake,1
dataset_1,full,undiscovered,1
dataset_1,full,overstate,1
dataset_1,full,unsusceptible,1
dataset_1,full,tentacles,1
dataset_1,full,ldl,1
dataset_1,full,bulge,1
dataset_1,full,ilene,1
dataset_1,full,ndhea,1
dataset_1,full,nmeet,1
dataset_1,full,enthusiasm,1
dataset_1,full,nfat,1
dataset_1,full,critter,1
dataset_1,full,hitchhiking,1
dataset_1,full,hormone's,1
dataset_1,full,disappearance,1
dataset_1,full,aggressiveness,1
dataset_1,full,aldult,1
dataset_1,full,friggin,1
dataset_1,full,embarassed,1
dataset_1,full,vying,1
dataset_1,full,concealed,1
dataset_1,full,wagers,1
dataset_1,full,casinos,1
dataset_1,full,nenlarge,1
dataset_1,full,miscellaneous,1
dataset_1,full,dealer's,1
dataset_1,full,jensen,1
dataset_1,full,ackles,1
dataset_1,full,nspend,1
dataset_1,full,250x,1
dataset_1,full,website's,1
dataset_1,full,youl,1
dataset_1,full,ccs,1
dataset_1,full,skateamerica,1
dataset_1,full,stablize,1
dataset_1,full,nfibre,1
dataset_1,full,ncut,1
dataset_1,full,carbohdrates,1
dataset_1,full,nless,1
dataset_1,full,nwalking,1
dataset_1,full,cycling,1
dataset_1,full,skipping,1
dataset_1,full,streching,1
dataset_1,full,enthusiastic,1
dataset_1,full,submiting,1
dataset_1,full,inspirational,1
dataset_1,full,englsih,1
dataset_1,full,converters,1
dataset_1,full,captioning,1
dataset_1,full,ffmpeg,1
dataset_1,full,gui,1
dataset_1,full,playable,1
dataset_1,full,stradle,1
dataset_1,full,idp,1
dataset_1,full,idera,1
dataset_1,full,hoggwarts,1
dataset_1,full,disarray,1
dataset_1,full,delinquient,1
dataset_1,full,wizards,1
dataset_1,full,jordon,1
dataset_1,full,touchdown,1
dataset_1,full,partern,1
dataset_1,full,cheatting,1
dataset_1,full,gowns,1
dataset_1,full,actuated,1
dataset_1,full,adjusting,1
dataset_1,full,compensates,1
dataset_1,full,2am,1
dataset_1,full,xex,1
dataset_1,full,themsomething,1
dataset_1,full,qureel,1
dataset_1,full,brasillia,1
dataset_1,full,numero,1
dataset_1,full,uno,1
dataset_1,full,mermaid,1
dataset_1,full,pocahontas,1
dataset_1,full,ora,1
dataset_1,full,atop,1
dataset_1,full,apprieciated,1
dataset_1,full,pleasurable,1
dataset_1,full,thatll,1
dataset_1,full,levers,1
dataset_1,full,pont,1
dataset_1,full,universite,1
dataset_1,full,havared,1
dataset_1,full,batista's,1
dataset_1,full,mysterio,1
dataset_1,full,jbl,1
dataset_1,full,comanies,1
dataset_1,full,benifiting,1
dataset_1,full,grillz,1
dataset_1,full,reefers,1
dataset_1,full,fouled,1
dataset_1,full,abd,1
dataset_1,full,aminah,1
dataset_1,full,talib,1
dataset_1,full,hira,1
dataset_1,full,jibril,1
dataset_1,full,gabriel,1
dataset_1,full,descendant,1
dataset_1,full,ismail,1
dataset_1,full,ishmael,1
dataset_1,full,ndeut,1
dataset_1,full,prophethood,1
dataset_1,full,voucher,1
dataset_1,full,composer,1
dataset_1,full,202nd,1
dataset_1,full,pagaent,1
dataset_1,full,beofre,1
dataset_1,full,liechtenstein,1
dataset_1,full,understandeble,1
dataset_1,full,adwords,1
dataset_1,full,overture,1
dataset_1,full,anyperson,1
dataset_1,full,shoestring,1
dataset_1,full,cgiscripts,1
dataset_1,full,nrecommend,1
dataset_1,full,ncgi,1
dataset_1,full,niche,1
dataset_1,full,tabke,1
dataset_1,full,com's,1
dataset_1,full,15k,1
dataset_1,full,submissions,1
dataset_1,full,backlinks,1
dataset_1,full,ncraigslist,1
dataset_1,full,classifieds,1
dataset_1,full,precursors,1
dataset_1,full,manipulators,1
dataset_1,full,connivers,1
dataset_1,full,rufuses,1
dataset_1,full,counsellor,1
dataset_1,full,punctual,1
dataset_1,full,compassion,1
dataset_1,full,homophobia,1
dataset_1,full,wy,1
dataset_1,full,ughhh,1
dataset_1,full,capillaries,1
dataset_1,full,noticible,1
dataset_1,full,installment,1
dataset_1,full,calcualte,1
dataset_1,full,comprised,1
dataset_1,full,stimulators,1
dataset_1,full,inactivated,1
dataset_1,full,incorporates,1
dataset_1,full,kufe,1
dataset_1,full,avigan,1
dataset_1,full,goldberg,1
dataset_1,full,genzyme,1
dataset_1,full,immunotherapy,1
dataset_1,full,antigen,1
dataset_1,full,initiating,1
dataset_1,full,momths,1
dataset_1,full,onlin,1
dataset_1,full,pects,1
dataset_1,full,gim,1
dataset_1,full,localised,1
dataset_1,full,goa,1
dataset_1,full,forcefully,1
dataset_1,full,plank,1
dataset_1,full,ntoe,1
dataset_1,full,torso,1
dataset_1,full,nreverse,1
dataset_1,full,nraise,1
dataset_1,full,ntwisting,1
dataset_1,full,contraction,1
dataset_1,full,kate,1
dataset_1,full,winslow,1
dataset_1,full,401k,1
dataset_1,full,403b,1
dataset_1,full,vanguard,1
dataset_1,full,scottrade,1
dataset_1,full,prophit,1
dataset_1,full,reg,1
dataset_1,full,assisting,1
dataset_1,full,itinerary,1
dataset_1,full,deducting,1
dataset_1,full,opined,1
dataset_1,full,aboy,1
dataset_1,full,butyou,1
dataset_1,full,selfworth,1
dataset_1,full,hermaphradite,1
dataset_1,full,bartholomeus,1
dataset_1,full,diaz,1
dataset_1,full,portugese,1
dataset_1,full,cape,1
dataset_1,full,1488,1
dataset_1,full,mosselbaai,1
dataset_1,full,nbooks,1
dataset_1,full,aurthers,1
dataset_1,full,bibble,1
dataset_1,full,dadadadadadada,1
dataset_1,full,backin,1
dataset_1,full,thornton,1
dataset_1,full,cheechoo,1
dataset_1,full,kasbah,1
dataset_1,full,dismantle,1
dataset_1,full,femmes,1
dataset_1,full,gril,1
dataset_1,full,cambodia,1
dataset_1,full,laos,1
dataset_1,full,topp,1
dataset_1,full,nover,1
dataset_1,full,narrowing,1
dataset_1,full,whatz,1
dataset_1,full,dhoom,1
dataset_1,full,hrithick,1
dataset_1,full,roshan,1
dataset_1,full,bachan,1
dataset_1,full,abhishek,1
dataset_1,full,helpppppppp,1
dataset_1,full,enslave,1
dataset_1,full,lightbulb,1
dataset_1,full,racists,1
dataset_1,full,accusations,1
dataset_1,full,tranquilizers,1
dataset_1,full,alarmed,1
dataset_1,full,'cranks',1
dataset_1,full,vaule,1
dataset_1,full,misprinted,1
dataset_1,full,inyoface_1,1
dataset_1,full,toursim,1
dataset_1,full,thusly,1
dataset_1,full,wheyther,1
dataset_1,full,eduation,1
dataset_1,full,muriatic,1
dataset_1,full,hydrochloric,1
dataset_1,full,tongs,1
dataset_1,full,rinse,1
dataset_1,full,ywears,1
dataset_1,full,niow,1
dataset_1,full,voeller's,1
dataset_1,full,muhaimin,1
dataset_1,full,phillippine,1
dataset_1,full,foyul,1
dataset_1,full,alswyas,1
dataset_1,full,obeyed,1
dataset_1,full,pirlo,1
dataset_1,full,gianluigi,1
dataset_1,full,buffon,1
dataset_1,full,cristian,1
dataset_1,full,zaccardo,1
dataset_1,full,premiums,1
dataset_1,full,nexactly,1
dataset_1,full,ssi,1
dataset_1,full,agoraphobia,1
dataset_1,full,homemaker,1
dataset_1,full,noo,1
dataset_1,full,threatened,1
dataset_1,full,scandanavia,1
dataset_1,full,285,1
dataset_1,full,rufus,1
dataset_1,full,baileyi,1
dataset_1,full,'nonessential',1
dataset_1,full,exceedingly,1
dataset_1,full,subspecies,1
dataset_1,full,deceiving,1
dataset_1,full,datesubmitted,1
dataset_1,full,yairs2000,1
dataset_1,full,trigonometry,1
dataset_1,full,wedged,1
dataset_1,full,treads,1
dataset_1,full,caries,1
dataset_1,full,sinusoidally,1
dataset_1,full,parametric,1
dataset_1,full,24pi,1
dataset_1,full,'coming,1
dataset_1,full,quickly',1
dataset_1,full,commonest,1
dataset_1,full,'often',1
dataset_1,full,'sometimes',1
dataset_1,full,commoner,1
dataset_1,full,nfortunately,1
dataset_1,full,hugely,1
dataset_1,full,irritation,1
dataset_1,full,'come',1
dataset_1,full,'conditioning',1
dataset_1,full,furtive,1
dataset_1,full,hectic,1
dataset_1,full,'conditions',1
dataset_1,full,hasty,1
dataset_1,full,'highly,1
dataset_1,full,triggered',1
dataset_1,full,climaxed,1
dataset_1,full,'came',1
dataset_1,full,impregnating,1
dataset_1,full,cavewomen,1
dataset_1,full,enlarging,1
dataset_1,full,'nerves',1
dataset_1,full,prematurely,1
dataset_1,full,'last',1
dataset_1,full,'distraction,1
dataset_1,full,techniques',1
dataset_1,full,unconcerned,1
dataset_1,full,npinch,1
dataset_1,full,'damp,1
dataset_1,full,down',1
dataset_1,full,'dull',1
dataset_1,full,distressing,1
dataset_1,full,consul,1
dataset_1,full,resorces,1
dataset_1,full,hesitation,1
dataset_1,full,courageous,1
dataset_1,full,geomatry,1
dataset_1,full,supplementary,1
dataset_1,full,'rate,1
dataset_1,full,deduct,1
dataset_1,full,depriciated,1
dataset_1,full,expenditures,1
dataset_1,full,expedited,1
dataset_1,full,expedite,1
dataset_1,full,contrition,1
dataset_1,full,eagle,1
dataset_1,full,iup,1
dataset_1,full,feline,1
dataset_1,full,nfear,1
dataset_1,full,canines,1
dataset_1,full,fearce,1
dataset_1,full,restauranut,1
dataset_1,full,npics,1
dataset_1,full,speading,1
dataset_1,full,nf',1
dataset_1,full,nexists,1
dataset_1,full,verified,1
dataset_1,full,nchallenge,1
dataset_1,full,locals,1
dataset_1,full,thiruvananthapuram,1
dataset_1,full,candida,1
dataset_1,full,albicans,1
dataset_1,full,crotch,1
dataset_1,full,fledged,1
dataset_1,full,candidiasis,1
dataset_1,full,monilia,1
dataset_1,full,disruptions,1
dataset_1,full,fluxes,1
dataset_1,full,reductions,1
dataset_1,full,culprits,1
dataset_1,full,ntight,1
dataset_1,full,nchemicals,1
dataset_1,full,nhormones,1
dataset_1,full,spremicides,1
dataset_1,full,kenyon,1
dataset_1,full,childwho,1
dataset_1,full,lorna,1
dataset_1,full,crozier,1
dataset_1,full,clumbsy,1
dataset_1,full,ncupboard,1
dataset_1,full,doorknobs,1
dataset_1,full,nrises,1
dataset_1,full,plummet,1
dataset_1,full,ndown,1
dataset_1,full,maple,1
dataset_1,full,sureness,1
dataset_1,full,bedpost,1
dataset_1,full,nsmacks,1
dataset_1,full,grates,1
dataset_1,full,casts,1
dataset_1,full,nwalks,1
dataset_1,full,nbreaks,1
dataset_1,full,nsleeping,1
dataset_1,full,heeeeeeeeeeelp,1
dataset_1,full,yehey,1
dataset_1,full,yabadabadooooooooo,1
dataset_1,full,198,1
dataset_1,full,wrestles,1
dataset_1,full,athlet,1
dataset_1,full,cardiologist,1
dataset_1,full,readins,1
dataset_1,full,melissa,1
dataset_1,full,ethridges,1
dataset_1,full,401,1
dataset_1,full,chapterd,1
dataset_1,full,aneyone,1
dataset_1,full,fredricksburg,1
dataset_1,full,manassas,1
dataset_1,full,ithyphallophobia,1
dataset_1,full,tents,1
dataset_1,full,horus,1
dataset_1,full,calculates,1
dataset_1,full,wakeful,1
dataset_1,full,chronological,1
dataset_1,full,nthsi,1
dataset_1,full,refreshed,1
dataset_1,full,secodn,1
dataset_1,full,pixle,1
dataset_1,full,638,1
dataset_1,full,indivudual,1
dataset_1,full,819,1
dataset_1,full,nfun,1
dataset_1,full,begi,1
dataset_1,full,readymade,1
dataset_1,full,tinker,1
dataset_1,full,prosess,1
dataset_1,full,diplomat,1
dataset_1,full,naturalize,1
dataset_1,full,vlade,1
dataset_1,full,divac,1
dataset_1,full,trunks,1
dataset_1,full,thave,1
dataset_1,full,bermudas,1
dataset_1,full,krawk,1
dataset_1,full,lookups,1
dataset_1,full,neomail,1
dataset_1,full,dragonheat10,1
dataset_1,full,laic,1
dataset_1,full,showtunes,1
dataset_1,full,oval,1
dataset_1,full,100x,1
dataset_1,full,10000x,1
dataset_1,full,2456,1
dataset_1,full,nsubtracting,1
dataset_1,full,n9900x,1
dataset_1,full,9900,1
dataset_1,full,crib,1
dataset_1,full,weenie,1
dataset_1,full,fico,1
dataset_1,full,maxed,1
dataset_1,full,collections,1
dataset_1,full,riskier,1
dataset_1,full,evaluating,1
dataset_1,full,dwelling,1
dataset_1,full,homeowner's,1
dataset_1,full,splice,1
dataset_1,full,dice,1
dataset_1,full,sanctiy,1
dataset_1,full,flamers,1
dataset_1,full,hetero,1
dataset_1,full,whomever,1
dataset_1,full,nremoving,1
dataset_1,full,npremiminaries,1
dataset_1,full,npositions,1
dataset_1,full,nmissionary,1
dataset_1,full,nwheelbarrow,1
dataset_1,full,ndoggy,1
dataset_1,full,326,1
dataset_1,full,nitalian,1
dataset_1,full,chandelier,1
dataset_1,full,912,1
dataset_1,full,norgasamic,1
dataset_1,full,nreal,1
dataset_1,full,npost,1
dataset_1,full,nlying,1
dataset_1,full,nexplaining,1
dataset_1,full,124,1
dataset_1,full,972,1
dataset_1,full,2916,1
dataset_1,full,n70,1
dataset_1,full,shpw,1
dataset_1,full,litigation,1
dataset_1,full,dominates,1
dataset_1,full,morale,1
dataset_1,full,purpouse,1
dataset_1,full,betterment,1
dataset_1,full,tess,1
dataset_1,full,comparative,1
dataset_1,full,nstudy,1
dataset_1,full,challanging,1
dataset_1,full,kilogramms,1
dataset_1,full,reruns,1
dataset_1,full,relatioship,1
dataset_1,full,donno,1
dataset_1,full,bros,1
dataset_1,full,hos,1
dataset_1,full,'magic,1
dataset_1,full,smoke',1
dataset_1,full,exfoliating,1
dataset_1,full,neutrogena,1
dataset_1,full,o'real,1
dataset_1,full,nshaving,1
dataset_1,full,rug,1
dataset_1,full,sectional,1
dataset_1,full,latitudes,1
dataset_1,full,n1368,1
dataset_1,full,766,1
dataset_1,full,299,1
dataset_1,full,expiring,1
dataset_1,full,cheuck,1
dataset_1,full,insured,1
dataset_1,full,aspirations,1
dataset_1,full,midterm,1
dataset_1,full,chapstick,1
dataset_1,full,stedman's,1
dataset_1,full,nanatomical,1
dataset_1,full,nbrowse,1
dataset_1,full,wordwheel,1
dataset_1,full,nwildcard,1
dataset_1,full,nsearch,1
dataset_1,full,sreesanth,1
dataset_1,full,captains,1
dataset_1,full,bengali,1
dataset_1,full,bengali's,1
dataset_1,full,whished,1
dataset_1,full,congratulating,1
dataset_1,full,oceania,1
dataset_1,full,promotions,1
dataset_1,full,thankx,1
dataset_1,full,dangle,1
dataset_1,full,preposition,1
dataset_1,full,poseiden,1
dataset_1,full,espicially,1
dataset_1,full,disater,1
dataset_1,full,orignal,1
dataset_1,full,adaptations,1
dataset_1,full,1969,1
dataset_1,full,gallico,1
dataset_1,full,capsizing,1
dataset_1,full,survivors,1
dataset_1,full,'top',1
dataset_1,full,hull,1
dataset_1,full,genderizing,1
dataset_1,full,appropeate,1
dataset_1,full,nallah,1
dataset_1,full,feminists,1
dataset_1,full,humanizing,1
dataset_1,full,intellegent,1
dataset_1,full,humanize,1
dataset_1,full,campuses,1
dataset_1,full,pbb,1
dataset_1,full,eveybody,1
dataset_1,full,agod,1
dataset_1,full,plaestine,1
dataset_1,full,kidz,1
dataset_1,full,sagerman,1
dataset_1,full,regrettful,1
dataset_1,full,therapeutic,1
dataset_1,full,hypnotist,1
dataset_1,full,ngeoff,1
dataset_1,full,headshots,1
dataset_1,full,castings,1
dataset_1,full,ironed,1
dataset_1,full,unfertilized,1
dataset_1,full,extracting,1
dataset_1,full,clearlake,1
dataset_1,full,kaila,1
dataset_1,full,nocal,1
dataset_1,full,intersection,1
dataset_1,full,oncoming,1
dataset_1,full,60mph,1
dataset_1,full,unexpectedly,1
dataset_1,full,nwordpad,1
dataset_1,full,ncalculator,1
dataset_1,full,1964,1
dataset_1,full,exported,1
dataset_1,full,everday,1
dataset_1,full,are'nt,1
dataset_1,full,emigrate,1
dataset_1,full,wiggles,1
dataset_1,full,cooed,1
dataset_1,full,7x10,1
dataset_1,full,4x10,1
dataset_1,full,8f,1
dataset_1,full,parantheses,1
dataset_1,full,nexcuse,1
dataset_1,full,ndear,1
dataset_1,full,naunt,1
dataset_1,full,400000,1
dataset_1,full,2800000000,1
dataset_1,full,7t,1
dataset_1,full,profanity,1
dataset_1,full,germanic,1
dataset_1,full,akin,1
dataset_1,full,ficken,1
dataset_1,full,locales,1
dataset_1,full,inherently,1
dataset_1,full,contradictory,1
dataset_1,full,connotations,1
dataset_1,full,etymology,1
dataset_1,full,etymologies,1
dataset_1,full,postulating,1
dataset_1,full,acronymic,1
dataset_1,full,carnal,1
dataset_1,full,kb's,1
dataset_1,full,mb's,1
dataset_1,full,nkb's,1
dataset_1,full,1mb,1
dataset_1,full,1tb,1
dataset_1,full,tera,1
dataset_1,full,multivariate,1
dataset_1,full,featherweight,1
dataset_1,full,habbit,1
dataset_1,full,bred,1
dataset_1,full,butchered,1
dataset_1,full,keratin,1
dataset_1,full,fingenails,1
dataset_1,full,arrowheads,1
dataset_1,full,spear,1
dataset_1,full,shafts,1
dataset_1,full,bb's,1
dataset_1,full,ntonsilectomy,1
dataset_1,full,appendix,1
dataset_1,full,nappendectomy,1
dataset_1,full,nleave,1
dataset_1,full,addadicktome,1
dataset_1,full,wendsday,1
dataset_1,full,reluctantly,1
dataset_1,full,rinses,1
dataset_1,full,coyle,1
dataset_1,full,metcafe,1
dataset_1,full,nyer,1
dataset_1,full,nshall,1
dataset_1,full,dnt,1
dataset_1,full,nooooh,1
dataset_1,full,nplenty,1
dataset_1,full,caine,1
dataset_1,full,nstef,1
dataset_1,full,junky,1
dataset_1,full,overpowering,1
dataset_1,full,inspector,1
dataset_1,full,neigbors,1
dataset_1,full,confidential,1
dataset_1,full,retaliations,1
dataset_1,full,nbelieve,1
dataset_1,full,veritcal,1
dataset_1,full,nstaff,1
dataset_1,full,ndirect,1
dataset_1,full,secretaries,1
dataset_1,full,staffed,1
dataset_1,full,rn,1
dataset_1,full,nnursing,1
dataset_1,full,npatients,1
dataset_1,full,oncological,1
dataset_1,full,septic,1
dataset_1,full,ards,1
dataset_1,full,transplantation,1
dataset_1,full,ventilation,1
dataset_1,full,dysrhythmia,1
dataset_1,full,inotropic,1
dataset_1,full,vasoactive,1
dataset_1,full,infusions,1
dataset_1,full,invasive,1
dataset_1,full,pulmonary,1
dataset_1,full,artery,1
dataset_1,full,intracranial,1
dataset_1,full,catheters,1
dataset_1,full,ecg,1
dataset_1,full,capnography,1
dataset_1,full,hemodialysis,1
dataset_1,full,teamwork,1
dataset_1,full,cvvh,1
dataset_1,full,cvvhdf,1
dataset_1,full,ncritical,1
dataset_1,full,nursing's,1
dataset_1,full,wolverhampton,1
dataset_1,full,wanderers,1
dataset_1,full,306,1
dataset_1,full,ndigit,1
dataset_1,full,ncomputing,1
dataset_1,full,embarracing,1
dataset_1,full,face',1
dataset_1,full,alphabetize,1
dataset_1,full,sn,1
dataset_1,full,enfield,1
dataset_1,full,greased,1
dataset_1,full,sepoys,1
dataset_1,full,mangal,1
dataset_1,full,pandey,1
dataset_1,full,balia,1
dataset_1,full,tact,1
dataset_1,full,cheeseburger,1
dataset_1,full,simlarities,1
dataset_1,full,1960's,1
dataset_1,full,shameful,1
dataset_1,full,hippy,1
dataset_1,full,counterparts,1
dataset_1,full,disrespects,1
dataset_1,full,unaiding,1
dataset_1,full,nkow,1
dataset_1,full,nrecently,1
dataset_1,full,ansqwers,1
dataset_1,full,callnig,1
dataset_1,full,assess,1
dataset_1,full,unresourceful,1
dataset_1,full,unhelpful,1
dataset_1,full,derogatory,1
dataset_1,full,flippant,1
dataset_1,full,levaquin,1
dataset_1,full,rag,1
dataset_1,full,everyonce,1
dataset_1,full,toxins,1
dataset_1,full,syst,1
dataset_1,full,waistline,1
dataset_1,full,sauve,1
dataset_1,full,balm,1
dataset_1,full,borat,1
dataset_1,full,underpaid,1
dataset_1,full,caregivers,1
dataset_1,full,fooled,1
dataset_1,full,fooling,1
dataset_1,full,menstration,1
dataset_1,full,unprotected,1
dataset_1,full,contines,1
dataset_1,full,inaccessible,1
dataset_1,full,nrunning,1
dataset_1,full,smirking,1
dataset_1,full,alexis,1
dataset_1,full,theirself,1
dataset_1,full,n98,1
dataset_1,full,handsomerockus,1
dataset_1,full,'stupid',1
dataset_1,full,'career',1
dataset_1,full,'answers',1
dataset_1,full,cough,1
dataset_1,full,looss,1
dataset_1,full,helth,1
dataset_1,full,lookign,1
dataset_1,full,prevelance,1
dataset_1,full,skatebaorders,1
dataset_1,full,radios,1
dataset_1,full,dischange,1
dataset_1,full,therpresidents,1
dataset_1,full,thal,1
dataset_1,full,ptie,1
dataset_1,full,5t2,1
dataset_1,full,meter,1
dataset_1,full,hoover's,1
dataset_1,full,ccapp,1
dataset_1,full,tweaks,1
dataset_1,full,meticulus,1
dataset_1,full,appearence,1
dataset_1,full,fashions,1
dataset_1,full,outspoken,1
dataset_1,full,jocks,1
dataset_1,full,goths,1
dataset_1,full,nerds,1
dataset_1,full,intrinsicly,1
dataset_1,full,likable,1
dataset_1,full,dislikable,1
dataset_1,full,sts,1
dataset_1,full,gangesby,1
dataset_1,full,enactment,1
dataset_1,full,paddling,1
dataset_1,full,submerse,1
dataset_1,full,enactments,1
dataset_1,full,intamate,1
dataset_1,full,circumfrence,1
dataset_1,full,perceivable,1
dataset_1,full,inconsistency,1
dataset_1,full,tangential,1
dataset_1,full,translational,1
dataset_1,full,nonrotary,1
dataset_1,full,motions,1
dataset_1,full,ecdl,1
dataset_1,full,arena,1
dataset_1,full,clint,1
dataset_1,full,bowyer,1
dataset_1,full,farenheit,1
dataset_1,full,undertand,1
dataset_1,full,infuriates,1
dataset_1,full,romea,1
dataset_1,full,enlightening,1
dataset_1,full,fluff,1
dataset_1,full,commuter,1
dataset_1,full,delcared,1
dataset_1,full,leftist,1
dataset_1,full,idiotic,1
dataset_1,full,figuring,1
dataset_1,full,viduo,1
dataset_1,full,familys,1
dataset_1,full,evrytime,1
dataset_1,full,defragmenter,1
dataset_1,full,coud,1
dataset_1,full,defragmented,1
dataset_1,full,helppppppppp,1
dataset_1,full,maneuver,1
dataset_1,full,shuffled,1
dataset_1,full,scandisk,1
dataset_1,full,chkdsk,1
dataset_1,full,defragged,1
dataset_1,full,nfragmentation,1
dataset_1,full,commando,1
dataset_1,full,carribbean,1
dataset_1,full,npulp,1
dataset_1,full,soulmates,1
dataset_1,full,euphoria,1
dataset_1,full,napplication,1
dataset_1,full,nkey,1
dataset_1,full,equaion,1
dataset_1,full,varations,1
dataset_1,full,minimization,1
dataset_1,full,brachistochrone,1
dataset_1,full,lingual,1
dataset_1,full,uhhhh,1
dataset_1,full,rephrase,1
dataset_1,full,neptunian,1
dataset_1,full,tno,1
dataset_1,full,downgrade,1
dataset_1,full,lecturer,1
dataset_1,full,'double,1
dataset_1,full,planet',1
dataset_1,full,charon,1
dataset_1,full,naustraila,1
dataset_1,full,nkorea,1
dataset_1,full,luna,1
dataset_1,full,reword,1
dataset_1,full,141592,1
dataset_1,full,nenviroment,1
dataset_1,full,2r,1
dataset_1,full,ncommanders,1
dataset_1,full,nulysses,1
dataset_1,full,buell,1
dataset_1,full,johnston,1
dataset_1,full,beauregard,1
dataset_1,full,nstrength,1
dataset_1,full,085,1
dataset_1,full,968,1
dataset_1,full,ncasualties,1
dataset_1,full,408,1
dataset_1,full,885,1
dataset_1,full,723,1
dataset_1,full,012,1
dataset_1,full,959,1
dataset_1,full,nfederal,1
dataset_1,full,nfort,1
dataset_1,full,donelson,1
dataset_1,full,corinth,1
dataset_1,full,myspacers,1
dataset_1,full,2540xcdt,1
dataset_1,full,pcmia,1
dataset_1,full,wab,1
dataset_1,full,hgtv,1
dataset_1,full,susyq47,1
dataset_1,full,s3g,1
dataset_1,full,uichrome,1
dataset_1,full,pleae,1
dataset_1,full,filler,1
dataset_1,full,rags,1
dataset_1,full,everlast,1
dataset_1,full,iz,1
dataset_1,full,influxes,1
dataset_1,full,incite,1
dataset_1,full,morose,1
dataset_1,full,clashes,1
dataset_1,full,scolding,1
dataset_1,full,trifles,1
dataset_1,full,indiscriminately,1
dataset_1,full,adaptability,1
dataset_1,full,cochlear,1
dataset_1,full,ccochlear,1
dataset_1,full,jw,1
dataset_1,full,ci,1
dataset_1,full,likee,1
dataset_1,full,theyr,1
dataset_1,full,stipud,1
dataset_1,full,ambitious,1
dataset_1,full,paretn,1
dataset_1,full,dulce,1
dataset_1,full,hudgens,1
dataset_1,full,nkeanu,1
dataset_1,full,reeves,1
dataset_1,full,njulia,1
dataset_1,full,reese,1
dataset_1,full,witherspoon,1
dataset_1,full,_____is,1
dataset_1,full,chancre,1
dataset_1,full,apprears,1
dataset_1,full,warts,1
dataset_1,full,chlamydial,1
dataset_1,full,heatstroke,1
dataset_1,full,478,1
dataset_1,full,hydrogenated,1
dataset_1,full,latley,1
dataset_1,full,unavalibe,1
dataset_1,full,tattoo's,1
dataset_1,full,leviticus,1
dataset_1,full,funeral,1
dataset_1,full,parlor,1
dataset_1,full,rabbinic,1
dataset_1,full,42yrs,1
dataset_1,full,warner,1
dataset_1,full,nappies,1
dataset_1,full,animainiacs,1
dataset_1,full,nnancy,1
dataset_1,full,carwright,1
dataset_1,full,fluctuation,1
dataset_1,full,100lbs,1
dataset_1,full,downlode,1
dataset_1,full,cillin,1
dataset_1,full,restrain,1
dataset_1,full,wudnt,1
dataset_1,full,p3,1
dataset_1,full,duron,1
dataset_1,full,proccessor,1
dataset_1,full,winston,1
dataset_1,full,churchill,1
dataset_1,full,matie,1
dataset_1,full,johnathon,1
dataset_1,full,7a,1
dataset_1,full,awoke,1
dataset_1,full,patricks,1
dataset_1,full,chanting,1
dataset_1,full,jihad,1
dataset_1,full,infidel,1
dataset_1,full,isamic,1
dataset_1,full,proscribed,1
dataset_1,full,sirf,1
dataset_1,full,waas,1
dataset_1,full,nmea,1
dataset_1,full,v2,1
dataset_1,full,gps's,1
dataset_1,full,ncraig,1
dataset_1,full,findhow,1
dataset_1,full,quadratics,1
dataset_1,full,cach,1
dataset_1,full,chamillionaire,1
dataset_1,full,ridin,1
dataset_1,full,condemnation,1
dataset_1,full,plotting,1
dataset_1,full,graoh,1
dataset_1,full,maxican,1
dataset_1,full,selebrate,1
dataset_1,full,cinco,1
dataset_1,full,teehee,1
dataset_1,full,435,1
dataset_1,full,deteriorates,1
dataset_1,full,nmen,1
dataset_1,full,ndoctor,1
dataset_1,full,nmoderately,1
dataset_1,full,globulins,1
dataset_1,full,myeloma,1
dataset_1,full,waldenstrom,1
dataset_1,full,macroglobulinemia,1
dataset_1,full,immunoglobulins,1
dataset_1,full,polymyalgia,1
dataset_1,full,rheumatica,1
dataset_1,full,temporal,1
dataset_1,full,arteritis,1
dataset_1,full,polycythemia,1
dataset_1,full,leukocytosis,1
dataset_1,full,forex,1
dataset_1,full,monthtrial,1
dataset_1,full,ting,1
dataset_1,full,zea,1
dataset_1,full,fortran,1
dataset_1,full,commodore,1
dataset_1,full,scummvm,1
dataset_1,full,sportsmanship,1
dataset_1,full,loot,1
dataset_1,full,contributor,1
dataset_1,full,winningest,1
dataset_1,full,nows,1
dataset_1,full,beens,1
dataset_1,full,529,1
dataset_1,full,rothira's,1
dataset_1,full,salesperson,1
dataset_1,full,529's,1
dataset_1,full,kids',1
dataset_1,full,taxman,1
dataset_1,full,ncustomized,1
dataset_1,full,npaper,1
dataset_1,full,nthem,1
dataset_1,full,extinguish,1
dataset_1,full,ncigarettes,1
dataset_1,full,nmind,1
dataset_1,full,incompatible,1
dataset_1,full,relieves,1
dataset_1,full,nrecover,1
dataset_1,full,ndeep,1
dataset_1,full,ncreative,1
dataset_1,full,visualizations,1
dataset_1,full,nsmaller,1
dataset_1,full,nelse,1
dataset_1,full,nway,1
dataset_1,full,nabruptly,1
dataset_1,full,taper,1
dataset_1,full,nbecomes,1
dataset_1,full,milestones,1
dataset_1,full,njourney,1
dataset_1,full,nyourself,1
dataset_1,full,antirejection,1
dataset_1,full,dialysis,1
dataset_1,full,saviours,1
dataset_1,full,exterminator,1
dataset_1,full,rehash,1
dataset_1,full,inbedded,1
dataset_1,full,acceptant,1
dataset_1,full,fullbacks,1
dataset_1,full,centrebacks,1
dataset_1,full,marking,1
dataset_1,full,flanks,1
dataset_1,full,overlapping,1
dataset_1,full,fullback,1
dataset_1,full,pause,1
dataset_1,full,thath,1
dataset_1,full,informatio,1
dataset_1,full,simlar,1
dataset_1,full,thancks,1
dataset_1,full,ndeaths,1
dataset_1,full,n92,1
dataset_1,full,tambora,1
dataset_1,full,1815,1
dataset_1,full,417,1
dataset_1,full,krakatau,1
dataset_1,full,025,1
dataset_1,full,pelee,1
dataset_1,full,martinique,1
dataset_1,full,unzen,1
dataset_1,full,1792,1
dataset_1,full,laki,1
dataset_1,full,kelut,1
dataset_1,full,1919,1
dataset_1,full,galunggung,1
dataset_1,full,1882,1
dataset_1,full,1631,1
dataset_1,full,957,1
dataset_1,full,papandayan,1
dataset_1,full,1772,1
dataset_1,full,942,1
dataset_1,full,lamington,1
dataset_1,full,papua,1
dataset_1,full,chichon,1
dataset_1,full,680,1
dataset_1,full,soufriere,1
dataset_1,full,475,1
dataset_1,full,oshima,1
dataset_1,full,377,1
dataset_1,full,asama,1
dataset_1,full,taal,1
dataset_1,full,1911,1
dataset_1,full,mayon,1
dataset_1,full,184,1
dataset_1,full,agung,1
dataset_1,full,cotopaxi,1
dataset_1,full,1877,1
dataset_1,full,pinatubo,1
dataset_1,full,komagatake,1
dataset_1,full,1640,1
dataset_1,full,n500,1
dataset_1,full,mildew,1
dataset_1,full,pix,1
dataset_1,full,sted,1
dataset_1,full,smilly,1
dataset_1,full,faceinlittle,1
dataset_1,full,grl,1
dataset_1,full,nromance,1
dataset_1,full,christine,1
dataset_1,full,njimmy,1
dataset_1,full,nmidnight,1
dataset_1,full,nslim,1
dataset_1,full,benifits,1
dataset_1,full,uve,1
dataset_1,full,transfered,1
dataset_1,full,mojo,1
dataset_1,full,scapegoat,1
dataset_1,full,bbedit,1
dataset_1,full,notepad,1
dataset_1,full,homesite,1
dataset_1,full,mappings,1
dataset_1,full,aspx,1
dataset_1,full,highlighting,1
dataset_1,full,watford,1
dataset_1,full,leeds,1
dataset_1,full,beuty,1
dataset_1,full,beging,1
dataset_1,full,carina,1
dataset_1,full,deism,1
dataset_1,full,humanitarian,1
dataset_1,full,vengeance,1
dataset_1,full,plexicushion,1
dataset_1,full,12mx12m,1
dataset_1,full,anthere,1
dataset_1,full,nmail,1
dataset_1,full,nhotmail,1
dataset_1,full,oe,1
dataset_1,full,mckay's,1
dataset_1,full,quartet,1
dataset_1,full,hominy,1
dataset_1,full,broadman,1
dataset_1,full,hymnal,1
dataset_1,full,hymns,1
dataset_1,full,southeast,1
dataset_1,full,baits,1
dataset_1,full,yoziri,1
dataset_1,full,bule,1
dataset_1,full,lindy,1
dataset_1,full,addded,1
dataset_1,full,nhit,1
dataset_1,full,lenient,1
dataset_1,full,lynne,1
dataset_1,full,productively,1
dataset_1,full,cnet,1
dataset_1,full,kroll,1
dataset_1,full,ontrack's,1
dataset_1,full,easyrecovery,1
dataset_1,full,buttonq,1
dataset_1,full,nntice,1
dataset_1,full,8lb,1
dataset_1,full,5lb,1
dataset_1,full,daugter,1
dataset_1,full,insecurities,1
dataset_1,full,dissapear,1
dataset_1,full,haze,1
dataset_1,full,lola,1
dataset_1,full,slacks,1
dataset_1,full,ta,1
dataset_1,full,nationalsozialistische,1
dataset_1,full,arbeiterpartei,1
dataset_1,full,nationalsozialist,1
dataset_1,full,syllables,1
dataset_1,full,syllable,1
dataset_1,full,tsi,1
dataset_1,full,hitler's,1
dataset_1,full,chancellor,1
dataset_1,full,collectives,1
dataset_1,full,workers',1
dataset_1,full,toothbrush,1
dataset_1,full,hairbrush,1
dataset_1,full,lick,1
dataset_1,full,'known',1
dataset_1,full,'second,1
dataset_1,full,virginity',1
dataset_1,full,streangth,1
dataset_1,full,orochimaru's,1
dataset_1,full,primarital,1
dataset_1,full,deceive,1
dataset_1,full,elliot,1
dataset_1,full,sadler,1
dataset_1,full,wiyh,1
dataset_1,full,fallowing,1
dataset_1,full,turing,1
dataset_1,full,durn,1
dataset_1,full,evilness,1
dataset_1,full,necessities,1
dataset_1,full,onstage,1
dataset_1,full,blazer,1
dataset_1,full,sleeve,1
dataset_1,full,snazzy,1
dataset_1,full,apporpiate,1
dataset_1,full,humps,1
dataset_1,full,nrolling,1
dataset_1,full,nbeatles,1
dataset_1,full,njethro,1
dataset_1,full,allowes,1
dataset_1,full,usb00x,1
dataset_1,full,barber,1
dataset_1,full,abled,1
dataset_1,full,kant,1
dataset_1,full,nplot,1
dataset_1,full,responded,1
dataset_1,full,freewill,1
dataset_1,full,inchs,1
dataset_1,full,jock,1
dataset_1,full,probs,1
dataset_1,full,ie6,1
dataset_1,full,nty,1
dataset_1,full,sport's,1
dataset_1,full,enigneering,1
dataset_1,full,themsleves,1
dataset_1,full,soc,1
dataset_1,full,sociologist,1
dataset_1,full,fluorides,1
dataset_1,full,sf2,1
dataset_1,full,sf4,1
dataset_1,full,sf6,1
dataset_1,full,oxyen,1
dataset_1,full,of2,1
dataset_1,full,greyscale,1
dataset_1,full,merge,1
dataset_1,full,'bezier,1
dataset_1,full,tool',1
dataset_1,full,jpeg,1
dataset_1,full,tif,1
dataset_1,full,schalorships,1
dataset_1,full,urbana,1
dataset_1,full,pointlike,1
dataset_1,full,constituents,1
dataset_1,full,vibrate,1
dataset_1,full,odi's,1
dataset_1,full,slowest,1
dataset_1,full,sunil,1
dataset_1,full,gawaskar,1
dataset_1,full,l'om,1
dataset_1,full,revenir,1
dataset_1,full,podium,1
dataset_1,full,groupe,1
dataset_1,full,agir,1
dataset_1,full,derniers,1
dataset_1,full,sultats,1
dataset_1,full,kablooie,1
dataset_1,full,nird,1
dataset_1,full,ncentre,1
dataset_1,full,reaped,1
dataset_1,full,inadequately,1
dataset_1,full,carryout,1
dataset_1,full,nfocus,1
dataset_1,full,focussing,1
dataset_1,full,ecological,1
dataset_1,full,nmandate,1
dataset_1,full,acceptability,1
dataset_1,full,brochure,1
dataset_1,full,popularising,1
dataset_1,full,disseminating,1
dataset_1,full,liasing,1
dataset_1,full,stakeholders,1
dataset_1,full,promoters,1
dataset_1,full,drda,1
dataset_1,full,zilla,1
dataset_1,full,parishads,1
dataset_1,full,zp,1
dataset_1,full,centres,1
dataset_1,full,dic,1
dataset_1,full,capart,1
dataset_1,full,mso,1
dataset_1,full,dissemination,1
dataset_1,full,nrural,1
dataset_1,full,vermi,1
dataset_1,full,medicinal,1
dataset_1,full,apicultu,1
dataset_1,full,nfirms,1
dataset_1,full,middlecity,1
dataset_1,full,amplitude,1
dataset_1,full,modulated,1
dataset_1,full,distortion,1
dataset_1,full,modulation,1
dataset_1,full,autographs,1
dataset_1,full,memoribila,1
dataset_1,full,wuld,1
dataset_1,full,databank,1
dataset_1,full,jeffs,1
dataset_1,full,nbenny,1
dataset_1,full,hinn,1
dataset_1,full,nmadonna,1
dataset_1,full,nmahmud,1
dataset_1,full,resizing,1
dataset_1,full,frictionless,1
dataset_1,full,forece,1
dataset_1,full,accerleration,1
dataset_1,full,tangentially,1
dataset_1,full,oppo,1
dataset_1,full,direc,1
dataset_1,full,35n,1
dataset_1,full,ntorque,1
dataset_1,full,35x0,1
dataset_1,full,''0,1
dataset_1,full,5'',1
dataset_1,full,''check,1
dataset_1,full,cyliner,1
dataset_1,full,consequencesof,1
dataset_1,full,sheduled,1
dataset_1,full,drug_,1
dataset_1,full,administrator's,1
dataset_1,full,lewdness,1
dataset_1,full,misdemeanor,1
dataset_1,full,adjudication,1
dataset_1,full,nunavut's,1
dataset_1,full,45',1
dataset_1,full,30',1
dataset_1,full,biplar,1
dataset_1,full,lamictal,1
dataset_1,full,200mg,1
dataset_1,full,persevere,1
dataset_1,full,promiscuous,1
dataset_1,full,staggering,1
dataset_1,full,marginalized,1
dataset_1,full,neutered,1
dataset_1,full,nazis,1
dataset_1,full,borderline,1
dataset_1,full,complication,1
dataset_1,full,boderline,1
dataset_1,full,tole,1
dataset_1,full,referal,1
dataset_1,full,confiding,1
dataset_1,full,tiebreakers,1
dataset_1,full,breakers,1
dataset_1,full,manila,1
dataset_1,full,salle,1
dataset_1,full,whereelse,1
dataset_1,full,210,1
dataset_1,full,nicanor,1
dataset_1,full,nbel,1
dataset_1,full,makati,1
dataset_1,full,1063,1
dataset_1,full,1128,1
dataset_1,full,1131,1
dataset_1,full,filipinas,1
dataset_1,full,delasalle,1
dataset_1,full,benilde,1
dataset_1,full,homeopathy,1
dataset_1,full,dwayne,1
dataset_1,full,aspirin,1
dataset_1,full,notoriety,1
dataset_1,full,babying,1
dataset_1,full,brats,1
dataset_1,full,namerica,1
dataset_1,full,perrenial,1
dataset_1,full,trim,1
dataset_1,full,hedges,1
dataset_1,full,farmers',1
dataset_1,full,errand,1
dataset_1,full,detailer,1
dataset_1,full,waxes,1
dataset_1,full,cleans,1
dataset_1,full,vacuuming,1
dataset_1,full,alling,1
dataset_1,full,affraid,1
dataset_1,full,arty,1
dataset_1,full,greeting,1
dataset_1,full,portraits,1
dataset_1,full,unix,1
dataset_1,full,mtime,1
dataset_1,full,xargs,1
dataset_1,full,filepath,1
dataset_1,full,usr,1
dataset_1,full,maketime,1
dataset_1,full,forewarned,1
dataset_1,full,payers,1
dataset_1,full,policed,1
dataset_1,full,whetever,1
dataset_1,full,nexcellent,1
dataset_1,full,textile,1
dataset_1,full,possiblities,1
dataset_1,full,y'have,1
dataset_1,full,chemotherapy,1
dataset_1,full,incarcerating,1
dataset_1,full,sober,1
dataset_1,full,furius,1
dataset_1,full,marlin,1
dataset_1,full,swat,1
dataset_1,full,asain,1
dataset_1,full,lg,1
dataset_1,full,8120,1
dataset_1,full,nsales,1
dataset_1,full,nallowances,1
dataset_1,full,demolition,1
dataset_1,full,pennis,1
dataset_1,full,hookers,1
dataset_1,full,sandyside,1
dataset_1,full,caithness,1
dataset_1,full,5'5,1
dataset_1,full,ama,1
dataset_1,full,ada,1
dataset_1,full,dietetic,1
dataset_1,full,137,1
dataset_1,full,friedan's,1
dataset_1,full,homemakers,1
dataset_1,full,underpants,1
dataset_1,full,friedan,1
dataset_1,full,nhooray,1
dataset_1,full,evasion,1
dataset_1,full,warmed,1
dataset_1,full,oscillations,1
dataset_1,full,stretches,1
dataset_1,full,oscillation,1
dataset_1,full,150x,1
dataset_1,full,'a',1
dataset_1,full,nx'',1
dataset_1,full,x'',1
dataset_1,full,nsolving,1
dataset_1,full,hz,1
dataset_1,full,cigrettes,1
dataset_1,full,international's,1
dataset_1,full,tipping,1
dataset_1,full,pigment,1
dataset_1,full,pigments,1
dataset_1,full,ncompounding,1
dataset_1,full,nlubricants,1
dataset_1,full,paretns,1
dataset_1,full,hispanicwhy,1
dataset_1,full,shakespearian,1
dataset_1,full,coms,1
dataset_1,full,liguist,1
dataset_1,full,tornado,1
dataset_1,full,harbor,1
dataset_1,full,naturist,1
dataset_1,full,gwenneth,1
dataset_1,full,patsy,1
dataset_1,full,edina,1
dataset_1,full,monsoon,1
dataset_1,full,suspend,1
dataset_1,full,disbelief,1
dataset_1,full,saffron,1
dataset_1,full,chirrosis,1
dataset_1,full,detangle,1
dataset_1,full,taxidermist,1
dataset_1,full,chairs,1
dataset_1,full,bitching,1
dataset_1,full,samual,1
dataset_1,full,0039475,1
dataset_1,full,3947473,1
dataset_1,full,1893,1
dataset_1,full,3907998,1
dataset_1,full,noises,1
dataset_1,full,cult's,1
dataset_1,full,puzzed,1
dataset_1,full,patti,1
dataset_1,full,comet,1
dataset_1,full,jarule,1
dataset_1,full,mixtapes,1
dataset_1,full,laymans,1
dataset_1,full,salesmen,1
dataset_1,full,nquantitative,1
dataset_1,full,upsets,1
dataset_1,full,0f,1
dataset_1,full,comeback,1
dataset_1,full,'steroid,1
dataset_1,full,bump',1
dataset_1,full,'lionheart',1
dataset_1,full,investor,1
dataset_1,full,fimd,1
dataset_1,full,backer,1
dataset_1,full,toknow,1
dataset_1,full,loudest,1
dataset_1,full,heresy,1
dataset_1,full,consisted,1
dataset_1,full,persecution,1
dataset_1,full,amish,1
dataset_1,full,anabaptism,1
dataset_1,full,assemblies,1
dataset_1,full,calvinism,1
dataset_1,full,christadelphians,1
dataset_1,full,congregationalism,1
dataset_1,full,coptic,1
dataset_1,full,iurd,1
dataset_1,full,maronites,1
dataset_1,full,mennonites,1
dataset_1,full,methodism,1
dataset_1,full,catholicism,1
dataset_1,full,shakers,1
dataset_1,full,unitarianism,1
dataset_1,full,universalist,1
dataset_1,full,impose,1
dataset_1,full,guyand,1
dataset_1,full,enquirer,1
dataset_1,full,repremanded,1
dataset_1,full,nhipaa,1
dataset_1,full,prsident,1
dataset_1,full,staples,1
dataset_1,full,hearns,1
dataset_1,full,jersey's,1
dataset_1,full,avengers,1
dataset_1,full,n'explain,1
dataset_1,full,gaps,1
dataset_1,full,caesars,1
dataset_1,full,christs,1
dataset_1,full,cheapskate,1
dataset_1,full,collecter,1
dataset_1,full,develping,1
dataset_1,full,timeframe,1
dataset_1,full,stamped,1
dataset_1,full,superstitions,1
dataset_1,full,dissapears,1
dataset_1,full,wiscasset,1
dataset_1,full,esol,1
dataset_1,full,pickings,1
dataset_1,full,disneychannal,1
dataset_1,full,hannah,1
dataset_1,full,no1,1
dataset_1,full,peepee,1
dataset_1,full,eeeeeggggggghhhhh,1
dataset_1,full,500ml,1
dataset_1,full,hyponatremia,1
dataset_1,full,sevre,1
dataset_1,full,psychogenic,1
dataset_1,full,polydipsia,1
dataset_1,full,12l,1
dataset_1,full,30l,1
dataset_1,full,interestig,1
dataset_1,full,ncert,1
dataset_1,full,forensics,1
dataset_1,full,bifurcations,1
dataset_1,full,terminations,1
dataset_1,full,sensing,1
dataset_1,full,1000th,1
dataset_1,full,grooves,1
dataset_1,full,custermers,1
dataset_1,full,renter,1
dataset_1,full,drupal,1
dataset_1,full,phpwcms,1
dataset_1,full,phpwebsite,1
dataset_1,full,typo3,1
dataset_1,full,joomla,1
dataset_1,full,geeklog,1
dataset_1,full,siteframe,1
dataset_1,full,toyotas,1
dataset_1,full,busch,1
dataset_1,full,jarrett,1
dataset_1,full,waltrip,1
dataset_1,full,conrtol,1
dataset_1,full,pregenet,1
dataset_1,full,exes,1
dataset_1,full,unpleasantness,1
dataset_1,full,emulation,1
dataset_1,full,nsystem,1
dataset_1,full,cofig,1
dataset_1,full,athelon2000,1
dataset_1,full,nasus,1
dataset_1,full,booms,1
dataset_1,full,damp,1
dataset_1,full,nebulae,1
dataset_1,full,dumbells,1
dataset_1,full,pounders,1
dataset_1,full,6'2,1
dataset_1,full,215,1
dataset_1,full,3weeks,1
dataset_1,full,reeely,1
dataset_1,full,clubbing,1
dataset_1,full,miseries,1
dataset_1,full,sk8_world,1
dataset_1,full,screwdriver,1
dataset_1,full,unscrew,1
dataset_1,full,'jumper',1
dataset_1,full,'master',1
dataset_1,full,tweazers,1
dataset_1,full,'delete',1
dataset_1,full,'bios',1
dataset_1,full,nrelaxing,1
dataset_1,full,enviroment,1
dataset_1,full,economist,1
dataset_1,full,93,1
dataset_1,full,nnotables,1
dataset_1,full,electricty,1
dataset_1,full,everybodies,1
dataset_1,full,hides,1
dataset_1,full,wonderfull,1
dataset_1,full,ntd,1
dataset_1,full,banknorth,1
dataset_1,full,nboston,1
dataset_1,full,naugust,1
dataset_1,full,nmadison,1
dataset_1,full,nnyc,1
dataset_1,full,indifferences,1
dataset_1,full,murphy,1
dataset_1,full,htink,1
dataset_1,full,stimulants,1
dataset_1,full,evoltionary,1
dataset_1,full,macroevolution,1
dataset_1,full,overpopulate,1
dataset_1,full,unbalance,1
dataset_1,full,chainfood,1
dataset_1,full,overpopulating,1
dataset_1,full,overpopulated,1
dataset_1,full,nvote,1
dataset_1,full,dfw,1
dataset_1,full,marker,1
dataset_1,full,programing,1
dataset_1,full,nmov,1
dataset_1,full,comtemplated,1
dataset_1,full,wholesome,1
dataset_1,full,townshend's,1
dataset_1,full,woodstock,1
dataset_1,full,shirtless,1
dataset_1,full,arse,1
dataset_1,full,10yrs,1
dataset_1,full,huni,1
dataset_1,full,throwback,1
dataset_1,full,supermodel,1
dataset_1,full,janice,1
dataset_1,full,cleopatra,1
dataset_1,full,microfluidics,1
dataset_1,full,entail,1
dataset_1,full,hydrophobic,1
dataset_1,full,hydrophilic,1
dataset_1,full,ehhhh,1
dataset_1,full,intranet,1
dataset_1,full,msaccess,1
dataset_1,full,illustrate,1
dataset_1,full,dashboards,1
dataset_1,full,mapped,1
dataset_1,full,metrics,1
dataset_1,full,presentations,1
dataset_1,full,embed,1
dataset_1,full,manupulate,1
dataset_1,full,nflash,1
dataset_1,full,procure,1
dataset_1,full,beclomethasone,1
dataset_1,full,nqueen,1
dataset_1,full,inane,1
dataset_1,full,mannual,1
dataset_1,full,lyricsby,1
dataset_1,full,pews,1
dataset_1,full,corridor,1
dataset_1,full,bridesmaid,1
dataset_1,full,shuffle,1
dataset_1,full,woulnd't,1
dataset_1,full,bthe,1
dataset_1,full,orn,1
dataset_1,full,labors,1
dataset_1,full,hercules,1
dataset_1,full,strangled,1
dataset_1,full,bacchus,1
dataset_1,full,triumphing,1
dataset_1,full,prevails,1
dataset_1,full,decussated,1
dataset_1,full,martyr,1
dataset_1,full,ibid,1
dataset_1,full,nrather,1
dataset_1,full,lloyd,1
dataset_1,full,deceptions,1
dataset_1,full,361,1
dataset_1,full,gathers,1
dataset_1,full,preaches,1
dataset_1,full,afoul,1
dataset_1,full,ntotal,1
dataset_1,full,celebrations,1
dataset_1,full,ifind,1
dataset_1,full,imuno,1
dataset_1,full,thrombosytopenic,1
dataset_1,full,platlets,1
dataset_1,full,immunothrombocytopenic,1
dataset_1,full,spigel,1
dataset_1,full,comany,1
dataset_1,full,typhoid,1
dataset_1,full,cholera,1
dataset_1,full,dysentery,1
dataset_1,full,1900's,1
dataset_1,full,chlorinated,1
dataset_1,full,unchlorinated,1
dataset_1,full,shifted,1
dataset_1,full,residuals,1
dataset_1,full,trihalomethanes,1
dataset_1,full,trichloromethane,1
dataset_1,full,micrograms,1
dataset_1,full,measureable,1
dataset_1,full,ingest,1
dataset_1,full,nbromine,1
dataset_1,full,fluoride,1
dataset_1,full,distillation,1
dataset_1,full,contaminants,1
dataset_1,full,bioaccumulation,1
dataset_1,full,posibly,1
dataset_1,full,mater,1
dataset_1,full,buton,1
dataset_1,full,firewalled,1
dataset_1,full,verison,1
dataset_1,full,viewer,1
dataset_1,full,rescorces,1
dataset_1,full,schneb,1
dataset_1,full,plainly,1
dataset_1,full,schneb's,1
dataset_1,full,saling,1
dataset_1,full,consumtion,1
dataset_1,full,retardation,1
dataset_1,full,mildly,1
dataset_1,full,disallowing,1
dataset_1,full,swamps,1
dataset_1,full,mosquitoes,1
dataset_1,full,swamp,1
dataset_1,full,vaughn,1
dataset_1,full,warrick,1
dataset_1,full,dunn,1
dataset_1,full,playa,1
dataset_1,full,typists,1
dataset_1,full,transcriptionists,1
dataset_1,full,misunderstanding,1
dataset_1,full,prejudicially,1
dataset_1,full,animus,1
dataset_1,full,things',1
dataset_1,full,unbelievers,1
dataset_1,full,reproach,1
dataset_1,full,debauchery,1
dataset_1,full,abusively,1
dataset_1,full,healthful,1
dataset_1,full,evangelizer,1
dataset_1,full,signficant,1
dataset_1,full,kroq,1
dataset_1,full,evanescence,1
dataset_1,full,ckeck,1
dataset_1,full,nevanescence,1
dataset_1,full,cnat,1
dataset_1,full,pcbs,1
dataset_1,full,grizzlies,1
dataset_1,full,paw,1
dataset_1,full,meh,1
dataset_1,full,grizzly,1
dataset_1,full,studded,1
dataset_1,full,waistcoat,1
dataset_1,full,cat's,1
dataset_1,full,allusions,1
dataset_1,full,what's'7,1
dataset_1,full,heaven',1
dataset_1,full,940bw,1
dataset_1,full,204b,1
dataset_1,full,pricelist,1
dataset_1,full,oooohhhhh,1
dataset_1,full,yuk,1
dataset_1,full,litres,1
dataset_1,full,4l,1
dataset_1,full,0oc,1
dataset_1,full,273k,1
dataset_1,full,3kpa,1
dataset_1,full,32g,1
dataset_1,full,prudish,1
dataset_1,full,'lie,1
dataset_1,full,england',1
dataset_1,full,experimenting,1
dataset_1,full,betta,1
dataset_1,full,omarion,1
dataset_1,full,helper,1
dataset_1,full,downloader,1
dataset_1,full,url's,1
dataset_1,full,nfirefox,1
dataset_1,full,nbitcomet,1
dataset_1,full,nazureus,1
dataset_1,full,pyle,1
dataset_1,full,blowin',1
dataset_1,full,reiner,1
dataset_1,full,elaborately,1
dataset_1,full,disguished,1
dataset_1,full,bonsoir,1
dataset_1,full,bresil,1
dataset_1,full,tres,1
dataset_1,full,bonne,1
dataset_1,full,l'argentine,1
dataset_1,full,l'italie,1
dataset_1,full,l'allemagne,1
dataset_1,full,j'aur,1
dataset_1,full,voulu,1
dataset_1,full,rajouter,1
dataset_1,full,j'attends,1
dataset_1,full,rictuals,1
dataset_1,full,expierienced,1
dataset_1,full,bloods,1
dataset_1,full,hommie,1
dataset_1,full,wan't,1
dataset_1,full,thugs,1
dataset_1,full,linxs,1
dataset_1,full,hk,1
dataset_1,full,mp5k,1
dataset_1,full,permissable,1
dataset_1,full,ebay's,1
dataset_1,full,doner,1
dataset_1,full,sorded,1
dataset_1,full,conisder,1
dataset_1,full,eastside,1
dataset_1,full,nshortie,1
dataset_1,full,bumb,1
dataset_1,full,harassing,1
dataset_1,full,npanty,1
dataset_1,full,twerking,1
dataset_1,full,ooh,1
dataset_1,full,natl,1
dataset_1,full,npa,1
dataset_1,full,nlil,1
dataset_1,full,ngurl,1
dataset_1,full,wanta,1
dataset_1,full,nyo,1
dataset_1,full,nsteady,1
dataset_1,full,ntimes,1
dataset_1,full,ntwerk,1
dataset_1,full,nslide,1
dataset_1,full,nwit,1
dataset_1,full,yin,1
dataset_1,full,annnnn,1
dataset_1,full,twreking,1
dataset_1,full,twrek,1
dataset_1,full,nbend,1
dataset_1,full,dumpster,1
dataset_1,full,drosey,1
dataset_1,full,stomac,1
dataset_1,full,tranny,1
dataset_1,full,shrunk,1
dataset_1,full,restate,1
dataset_1,full,veternpainter,1
dataset_1,full,geoge,1
dataset_1,full,whitelam,1
dataset_1,full,nil,1
dataset_1,full,taughts,1
dataset_1,full,drastic,1
dataset_1,full,macbeths,1
dataset_1,full,chractersitics,1
dataset_1,full,act1,1
dataset_1,full,eveidence,1
dataset_1,full,'compulsive',1
dataset_1,full,earing,1
dataset_1,full,rightfully,1
dataset_1,full,njaime,1
dataset_1,full,sistemis,1
dataset_1,full,reformated,1
dataset_1,full,permitions,1
dataset_1,full,hav't,1
dataset_1,full,jacki,1
dataset_1,full,onassis',1
dataset_1,full,insights,1
dataset_1,full,mager,1
dataset_1,full,remedial,1
dataset_1,full,inbearable,1
dataset_1,full,snitsky,1
dataset_1,full,mikey,1
dataset_1,full,consistancy,1
dataset_1,full,ptolemy,1
dataset_1,full,greenland,1
dataset_1,full,uninhabited,1
dataset_1,full,saharan,1
dataset_1,full,mali,1
dataset_1,full,scarcely,1
dataset_1,full,incomprehensible,1
dataset_1,full,scripted,1
dataset_1,full,impromptu,1
dataset_1,full,ulead,1
dataset_1,full,'being,1
dataset_1,full,myself',1
dataset_1,full,escpecially,1
dataset_1,full,pyhsically,1
dataset_1,full,brn,1
dataset_1,full,intitial,1
dataset_1,full,courting,1
dataset_1,full,chased,1
dataset_1,full,recommends,1
dataset_1,full,reining,1
dataset_1,full,sta,1
dataset_1,full,wandering,1
dataset_1,full,minning,1
dataset_1,full,brower,1
dataset_1,full,wherem,1
dataset_1,full,dislikes,1
dataset_1,full,nreading,1
dataset_1,full,synapses,1
dataset_1,full,vasctomy,1
dataset_1,full,scars,1
dataset_1,full,incidental,1
dataset_1,full,torsion,1
dataset_1,full,orchitis,1
dataset_1,full,strangulated,1
dataset_1,full,diagnoses,1
dataset_1,full,hydrocele,1
dataset_1,full,varicocele,1
dataset_1,full,spermatocele,1
dataset_1,full,vasectomy,1
dataset_1,full,nbrushing,1
dataset_1,full,bungled,1
dataset_1,full,lambasting,1
dataset_1,full,unfunny,1
dataset_1,full,divert,1
dataset_1,full,chiodos,1
dataset_1,full,sittin,1
dataset_1,full,mindin,1
dataset_1,full,huggin,1
dataset_1,full,canoe,1
dataset_1,full,pitchin,1
dataset_1,full,flare,1
dataset_1,full,clarkson,1
dataset_1,full,bonnet,1
dataset_1,full,sicko,1
dataset_1,full,crippled,1
dataset_1,full,kreis,1
dataset_1,full,pyritz,1
dataset_1,full,germnay,1
dataset_1,full,industrialized,1
dataset_1,full,contributers,1
dataset_1,full,ncongress,1
dataset_1,full,beatle,1
dataset_1,full,ringo,1
dataset_1,full,starr,1
dataset_1,full,commented,1
dataset_1,full,hon,1
dataset_1,full,tompkins,1
dataset_1,full,tompkinsville,1
dataset_1,full,motorized,1
dataset_1,full,nautilus,1
dataset_1,full,docks,1
dataset_1,full,ferries,1
dataset_1,full,unzipped,1
dataset_1,full,disk1,1
dataset_1,full,folderdisk,1
dataset_1,full,tc,1
dataset_1,full,stdio,1
dataset_1,full,f7,1
dataset_1,full,software's,1
dataset_1,full,tetraborate,1
dataset_1,full,decahydrate,1
dataset_1,full,muleteam,1
dataset_1,full,borax,1
dataset_1,full,animate,1
dataset_1,full,supernatrual,1
dataset_1,full,lakers',1
dataset_1,full,comebacks,1
dataset_1,full,kobe's,1
dataset_1,full,fg,1
dataset_1,full,3pt,1
dataset_1,full,reb,1
dataset_1,full,ast,1
dataset_1,full,stls,1
dataset_1,full,blk,1
dataset_1,full,n81,1
dataset_1,full,ptsss,1
dataset_1,full,musculo,1
dataset_1,full,cutaenousnerve,1
dataset_1,full,felling,1
dataset_1,full,wack,1
dataset_1,full,drippin,1
dataset_1,full,naaaeaeeeae,1
dataset_1,full,barracuda,1
dataset_1,full,woundering,1
dataset_1,full,opperation,1
dataset_1,full,ivy,1
dataset_1,full,thingy,1
dataset_1,full,npretend,1
dataset_1,full,leash,1
dataset_1,full,wheelchair,1
dataset_1,full,nwheeew,1
dataset_1,full,amexica,1
dataset_1,full,51st,1
dataset_1,full,platonic,1
dataset_1,full,fritz,1
dataset_1,full,pulverize,1
dataset_1,full,superstructures,1
dataset_1,full,baffles,1
dataset_1,full,meeeee,1
dataset_1,full,nika,1
dataset_1,full,3250,1
dataset_1,full,nplzzzzzzzzzzzzzzzzzzz,1
dataset_1,full,trrrrrrrrrrrrrrrrrrrrrr,1
dataset_1,full,maater,1
dataset_1,full,endrometrail,1
dataset_1,full,endometrium,1
dataset_1,full,ruptured,1
dataset_1,full,hysteroscope,1
dataset_1,full,dilates,1
dataset_1,full,scrapes,1
dataset_1,full,suctions,1
dataset_1,full,recurs,1
dataset_1,full,calibration,1
dataset_1,full,miligram,1
dataset_1,full,spaulding,1
dataset_1,full,brigham,1
dataset_1,full,careless,1
dataset_1,full,especailly,1
dataset_1,full,roomates,1
dataset_1,full,tosser,1
dataset_1,full,mama's,1
dataset_1,full,waterboy,1
dataset_1,full,thenid,1
dataset_1,full,harstyles,1
dataset_1,full,nnice,1
dataset_1,full,staged,1
dataset_1,full,centenary,1
dataset_1,full,inaugural,1
dataset_1,full,fifa's,1
dataset_1,full,estadio,1
dataset_1,full,parque,1
dataset_1,full,france's,1
dataset_1,full,laurent,1
dataset_1,full,bert,1
dataset_1,full,patenaude,1
dataset_1,full,semifinals,1
dataset_1,full,affirm,1
dataset_1,full,centenario,1
dataset_1,full,seemingly,1
dataset_1,full,innocuous,1
dataset_1,full,intervene,1
dataset_1,full,argentine,1
dataset_1,full,uruguayans,1
dataset_1,full,varallo,1
dataset_1,full,bikram,1
dataset_1,full,mql,1
dataset_1,full,cocktail,1
dataset_1,full,awesomely,1
dataset_1,full,nangelina,1
dataset_1,full,sponsoring,1
dataset_1,full,webpolls,1
dataset_1,full,furom,1
dataset_1,full,_blank,1
dataset_1,full,u'll,1
dataset_1,full,forgivness,1
dataset_1,full,gagnon,1
dataset_1,full,humptyman,1
dataset_1,full,disharmony,1
dataset_1,full,foodies,1
dataset_1,full,clumsy,1
dataset_1,full,diced,1
dataset_1,full,omlette,1
dataset_1,full,whipping,1
dataset_1,full,freanch,1
dataset_1,full,nelectrical,1
dataset_1,full,execution,1
dataset_1,full,subsequect,1
dataset_1,full,reinforced,1
dataset_1,full,mounting,1
dataset_1,full,n__________________________________________________,1
dataset_1,full,viewpont,1
dataset_1,full,arbitary,1
dataset_1,full,extradinary,1
dataset_1,full,reponsibility,1
dataset_1,full,specifications,1
dataset_1,full,recreate,1
dataset_1,full,conditional,1
dataset_1,full,ectopic,1
dataset_1,full,placenta,1
dataset_1,full,infertile,1
dataset_1,full,urethritis,1
dataset_1,full,ndischarge,1
dataset_1,full,urinating,1
dataset_1,full,nexcessive,1
dataset_1,full,npainful,1
dataset_1,full,nspotting,1
dataset_1,full,nabdominal,1
dataset_1,full,ninflammation,1
dataset_1,full,nseventy,1
dataset_1,full,thatnks,1
dataset_1,full,embark,1
dataset_1,full,volunteered,1
dataset_1,full,donors,1
dataset_1,full,familair,1
dataset_1,full,recemmond,1
dataset_1,full,permitting,1
dataset_1,full,valdex,1
dataset_1,full,ingrates,1
dataset_1,full,perplexed,1
dataset_1,full,stevegtennis,1
dataset_1,full,dogree,1
dataset_1,full,meical,1
dataset_1,full,technologist,1
dataset_1,full,pathologists,1
dataset_1,full,epidemiology,1
dataset_1,full,gulped,1
dataset_1,full,chugging,1
dataset_1,full,queezy,1
dataset_1,full,accompanies,1
dataset_1,full,keeep,1
dataset_1,full,mssing,1
dataset_1,full,npc,1
dataset_1,full,nmanufacturer,1
dataset_1,full,exaggerated,1
dataset_1,full,metatarsal,1
dataset_1,full,regaining,1
dataset_1,full,alcohal,1
dataset_1,full,sodas,1
dataset_1,full,7pm,1
dataset_1,full,6pm,1
dataset_1,full,fundamentally,1
dataset_1,full,1777,1
dataset_1,full,birthday's,1
dataset_1,full,3times,1
dataset_1,full,20year,1
dataset_1,full,uuum,1
dataset_1,full,gaseous,1
dataset_1,full,22400,1
dataset_1,full,nusy,1
dataset_1,full,puncher,1
dataset_1,full,ordeal,1
dataset_1,full,jake,1
dataset_1,full,retard,1
dataset_1,full,misplaces,1
dataset_1,full,iud,1
dataset_1,full,nkkthanx,1
dataset_1,full,mums,1
dataset_1,full,okehampton,1
dataset_1,full,a30,1
dataset_1,full,wartime,1
dataset_1,full,unlesss,1
dataset_1,full,callous,1
dataset_1,full,bagaimana,1
dataset_1,full,saya,1
dataset_1,full,mahu,1
dataset_1,full,tahu,1
dataset_1,full,senarai,1
dataset_1,full,syarikat,1
dataset_1,full,kontraktor,1
dataset_1,full,nsmarten,1
dataset_1,full,dumbass,1
dataset_1,full,throwed,1
dataset_1,full,dyncorp's,1
dataset_1,full,dynair,1
dataset_1,full,nonroutine,1
dataset_1,full,stripping,1
dataset_1,full,avionics,1
dataset_1,full,shear,1
dataset_1,full,alerts,1
dataset_1,full,altimeter,1
dataset_1,full,groundstar,1
dataset_1,full,candover,1
dataset_1,full,nglobeground,1
dataset_1,full,llc,1
dataset_1,full,handles,1
dataset_1,full,globeground,1
dataset_1,full,headquartered,1
dataset_1,full,wholly,1
dataset_1,full,penauille,1
dataset_1,full,polyservices,1
dataset_1,full,ogden,1
dataset_1,full,ngate,1
dataset_1,full,airline,1
dataset_1,full,caterers,1
dataset_1,full,534,1
dataset_1,full,195,1
dataset_1,full,goodrich's,1
dataset_1,full,tramco,1
dataset_1,full,goodrich,1
dataset_1,full,fleets,1
dataset_1,full,parcel,1
dataset_1,full,headquarters,1
dataset_1,full,everett,1
dataset_1,full,airframe,1
dataset_1,full,ncreated,1
dataset_1,full,warehousing,1
dataset_1,full,harlan,1
dataset_1,full,295,1
dataset_1,full,whiten,1
dataset_1,full,whitestrips,1
dataset_1,full,toothpastes,1
dataset_1,full,rinsing,1
dataset_1,full,perioxide,1
dataset_1,full,ubuntu,1
dataset_1,full,ibsen,1
dataset_1,full,claire,1
dataset_1,full,helmer,1
dataset_1,full,doll's,1
dataset_1,full,nclaire,1
dataset_1,full,hopkins,1
dataset_1,full,njuliet,1
dataset_1,full,njane,1
dataset_1,full,nrelief,1
dataset_1,full,intermittently,1
dataset_1,full,ntreat,1
dataset_1,full,teething,1
dataset_1,full,fycked,1
dataset_1,full,gcse,1
dataset_1,full,belfast,1
dataset_1,full,nthanx,1
dataset_1,full,xxxxxxxxxxxxxxx,1
dataset_1,full,depicting,1
dataset_1,full,overtaken,1
dataset_1,full,discription,1
dataset_1,full,certian,1
dataset_1,full,pickin,1
dataset_1,full,cranial,1
dataset_1,full,vii,1
dataset_1,full,trigeminal,1
dataset_1,full,opthalmic,1
dataset_1,full,maxillary,1
dataset_1,full,warcraft,1
dataset_1,full,knifes,1
dataset_1,full,bracelet,1
dataset_1,full,ncordially,1
dataset_1,full,alliens,1
dataset_1,full,ike,1
dataset_1,full,litttle,1
dataset_1,full,accidents,1
dataset_1,full,screening,1
dataset_1,full,biggies,1
dataset_1,full,ndod,1
dataset_1,full,lsd,1
dataset_1,full,opiates,1
dataset_1,full,schedules,1
dataset_1,full,laboratories,1
dataset_1,full,dv1000,1
dataset_1,full,repayment,1
dataset_1,full,70s,1
dataset_1,full,audiences,1
dataset_1,full,presley,1
dataset_1,full,'alternative',1
dataset_1,full,hotbed,1
dataset_1,full,ntoday's,1
dataset_1,full,nagree,1
dataset_1,full,awaken,1
dataset_1,full,clover,1
dataset_1,full,checko,1
dataset_1,full,4000,1
dataset_1,full,hurrican,1
dataset_1,full,blamed,1
dataset_1,full,partitions,1
dataset_1,full,neconomic,1
dataset_1,full,whigs,1
dataset_1,full,subsidiaries,1
dataset_1,full,accuses,1
dataset_1,full,remembers,1
dataset_1,full,dispel,1
dataset_1,full,2gether,1
dataset_1,full,3yrs,1
dataset_1,full,previos,1
dataset_1,full,immatureities,1
dataset_1,full,cadillac,1
dataset_1,full,copying,1
dataset_1,full,faculty,1
dataset_1,full,davidson,1
dataset_1,full,likly,1
dataset_1,full,ytmnd,1
dataset_1,full,curves,1
dataset_1,full,clients',1
dataset_1,full,give1,1
dataset_1,full,gamer,1
dataset_1,full,dui's,1
dataset_1,full,12inch,1
dataset_1,full,silverado,1
dataset_1,full,bummer,1
dataset_1,full,impoundment,1
dataset_1,full,imprisoned,1
dataset_1,full,loaned,1
dataset_1,full,keepin,1
dataset_1,full,ribery's,1
dataset_1,full,disfigured,1
dataset_1,full,farrell,1
dataset_1,full,q'orianka,1
dataset_1,full,kilcher,1
dataset_1,full,compsocerus,1
dataset_1,full,violaceus,1
dataset_1,full,rita,1
dataset_1,full,cerambycidae,1
dataset_1,full,horned,1
dataset_1,full,photograph,1
dataset_1,full,hellraiser,1
dataset_1,full,reponses,1
dataset_1,full,get's,1
dataset_1,full,imprisioned,1
dataset_1,full,nblock,1
dataset_1,full,levitating,1
dataset_1,full,ncreation,1
dataset_1,full,imprisionment,1
dataset_1,full,nniteclub,1
dataset_1,full,npinhead,1
dataset_1,full,nwant,1
dataset_1,full,nidiot,1
dataset_1,full,campers,1
dataset_1,full,621,1
dataset_1,full,3362,1
dataset_1,full,fema's,1
dataset_1,full,relativety,1
dataset_1,full,subdivision,1
dataset_1,full,partical,1
dataset_1,full,quark,1
dataset_1,full,nuetrons,1
dataset_1,full,nthe1,1
dataset_1,full,upsetting,1
dataset_1,full,blippo,1
dataset_1,full,homebased,1
dataset_1,full,callback,1
dataset_1,full,blouse,1
dataset_1,full,funnily,1
dataset_1,full,origional,1
dataset_1,full,newcode,1
dataset_1,full,anyonr,1
dataset_1,full,mirosoft,1
dataset_1,full,wfdwy,1
dataset_1,full,xqxjf,1
dataset_1,full,rhryg,1
dataset_1,full,bg7rq,1
dataset_1,full,bbdhm,1
dataset_1,full,apparel,1
dataset_1,full,merchandising,1
dataset_1,full,merchandiser,1
dataset_1,full,garments,1
dataset_1,full,expereince,1
dataset_1,full,tesco,1
dataset_1,full,advitise,1
dataset_1,full,copanies,1
dataset_1,full,oppituinity,1
dataset_1,full,hiccups,1
dataset_1,full,contagous,1
dataset_1,full,condaleeza,1
dataset_1,full,experiance,1
dataset_1,full,goveners,1
dataset_1,full,ncondaleeza,1
dataset_1,full,trek,1
dataset_1,full,intellignce,1
dataset_1,full,shizznit,1
dataset_1,full,delancie's,1
dataset_1,full,q's,1
dataset_1,full,imho,1
dataset_1,full,troubleshooter,1
dataset_1,full,furnaceman,1
dataset_1,full,outlines,1
dataset_1,full,changers,1
dataset_1,full,hacknicians,1
dataset_1,full,tva,1
dataset_1,full,spinae,1
dataset_1,full,carlyle,1
dataset_1,full,nuntil,1
dataset_1,full,cussing,1
dataset_1,full,swinging,1
dataset_1,full,seizure,1
dataset_1,full,gurney,1
dataset_1,full,quizzing,1
dataset_1,full,jealously,1
dataset_1,full,peice,1
dataset_1,full,peparoni,1
dataset_1,full,laundromat,1
dataset_1,full,adenosene,1
dataset_1,full,diphosphate,1
dataset_1,full,adenosyne,1
dataset_1,full,triphosphate,1
dataset_1,full,spendable,1
dataset_1,full,sloughed,1
dataset_1,full,nglucose,1
dataset_1,full,pensions,1
dataset_1,full,hoot,1
dataset_1,full,earphones,1
dataset_1,full,strapped,1
dataset_1,full,earphone,1
dataset_1,full,spike,1
dataset_1,full,tipsy,1
dataset_1,full,underwoods,1
dataset_1,full,bleach,1
dataset_1,full,tramp,1
dataset_1,full,frisky,1
dataset_1,full,shania,1
dataset_1,full,karoke,1
dataset_1,full,dabbing,1
dataset_1,full,mug,1
dataset_1,full,boosh,1
dataset_1,full,monkee,1
dataset_1,full,consid,1
dataset_1,full,langue,1
dataset_1,full,l'honneur,1
dataset_1,full,coubertin,1
dataset_1,full,instigateur,1
dataset_1,full,modernes,1
dataset_1,full,parler,1
dataset_1,full,olympiques,1
dataset_1,full,manhatten,1
dataset_1,full,ibm,1
dataset_1,full,seein,1
dataset_1,full,nsaw,1
dataset_1,full,nsweet,1
dataset_1,full,blossom,1
dataset_1,full,rushes,1
dataset_1,full,skimmin,1
dataset_1,full,dew,1
dataset_1,full,cajun,1
dataset_1,full,willys,1
dataset_1,full,bluebell,1
dataset_1,full,pines,1
dataset_1,full,moonlight,1
dataset_1,full,lazing,1
dataset_1,full,nindeed,1
dataset_1,full,cuckoos,1
dataset_1,full,nblooming,1
dataset_1,full,nride,1
dataset_1,full,singin,1
dataset_1,full,reguarding,1
dataset_1,full,iraqie,1
dataset_1,full,bandaide,1
dataset_1,full,dilly,1
dataset_1,full,dallying,1
dataset_1,full,slowlu,1
dataset_1,full,cyclen,1
dataset_1,full,180mg,1
dataset_1,full,norgestimate,1
dataset_1,full,035gm,1
dataset_1,full,ethinl,1
dataset_1,full,packaging,1
dataset_1,full,sprout,1
dataset_1,full,succession,1
dataset_1,full,updating,1
dataset_1,full,demensions,1
dataset_1,full,2200,1
dataset_1,full,windvd,1
dataset_1,full,shool,1
dataset_1,full,bu,1
dataset_1,full,tteachers,1
dataset_1,full,cutest,1
dataset_1,full,emabarrassed,1
dataset_1,full,lovey,1
dataset_1,full,howell,1
dataset_1,full,mauki90,1
dataset_1,full,purified,1
dataset_1,full,suffice,1
dataset_1,full,departing,1
dataset_1,full,billets,1
dataset_1,full,uscg,1
dataset_1,full,mil,1
dataset_1,full,fireman,1
dataset_1,full,ncons,1
dataset_1,full,commissaries,1
dataset_1,full,existant,1
dataset_1,full,unshined,1
dataset_1,full,rarer,1
dataset_1,full,restrictive,1
dataset_1,full,npros,1
dataset_1,full,infrequent,1
dataset_1,full,inititive,1
dataset_1,full,independantly,1
dataset_1,full,taxpayer,1
dataset_1,full,regimental,1
dataset_1,full,custom's,1
dataset_1,full,venue,1
dataset_1,full,solict,1
dataset_1,full,piracy,1
dataset_1,full,yoyohil,1
dataset_1,full,anywere,1
dataset_1,full,scrawny,1
dataset_1,full,conflicting,1
dataset_1,full,haircut,1
dataset_1,full,tunney,1
dataset_1,full,brutus,1
dataset_1,full,beefcake,1
dataset_1,full,morocco,1
dataset_1,full,scalped,1
dataset_1,full,eek,1
dataset_1,full,natives,1
dataset_1,full,disdnt,1
dataset_1,full,purged,1
dataset_1,full,nmacintosh,1
dataset_1,full,realxed,1
dataset_1,full,costochondritis,1
dataset_1,full,macroeconomic,1
dataset_1,full,googling,1
dataset_1,full,theiry,1
dataset_1,full,m'b,1
dataset_1,full,rgr,1
dataset_1,full,waxlike,1
dataset_1,full,morbid,1
dataset_1,full,concretion,1
dataset_1,full,variegated,1
dataset_1,full,fixative,1
dataset_1,full,ambrein,1
dataset_1,full,c30h51oh,1
dataset_1,full,bowels,1
dataset_1,full,enima,1
dataset_1,full,trunk,1
dataset_1,full,cytaspora,1
dataset_1,full,cankers,1
dataset_1,full,poplar,1
dataset_1,full,populus,1
dataset_1,full,hulla,1
dataset_1,full,copious,1
dataset_1,full,pycnidia,1
dataset_1,full,wot,1
dataset_1,full,inflate,1
dataset_1,full,numerologist,1
dataset_1,full,escapist,1
dataset_1,full,bleak,1
dataset_1,full,astrophysics,1
dataset_1,full,paradox,1
dataset_1,full,patchwork,1
dataset_1,full,vacationing,1
dataset_1,full,thicken,1
dataset_1,full,transplants,1
dataset_1,full,mds,1
dataset_1,full,univ,1
dataset_1,full,coroners,1
dataset_1,full,coversion,1
dataset_1,full,prefic,1
dataset_1,full,nyeilds,1
dataset_1,full,umbilical,1
dataset_1,full,truss,1
dataset_1,full,terminologies,1
dataset_1,full,dennis,1
dataset_1,full,simi,1
dataset_1,full,miimoons,1
dataset_1,full,weve,1
dataset_1,full,sophmore,1
dataset_1,full,skis,1
dataset_1,full,absorbers,1
dataset_1,full,tommorowland,1
dataset_1,full,monorails,1
dataset_1,full,14ys,1
dataset_1,full,15ys,1
dataset_1,full,19ys,1
dataset_1,full,epcot,1
dataset_1,full,disneyland,1
dataset_1,full,mgm,1
dataset_1,full,dinoland,1
dataset_1,full,astro,1
dataset_1,full,orbiter,1
dataset_1,full,buzz,1
dataset_1,full,lightyear's,1
dataset_1,full,indy,1
dataset_1,full,speedway,1
dataset_1,full,carousel,1
dataset_1,full,monorail,1
dataset_1,full,1971,1
dataset_1,full,stunt,1
dataset_1,full,primeval,1
dataset_1,full,whirl,1
dataset_1,full,triceratop,1
dataset_1,full,wristbands,1
dataset_1,full,fucked,1
dataset_1,full,rainbows,1
dataset_1,full,abomination,1
dataset_1,full,dignitary,1
dataset_1,full,lita,1
dataset_1,full,copeland,1
dataset_1,full,finnally,1
dataset_1,full,talker,1
dataset_1,full,possessed,1
dataset_1,full,4p,1
dataset_1,full,5s,1
dataset_1,full,5p,1
dataset_1,full,6s,1
dataset_1,full,5d,1
dataset_1,full,6p,1
dataset_1,full,7s,1
dataset_1,full,5f,1
dataset_1,full,fumes,1
dataset_1,full,contractible,1
dataset_1,full,auxiliary,1
dataset_1,full,formality,1
dataset_1,full,bernstein,1
dataset_1,full,attentive,1
dataset_1,full,merriam,1
dataset_1,full,webster's,1
dataset_1,full,adherence,1
dataset_1,full,nsense,1
dataset_1,full,sation,1
dataset_1,full,eairly,1
dataset_1,full,vibrant,1
dataset_1,full,conspiring,1
dataset_1,full,plame,1
dataset_1,full,smear,1
dataset_1,full,continueing,1
dataset_1,full,nhahaha,1
dataset_1,full,unpardonable,1
dataset_1,full,bouquet,1
dataset_1,full,babel,1
dataset_1,full,directorial,1
dataset_1,full,arritu,1
dataset_1,full,prisions,1
dataset_1,full,rf,1
dataset_1,full,analyzer,1
dataset_1,full,varitronics,1
dataset_1,full,bumble,1
dataset_1,full,handheld,1
dataset_1,full,analyzers,1
dataset_1,full,quantative,1
dataset_1,full,car's,1
dataset_1,full,pedestrian,1
dataset_1,full,criticized,1
dataset_1,full,dodgers,1
dataset_1,full,uct,1
dataset_1,full,shorthand,1
dataset_1,full,longitudinal,1
dataset_1,full,observatory,1
dataset_1,full,articulation,1
dataset_1,full,gregorian,1
dataset_1,full,divisions,1
dataset_1,full,k3,1
dataset_1,full,sahitya,1
dataset_1,full,sammelan,1
dataset_1,full,illahaabad,1
dataset_1,full,shiksha,1
dataset_1,full,vishared,1
dataset_1,full,affliated,1
dataset_1,full,outher,1
dataset_1,full,bales,1
dataset_1,full,archers,1
dataset_1,full,nisnt,1
dataset_1,full,triangle's,1
dataset_1,full,mitt,1
dataset_1,full,jamoca,1
dataset_1,full,roast,1
dataset_1,full,iced,1
dataset_1,full,horsey,1
dataset_1,full,mmmmmmmmmmmmmmm,1
dataset_1,full,sabers,1
dataset_1,full,jiggy,1
dataset_1,full,slumber,1
dataset_1,full,bearded,1
dataset_1,full,jimbo,1
dataset_1,full,chee,1
dataset_1,full,truman,1
dataset_1,full,nano,1
dataset_1,full,doggin,1
dataset_1,full,comittment,1
dataset_1,full,comingle,1
dataset_1,full,battlefields,1
dataset_1,full,civilans,1
dataset_1,full,proximity,1
dataset_1,full,battleground,1
dataset_1,full,shameless,1
dataset_1,full,nsixty,1
dataset_1,full,tody,1
dataset_1,full,trumans,1
dataset_1,full,outweighed,1
dataset_1,full,sall,1
dataset_1,full,ardcore,1
dataset_1,full,tis,1
dataset_1,full,blaces,1
dataset_1,full,talke,1
dataset_1,full,sbeake,1
dataset_1,full,2000ft,1
dataset_1,full,20minutes,1
dataset_1,full,horizontally,1
dataset_1,full,20',1
dataset_1,full,mnemonic,1
dataset_1,full,soh,1
dataset_1,full,cah,1
dataset_1,full,toa,1
dataset_1,full,ntan,1
dataset_1,full,4108,1
dataset_1,full,868,1
dataset_1,full,punishme,1
dataset_1,full,nonexistence,1
dataset_1,full,irobot,1
dataset_1,full,nanotechnology,1
dataset_1,full,reprogramming,1
dataset_1,full,augots,1
dataset_1,full,1492,1
dataset_1,full,bahamas,1
dataset_1,full,monthes,1
dataset_1,full,alrighty,1
dataset_1,full,nmorals,1
dataset_1,full,struggled,1
dataset_1,full,screenwriting,1
dataset_1,full,0mb,1
dataset_1,full,jpegs,1
dataset_1,full,25kb,1
dataset_1,full,600kb,1
dataset_1,full,nlimitation,1
dataset_1,full,file's,1
dataset_1,full,guided,1
dataset_1,full,ncovers,1
dataset_1,full,lwtutorial,1
dataset_1,full,ahhhh,1
dataset_1,full,pressure's,1
dataset_1,full,grainger,1
dataset_1,full,reqd,1
dataset_1,full,aiming,1
dataset_1,full,assesments,1
dataset_1,full,trawling,1
dataset_1,full,npick,1
dataset_1,full,inspect,1
dataset_1,full,machinery,1
dataset_1,full,likelyihood,1
dataset_1,full,footware,1
dataset_1,full,ppe,1
dataset_1,full,knocs,1
dataset_1,full,escorts,1
dataset_1,full,despara,1
dataset_1,full,shravanthesexy,1
dataset_1,full,oppressive,1
dataset_1,full,grievous,1
dataset_1,full,miscalculation,1
dataset_1,full,miscalculating,1
dataset_1,full,waxman,1
dataset_1,full,unmistakable,1
dataset_1,full,aggressively,1
dataset_1,full,underestimated,1
dataset_1,full,rockefeller,1
dataset_1,full,stockpiles,1
dataset_1,full,embarked,1
dataset_1,full,iraq's,1
dataset_1,full,tyrant,1
dataset_1,full,reinvigorated,1
dataset_1,full,apace,1
dataset_1,full,redefine,1
dataset_1,full,doubtless,1
dataset_1,full,licit,1
dataset_1,full,nclinton,1
dataset_1,full,propellers,1
dataset_1,full,conjuntion,1
dataset_1,full,666007,1
dataset_1,full,exgirlfriend,1
dataset_1,full,girlfrriend,1
dataset_1,full,blokes,1
dataset_1,full,wetbacks,1
dataset_1,full,reck,1
dataset_1,full,governent,1
dataset_1,full,mor,1
dataset_1,full,perferably,1
dataset_1,full,banf,1
dataset_1,full,qe,1
dataset_1,full,vraie,1
dataset_1,full,kop,1
dataset_1,full,boulogne,1
dataset_1,full,entendre,1
dataset_1,full,n'importe,1
dataset_1,full,quoi,1
dataset_1,full,jours,1
dataset_1,full,viennent,1
dataset_1,full,nmoi,1
dataset_1,full,qu'au,1
dataset_1,full,dela,1
dataset_1,full,toutes,1
dataset_1,full,confessions,1
dataset_1,full,religieuses,1
dataset_1,full,politiques,1
dataset_1,full,nom,1
dataset_1,full,d'un,1
dataset_1,full,synonyme,1
dataset_1,full,plaisir,1
dataset_1,full,doit,1
dataset_1,full,hier,1
dataset_1,full,reletive,1
dataset_1,full,genaral,1
dataset_1,full,suchas,1
dataset_1,full,enithing,1
dataset_1,full,formulars,1
dataset_1,full,consulat,1
dataset_1,full,teysha,1
dataset_1,full,tejas,1
dataset_1,full,texians,1
dataset_1,full,yee,1
dataset_1,full,ferocious,1
dataset_1,full,sacks,1
dataset_1,full,cinncy,1
dataset_1,full,teetering,1
dataset_1,full,inaliable,1
dataset_1,full,emergiance,1
dataset_1,full,nthree,1
dataset_1,full,extraction,1
dataset_1,full,barly,1
dataset_1,full,caldwell,1
dataset_1,full,essex,1
