id,text,true_label,predicted_label
yahoo_02409,how to solve the israeli-palestinian problem are there any great resources i have to write an essay i just read a book called the blood of abraham by jimmy carter it has insight into the problem and possible solutions there are chapters regarding the other nations involved views palestine israel egypt jordon syria libya usa etc politics usually bore me but i found the book interesting and informative nyou can get it at the library,politics_government,politics_government
yahoo_05858,te dilemma benjamin watson vs detroit or shockey vs dallas shockey will be ny's only chance at beating dallas he'll catch over six passes for over 100 yards and score ny's only touchdown in a battle of field goals 15-12,sports,sports
yahoo_04029,where can i check court case files or background checks without paying on line fees can i check court files by ss as a previous hr person i can tell you there are several different sites and agencies that provide that service n ndepending on whether they are checking credit social security number or criminal driver's license number or employment residential whatever the employer landlord wants usually driver's license numbers and correct addresses n nthere are some sites and other background check info listed on the web page in resources n nsource s n,politics_government,computers_internet
yahoo_02656,would you tell what will you do if you and your partern two have friends in common that are a couple but you saw her husband cheatting on her making out in the car with some one else will you tell your friend even if you don't know how is she going to react either she believe you or not you might lose her friendship or maybe she will thank you and kick her husband butt what to do please tell losing a husband can hurt losing a husband and a friend is worse what if she finds out you knew and didn't tell her try it this way start off with a deep conversation about love and marriage then ask her if she saw your partner cheating would she tell you then ask her if she would want you to tell if her husband is cheating on her go from there don't let this man waste her life if he's not interested,family_relationships,family_relationships
yahoo_04020,i am selling 2 wedding gowns i posted on e-bay no response anyone know how to or where to go to sell them check locally online in my area we have a wedding website just for local brides many sell their items after the wedding has passed good luck,family_relationships,business_finance
yahoo_00695,what is open loop in hydraulic power pack system open-loop which is mentioned here refers to a systems control concept named feedback if you don't provide a feedback to correct the input commands the system is called open-loop if feedback is applied it is closed-loop an example of open-loop is a hydraulic pump actuated by a dc ac motor adjusting its flow rate by controlling applied voltage to motor no feedback compensates the errors in flow therefore ot is called open-loop,science_mathematics,science_mathematics
yahoo_01359,what can i take to a thanksgiving gathering that will keep me from getting bored i am going to my uncle's for thanksgiving today from 4pm to 2am is there anything i can take over there to keep me entertained for all those hours nmy family will just gossip eat and gossip some more so it will be very boring for me like it has been in past years n nhelp i am going to take my sudoku work book they are fun now that i know how to work them,society_culture,family_relationships
yahoo_01947,how do i not have to sign in every time i go on line with out a password to sign in you are inviting hackers nyou have already given the world your e mail address and thats bad now all a hacker has to do is determine your password and he owns your comp n npractice safe xex,computers_internet,computers_internet
yahoo_02204,when did you learn how to cook at what age i started cooking in the kitchen when i was nine because i used to love cooking with my grandmother and my mom at first i didnt want to learn how to cook but now im glad i did start at a young age because when my family members get sick im able to cook themsomething to eat but when i was 9 i learned how and now im 16,health,family_relationships
yahoo_04524,is brazil is the best side in the world or england i think england so qureel viva la brasillia nengland have a good team probably one of the best nbut brazil is brazil numero uno nno doubt,sports,sports
yahoo_05859,favorite disney movie why i don't know if it's just me but there was a while when disney came out with a whole streak of good movies maybe it was just my age at the time nlittle mermaid beauty and the beast aladdin pocahontas lion king,entertainment_music,family_relationships
yahoo_02904,has anyone ever sat on a guys face did you enjoy it would you do it again ladies i know this sounds stupid this could be for ora or simply just sitting atop him but it is a honest serious question if you are willing to give a respectful honest answer to the following it would be much apprieciated was it pleasurable would you do it again how did you do it who did you do it to would you do it to a freind alright i think thatll do thanks sure many times with my husband as a form of 69 we both enjoy it,society_culture,family_relationships
yahoo_03996,explain how upper limb movements function as levers the distance from the rotation axis of the elbow to the wrist is a multiple of the distance from the elbow to the forearm attachments of the biceps and the triceps any length change in either muscle is amplified by that multiple at the wrist of course the force at the wrist is reduced by the same factor compared to the muscle tension this allows a range of wrist motion of 2 to 3 feet with a relatively small length change in the muscle,science_mathematics,science_mathematics
yahoo_00084,whats the point why do people get married anymore everybody i know who gets married including myself eventually gets divorced no pont what so ever,family_relationships,family_relationships
yahoo_00328,is there a free program i can use to cut songs and put them together,computers_internet,computers_internet
yahoo_02419,does anyone here have any money they dont want no but i have a lot of bills i'd be interested in getting rid of too bad none of the are dollar bills,family_relationships,business_finance
yahoo_02921,what is the universite of havared adress web,education_reference,education_reference
yahoo_01996,is anyone else mad about kurt angle winning batista's title i'm not mad that kurt won title but it does make me wonder how kurt end up entering the battle royal in smackdown knowing that he's from raw no need to ask why he did it another thing who's the genius behind the line up of superstars that were picked to compete for the title there were some potential wrestlers that i thought had a chance rey mysterio matt hardy mark henry jbl,sports,family_relationships
yahoo_03857,why examination should not be abolish examinations show students and parents how well the child is learning they also show how well a teacher is teaching,education_reference,education_reference
yahoo_00033,what is the current booming business in india most businesses are booming in india right now as far as outsourcing is concerned actually that's just one aspect although an important aspect of india's economy what people need to understand is that the reason why more and more comanies are outsourcing work of different types to india is because those who have already done so are benifiting from it that means the call centre workers in india are doing a good job,business_finance,politics_government
yahoo_01102,can someone email me that grillz song or the new t-pain song nnever heard cuz im in italia hey why don't you just buy it,entertainment_music,entertainment_music
yahoo_03766,n acts what name is given to the resurrected and exalted jesus that speaks of his supreme authority 2 36 therefore let all israel be assured of this god has made this jesus whom you crucified both lord and christ n n7 55 but stephen full of the holy spirit looked up to heaven and saw the glory of god and jesus standing at the right hand of god n56 look he said i see heaven open and the son of man standing at the right hand of god,society_culture,society_culture
yahoo_00615,how many of you wear diapers for medical reason and you deal with it im scare about that anybody will notice my condition how i deal with it hi i wear diapers 24 7 because of a medical problem i understand how you feel when i first started wearing diapers it was so hard for me to get use to the best why i can tell you to deal with wearing diapers is to except what you have to do for your self if you go around warring about what people think of you because you wear diapers it will cause you some mental problems like depression and you already have enough to deal with would en you say the way i deal with it is if someone ask me about it i just make a joke of it and don't let it bother me i am 48 and started wearing about a year ago now i do nt even care what people think because i don't have a choice i have to wear diapers hope this helps you in some way good luck,health,family_relationships
yahoo_02149,r u living a lie is there a life you should be living but choose to avoid it because you just don't want to live it sometimes people really annoy me sometimes but i put on a happy face i hate my job and i dont want to go back to school i want to win the lottery and never work again and live somewhere far far away so i dont have to see people i know for a long time im bothered by a lot but i cant say anything so technically yes yes i am living a lie reall who isnt,society_culture,family_relationships
yahoo_03136,who thinks the san antonio spurs got screwed by the reefers against the mavericks in game 7 on the last play manu missed the shot and tim duncan was about to get offense rebound and got fouled going up and he was going to tip it in then it went to overtime and the spurs lost i think the spurs got a bad wrap from the refs for a few games i truly believe that the spurs got screwed in the way that they ranked the teams if the spurs would have played the mavs in the western conference finals i believe they would have won the series,sports,sports
yahoo_02170,what do you know about the prophet of islam 10 facts you didn t know about prophet muhammad n n1 prophet muhammad was an orphan his father abd allah died before his birth and his mother aminah died when he was about 6 years old he was taken care by his uncle abu talib n2 he was illiterate he could neither read nor write n3 his first marriage was to a widow woman called khadija he was 25 years old and she was 40 years old they were happily married for 25 years khadija passed away when she was 65 years old during his marriage to khadija he was not married to anybody else n4 he had 2 sons from khadija both of them which died in their childhood n5 he first received the revelation from god when he was 40 years old on the mount of hira through angel jibril gabriel n6 he believes in the same god as the jesus in islam jesus is considered a prophet not a god moses abraham and all the other prophets of god n7 he is the last prophet that god sent to mankind there won t be any prophets after him until the day of judgement n8 he was the descendant of prophet ismail ishmael the son of prophet ibrahim abraham n9 he was mentioned in the bible as the coming prophet ndeut 18 i will raise up a prophet like you from among the brethren and will put my words in his mouth and he shall speak them all that i command n10 his prophethood lasted for 23 years during which he received revelations from god after his death revelations were compiled as a book called quran,society_culture,society_culture
yahoo_05545,i don't know what i should get for my father for his birthday he's turning 50 and i don't know what i should any ideas thank you depends on you finances and what he likes n spend time with him in case you see each other only seldom n find a book about one of his hobbies n a voucher for a weekend away with his wife n a cd with music of his favorite band composer musician n a cake made by yourself - not bought,family_relationships,family_relationships
yahoo_00235,what is the best way to track down wwii veterans just trying to find any of the wwii veterans my dad served with in the war he was with co a 202nd combat engineers army any info will be appreciated,politics_government,politics_government
yahoo_04321,crash diet i need to lose a few pounds by the 20th of this month im already exercising 45 min of cardio a day and lifting weights what is a good crash diet that really works and i dont have to buy tons of stuff i watched true life and this girl before a pagaent only ate cottage cheese for every meal for 2 weeks beofre my prom i'm only going to be drinking water and eating chicken and fruit,health,health
yahoo_00804,what languages are spoken in liechtenstein german and french love although the german they speak sounds like a mix between french german and dutch it is understandeble though,society_culture,society_culture
yahoo_00206,how to get maximum traffic to ur site without using a advertising programs like adwords and overture is there anyone who can tell me how to make his site up without using these advertising program or can suggest me a book cause i am fed up with online scams i nearly invested 1000 iam not spending more anyperson who has a website can answer here are some shoestring marketing ideas that can help you get the visitors you need at the least cost possible n n1 create the best content you can with the best products you can possibly offer your content is your best advertisement - if visitors love your content then they will go back and spread the word to others n n2 make it easy for users to recommend your site viral marketing is very important -- and easy to tap on the web but give your users the tools get a recommend this site script from websites such as cgiscripts com and similar directories of scripts some even go as far as giving incentives to those who recommend the site to their friends if only 10 people go to your site but these 10 people invite 10 more - that's additional traffic that you get for free n nrecommend site scripts various nose bird recommend this site ncgi resource index rank well in the search engines organic search results not the pay per click ses can be a big source of traffic the key is to create the best content in your niche if you have good content other websites will gladly link to you and offer your site as a resource to their audience check the on-page factors and be sure to get linked from authority sites in your topic area n nif you are going to read only one piece on search engine optimization i suggest you read brett tabke of webmasterworld com's successful site in 12 months with google alone 26 steps to 15k a day n n n4 send out press releases while outfits charge as much as 650 per release there are free press release submission places on the web press releases allow you to a attract media attention b get more back links to your website without sending each website an email request and c get more visibility especially if your press release gets in google news or yahoo news n n submit articles write articles and submit them to websites accepting author submissions you get exposure for your business establishes you as an authority in your field and allows you to get backlinks for your website if 50 websites publish your article and it contains a link back to your website then you easily get 50 links from a single article the more links you have the greater your chances for increasing your search engine rankings n nhere is a comprehensive list of where to submit your articles post a link to your site for free where it is allowed always read the terms of use examples are n ncraigslist base for free link exchange classifieds free ads,business_finance,computers_internet
yahoo_05782,are there any real living organisms discovered till now in the outer space not yet organic molecules considered as precursors to basic life forms have been found throughout the universe mostly in comets interstellar gas and dust experiments show that some bacteria and archaea can survive the severity of outer space so it's quite possible that we find living organisms in the future most probably on other planets,science_mathematics,science_mathematics
yahoo_03526,can coaches be conniving specific example please of course coaches are conniving they will tell you that you are not up to the task just so to make you angry enough to show him that you are up to the task n ncoaches are psychologists manipulators connivers and a few other things that can't be mentioned in polite company but that is there job if they are good at all these things and they don't bully you will find yourself getting better all the time,sports,family_relationships
yahoo_04517,a good friend of mine she wants to commit suicide how can i help her out of it she means alot to me she rufuses to talk about it and if i try she will just walk away or hang up on me i am really worried because i beleive that she feels its her only way out please help me she needs to get help right away i'm not sure how old she is and if she still lives with her parents if she does you have to make the difficult decision of telling them they may not realize how seriously she is depressed if she is an adult it is hard to force someone to get help if someone is about to commit suicide then 911 can be called otherwise you can encourage them to talk to their doctor talk to a distress centre suicide prevention line talk to a counsellor or go to the emergency room of a hospital try to keep the lines of communication as open as you can she needs to know that people care about her with that said if she does hurt herself that is not your fault you are doing what you can she is lucky to have a caring friend like you i hope things work out really well,health,family_relationships
yahoo_02661,what should be taught in schools to prepare you for real life apart from the usual lessons many schools are already teaching a great deal apart from regular lessons the things that need to be taught to prepare students for real life include n n1 how to get along with all kinds of people n2 how to be punctual - on time n3 how to compromise n4 how to cooperate n5 sensitivity compassion and kindness n6 how to help others n7 an understanding that there will always be people you don't necessarily like and there is nothing you can do about it but they are people too n8 the understanding that it is ok to be different n9 tolerance n10 work ethic n n to name a few i hope this helps,education_reference,education_reference
yahoo_01009,what is your most dangerous question what would you like to ask that you fear might cause the largest amount of difficulty did you know that there is a bomb in your house where is it,business_finance,family_relationships
yahoo_03876,what exactly is homophobia being afraid of gay people,society_culture,society_culture
yahoo_05058,help immediately ok see i dont no wy but i am getting black spots on my face for no reason how do i make them go away it makes me look really ugly ughhh black spots are they freckles could they be small broken capillaries sun spots are you a sun goddess what do they look like are they liver spots n nanyway - if they are any of the above this product takes them away no kidding it's called the sleeping peel liver spot remover you put it on and leave it there after it dries you peel it away the dark spot comes with it making it less noticible i swear by this give it a try you'll be glad you did,health,health
yahoo_02038,owe 9 000 00 on my truck have the money to pay it off will it hurt my credit score if i pay in one chunk this should not hurt your score by any means as long as nyou have other active credit still open a great balanced credit profile will have an installment loan like your truck payment revolving account such as a credit card and a mortgage payment all paid on time nif the truck is the only acount you have once it is paid off the scores will no longer have anything of activity to calcualte the scores with and eventually your scores may just simply disappear nyour scores are comprised primarily of what has happened over the past 2 years so always keep something open and active i suggest at the least a credit card that you charge one tank of gas each month and pay off each month always activity never late and no interest charged,business_finance,business_finance
yahoo_02535,can somebody explain to me what black friday is i have no clue the day after thanksgiving became known as black friday because it was the day retailers got out of the red and into the black and began making a profit for the year these days retailers are expected to make a profit long before the end of the year,society_culture,society_culture
yahoo_04620,what is cell-fusion technology the dendritic cancer cell fusion technology combines a patient's dendritic cells-powerful immune stimulators-with their inactivated tumor cells in a chemical fusion procedure the fused cells are injected back into the patient in order to stimulate an immune response against the patient's cancer n cell fusion technology eliminates the need to identify specific antigens for these vaccines because it incorporates the entire menu of antigens found on the original tumor to provide targets to the immune system '' said dr kufe this novel process allows us to develop a potentially life-saving cancer treatment that could be used in a broad range of cancers '' said dr avigan n nmark goldberg senior vice president medical affairs genzyme said we are very excited about starting the new fusion cell trials and proud of our growing clinical program in immunotherapy we now have three ongoing trials utilizing this promising technology -- one each in breast cancer melanoma and kidney cancer -- in addition to our two melanoma gene therapy cancer vaccine trials currently underway fusion technology complements our antigen specific vaccines and allows us to address cancers where antigens are not yet known or well understood '' nthe ability of the dendritic cell fusion technology to be used in a broad range of cancers plans for initiating additional cancer vaccine trials the data the trials are expected to provide and the incidence and mortality rates for melanoma and kidney cancer,education_reference,health
yahoo_05111,where can i download the opening theme for kiddy grade in english kiddy grade is an anime show that came out on dvd about 3 momths ago my friend let me borrow 3 of them and i love the series and the music so i just know where i can get the downloads from try this n of luck,entertainment_music,entertainment_music
yahoo_03076,what are the charges that a banking institution charges for installing a credit card port how much are they when a web site administrator desires to sell merchandise and his customers can pay by credit card and the administrator desires to use a local banking institution instead of onlin ie paypal what are the standard charges and what are the standard requirements i suggest you to contact your bank,business_finance,business_finance
yahoo_03955,how can i loose the fat from my chest i have the ideal height weight raport but i dont like the chest i am not fat according to that raport but i have some problems with my pects how can i loose weight without going to gim help me pls 10x how to get a flat stomach - ok firstly the idea of localised fat loss is a myth - during exercise fat is burned as fuel from all areas of the body and while working your abdominal muscles will help them to develop but if there is a layer of fat obscuring these new muscles neither you or anyone else will be able to see them therefore to achieve your goa l any abdominal exercise needs to be combined with a well balanced and nutritious diet to see the fruits of your labour in addition cardiovascular exercise will speed up this process and help to burn extra fat n nby far the best exercise to build abdominal muscle and toning the abdominal wall is the crunch - this is actually the main stomach exercise performed by athletes and models n nthe crunch n lie on you back n place your feet on the floor as close to your bottom as possible and place your knees together n rest your hands across you chest and relax the neck n slowly raise your shoulders off the floor by contracting only the abdominal muscles n don't come up too high - your lower back should always remain on the floor n hold that position for a count of 1 and breath out forcefully n slowly relax the stomach muscles and allow your shoulders to return to the floor n repeat 10 - 12 times rest for 60 seconds then repeat n nthe amount of crunches you can do as with all exercises varies from person to person its safest to start off with a relatively low number as to avoid strain and build up to more over time n nfurther exercises nthe plank n lie flat on your stomach n place your hands at either side of your chest - as if ready to perform a press up - although your should tuck your elbows into your sides n keeping your back perfectly flat push yourself up onto your knees - so that your upper body is off the floor with your hands and knees acting as support n keeping your back flat pull in your tummy button as high as possible - as if to suck it in close to the spine n aim to maintain a normal breathing pattern and hold this position for 10 - 60 seconds n rest lie flat then repeat twice n ntoe touch n lie on you back n raise your arms and legs so they are perpendicular with your body n slowly curl your torso up and forward raising your hands as close to your toes as possible n contract your abs and then reverse direction returning to the starting position n repeat 10 - 12 times rest for 60 seconds then repeat n nreverse curl n lie on you back n place your hands at sides and bend your knees nraise your butt as high as possible while keeping your upper back pressed to the floor n contract your abdominals and then reverse direction returning to the starting position n repeat 10 - 12 times rest for 60 seconds then repeat n ntwisting crunch n lie on you back n bend your knees so your thighs are perpendicular to the ground and fold arms across your chest n slowly raise your shoulders up and forward toward your chest twisting your body to the right n feel a contraction in your abdominal muscles and then slowly reverse direction returning to the start position n repeat movement but this time twist to the left n repeat 10 - 12 times rest for 60 seconds then repeat n n n home n n-------------------------------------------------------------------------------- n n the truth about weight loss n n-------------------------------------------------------------------------------- n n the truth about exercise n n-------------------------------------------------------------------------------- n n great workouts n n-------------------------------------------------------------------------------- n n exercising with kids n n-------------------------------------------------------------------------------- n n fitness myths n n-------------------------------------------------------------------------------- n n the low carb diet dilemma n n--------,health,health
yahoo_02978,days of our lives anyone know why kate winslow has 2 red fingernails nthis is driving my mom nuts shes got to know no reason she just has them that way trade mark thing for people to notice and talk about,entertainment_music,family_relationships
yahoo_00665,how do i invest if i am an american living abroad i have been told that i can't contribute to a roth my employer here in japan doesn't offer a 401k nor a 403b plan and many financial planners can't give me information on investing because i am living abroad i guess they are afraid we are funding terrorists i don't know i want to retire in 10 years and i don't know how to get there if i am limited so much in what i can invest in and the information i can receive from vanguard and fidelity which charge some of the lowest fees if you have a us dollar account and a debit card you can sign up with an online broker such as scottrade you will need an initial investment of us 500 to fund your account if needed you may withdraw part of the 500 initial funding they only charge us 7 00 per trade but keep in mind that's both buying and selling so it is actually 14 dollars you need to add on to calculate your prophit loss n ngood luck,business_finance,business_finance
yahoo_00812,how many days would it take to mail something from texas to massachusetts via reg mail 2-3 business days,politics_government,business_finance
yahoo_01849,is a research trip for my grad student wife tax-deductible we are self-employed i will be traveling with her and the sole purpose of the trip is her thesis research no friends or family in the area and we wouldn't be on vacation we would go out to dinner during the trip and we would rent a car and we would spend a lot of time in the library and historical societies i would be assisting by running errands making copies setting itinerary getting lunch etc i can't seem to find any information about whether it's deductible and what portions would be flight car hotel meals just her both of us neither thanks in advance hey grad guy n nforgive me for just wanting to ask you a question first n non what basis are you deducting the other costs of her thesis expenses n nif you are already doing so you just continue on that basis no big deal n nit is so hard for me to think that you haven t thought these things through already to offer suggestions i have to assume you are not as judge learned hand opined ordering your affairs to pay the lowest possible tax n nif you want post up under details that you want some suggestions n ngood luck,business_finance,family_relationships
yahoo_01797,what is a mitochondria more like i need an analogy for mitochondria one can become two,science_mathematics,education_reference
yahoo_03090,should you go back with aboy that hurts you and really cares for you butyou still luv him no if he keeps hurting you why would you want to be with him have more selfworth find a guy who cares for you the way you deserve to be cared for,family_relationships,family_relationships
yahoo_05652,is it true people can be born with two sex organs yes its called a true hermaphradite and it is due to a hormonal problem during development of the fetus rare,health,health
yahoo_00771,who was bartholomeus diaz portugese sailor first sailor to navigate the cape of good hope --died 1488 i think also discovered mosselbaai,education_reference,entertainment_music
yahoo_04537,is a sin a sin if you don't feel guilty about doin it nope its called having fun lol as long as no one else gets hurt nbooks very quickly go out of date so ignore it n nbtw god didnt say anything the words are those of the aurthers of the bibble n ncheck out the replys to some of my questions lol nthey made me smile hehehehe,society_culture,family_relationships
yahoo_00518,any nhl playoff predictions i have some what are yours dada dada dadadadadadada san jose friend i totally dig em this year i love the leafs but they went nowhere so i'm backin the sharks their just so talented and are playing the best hockey they have all year and don't see that coming to an end anytime soon thornton and cheechoo will rock the kasbah all the way to the finals where they will dismantle buffalo that's right i said buffalo,sports,sports
yahoo_01221,why do you like harrypotter or any one in harrypotter thank you,entertainment_music,society_culture
yahoo_02001,i've just returned from a concert where flaming lips violent femmes and bob dylan played is anyone jealous oh wow bob dylan lucky i'd love to see bob dylan,entertainment_music,entertainment_music
yahoo_03048,would u ever take a gril out to the movies if she had a boyfriend i'll take my chance,family_relationships,family_relationships
yahoo_04568,can you give me brief history about the different countries such as thailand myanmar cambodia vietnam laos kindly answer my question please because i can't find the answer please help me nplease please please nthank for helping me try,society_culture,computers_internet
yahoo_05707,what is the difference between above and over above is like standing on topp of paper n nover is like jumping over the paper,education_reference,science_mathematics
yahoo_04028,has anyone ever worked for medical facilities of america what r they like to work for medical facilities for america maybe you are from a different country your question s too broad considering there are many different types of medical facilities in america and even more different types of specialties and support jobs i doubt if you will find satisfaction in this inquiry try narrowing your scope,business_finance,business_finance
yahoo_05288,how do you get your default myspace picture to flash with different pictures myspace its called a gif you need to create that on your own n ni suggest for software n nif your not tech savvy i suggest you do not try it,computers_internet,computers_internet
yahoo_00115,help i need help hi whatz up well im need help what do i get for my best friend he is a boy he likes to skate he like metal so i dont kno what to get him for christmas help metal t-shirt skate shop gift card,family_relationships,family_relationships
yahoo_01200,which indians have seen dhoom 2 and liked it explain no i didn't see it but there is a scene in which hrithick roshan and aishwaria kiss it created a big fuss in the bachan family b c it is rumored that aishwaria and abhishek were planning to get married in february 2007,entertainment_music,family_relationships
yahoo_03799,i downloaded some videos using ares the format of the video is avi how can i copy it in dvd format i already downloaded nero 7 premium i burned the video i downloaded using a dvd rw recordable the problem is i can't play it on my dvd player helpppppppp,computers_internet,computers_internet
yahoo_03685,how to ban call centre in india from this girls are becoming so rude n nude send em my way i like nude women,computers_internet,family_relationships
yahoo_05734,how many racist people do it take to change a light bulb one to try to enslave another to change the light bulb one to blame all the others for being the reason the light bulb doesn't work etc on to say they did it better than everyone else when they didn't even touch the light bulb etc in essence billions but teh lightbulb will never be changed racists like blame and accusations not solving problems,society_culture,society_culture
yahoo_01746,are we qualified enough to give our advise on treatment to follow i have seen many answers concerning different medications especially drugs which can be very dangerous if taken by sheer experience of the others or best answer i refer to antidepressant beta blockers tranquilizers these medications can only be given by highly trained specialists nshould we answer these questions taking in consideration that we are all different an excellent point i am a psychologist and i am bit alarmed at some of the answers given to quite technical medical questions while a small of the questions i have seen are obviously from 'cranks' most of them seem genuine and the people concerned are obviously anxious about their condition n ni agree with your point re drugs and people who are not medically trained should not be giving advice on drugs at all - even if they have just read up on then in wikipedia not always a reliable source n ni think this type is site is fun - but this medical section is becoming a genuine concern for me,health,society_culture
yahoo_05471,does anyone know where i would go to find the vaule of a misprinted eric young baseball card yes i have one if you want it email me at inyoface_1 yahoo com,sports,computers_internet
yahoo_05863,what are some statistics about how tourism affects local businesses i would assume that toursim impacts local economy by creating jobs and bringing tourism dollars into the community do you know any statistics or good information sources regarding this tourism is down by 70 percent this year for the month of april 2006 compared to last year's figures and thusly revenue for my hotel is down by 68 percent very relative don't you think,business_finance,business_finance
yahoo_01412,wheyther govt should spend more money on primary or higher eduation,education_reference,business_finance
yahoo_02753,how can you remove the copper from a penny post-1982 an acid dip will do it the problem being that the acid will eat the zinc too so use a dilute acid such as muriatic which is dilute hydrochloric acid nitric and phosphoric acid would also work make sure you don't use a concentrated acid as it is not needed and can be quite dangerous there is a good chance that a commercial ac coil cleaning solution inhibited dilute phosphoric i believe would do the job once the copper is removed make sure to use tongs to remove the penny and then rinse it well to stop the action of the acid,science_mathematics,health
yahoo_05356,debt negotiation thats a very broad question wouldn't you say n nyou can learn a lot about debt negotiation here,business_finance,society_culture
yahoo_02270,do you think god is real i do but do you most definitely sadly we tend to get too busy in our lives to think about him as much as we should those are the times to slow down and give thanks to him for everything he has done and presently does for us i try to take at least a little bit of time out every day to reflect on everything i have and thank him for making it possible,business_finance,family_relationships
yahoo_01244,what should i do i have just meet my father and he has been out of our lives for 11 1 2 ywears niow iam about to be 12 on may 5 and i don't know what to do every time i ask him something he is always saying i beg to much i also don't feel comfortable being around him he was abusive to my mother that is why i never saw him just make him clear if u r not important to than why he came be brave and confront him for ur 11 and half yrs coz u too have right to know why he came now and tell him that if he dont care for u than u dont need him,family_relationships,family_relationships
yahoo_05986,what country was rudi voeller's grandma born deutschland,sports,politics_government
yahoo_00772,is there a good women who will date a man who has six kids 3 in house i am 30 years old i have a good job i am a collage grad no,sports,family_relationships
yahoo_01736,do you fart in front of your husband wife i am not married but i fart in front of my mother she farts in front of me,society_culture,family_relationships
yahoo_05665,how far would you go to keep the love of your life especially if they moved on i tried to keep someone in my life not once but twice if you have to try and feel like your at the 75 yard line in enemy territory and playing against yourself you have to let go and move on,family_relationships,family_relationships
yahoo_05689,is muhaimin muslim or phillippine he is muslim,business_finance,society_culture
yahoo_02792,name some of the most obedient players if you wanna ask wat do i mean by obedient n ni mean who never fought with the refree if it was a foyul from his side he always told the refree who alswyas obeyed the rules thats wat i mean n ni am very sorry about the spell mistakes kaka andrea pirlo gianluigi buffon cristian zaccardo,sports,society_culture
yahoo_02060,is this the right time since february of this year i have had a crush on this boy that's in most of my high school classes he knows i like him but i've never had the guts to ask him if he would want to go out with me our last day of school is june 1st i don't want to wait until next year to ask him out so is this a good time to ask him out or should i wait it out until next year go for it girlfriend or you will regret that you didnt all summer,family_relationships,family_relationships
yahoo_05745,food stamp question i would like something explained to me please naccording to human services and the government the price of living and the cost of utilities have gone down my mother and i went to human services for food stamps to be told she will now receive 20 less each month even though my mother is now paying at least 30 more in prescriptions i do not go to the doctor since i am afraid of adding more prescriptions to the lot now i receive a letter saying that medical premiums and the cost per prescription is going up even more nexactly where has the price of living gone down that is what i would like explained i am already only eating one meal a day to make sure that every one else in the house could eat we use a microwave instead of turning on the stove to save from an extra bill i have called other agencies for help to be told they don't have the finances to help us in any way and now with christmas coming it's even worse no one cares about single people without young children ni am on ssi i dearly wish i could work but i suffer from agoraphobia panic attacks and severe depression the only way i could work would be for someone to offer me a job at home my mother receives social security from my father since she was a homemaker and also suffers depression and copd ni don't mean to be whining i just want to know where the cost of living and utilities has gone down it hasn't gone down my hubby and i are living on social security i have no health insurance but you think social services will help noo i won't be able to get medicare until i'm 65 3 yrs from now seems like no government agency cares not sure what this country is coming to,society_culture,politics_government
yahoo_02646,what regions in the us do wolves occupy can there be wolves in new mexico wolves were virtually eliminated as pests throughout much of the lower 48 states and is listed as a threatened species on the u s endangered species list although the species is not listed on the international endangered species list due to healthy populations remaining in canada scandanavia and russia n nonly minnesota had a healthy population of gray wolves canis lupus until re-introduction programs began a few years ago to bring wolves back into areas that they were once abundant in n ntoday gray wolves can be found in minnesota 2 500 michigan 321 wisconsin 335 montana 81 idaho 285 and yellowstone park in wyoming 271 this is in addition to the 7 500 to 10 000 wolves living in alaska and the estimated 57 000 that live in canada n nthe red wolf canis rufus was extinct in the wild until a captive breeding program and conservation initiative re-introduced a handful to north and south carolina n na similar captive breeding program and release initiative has also been used to try and return the mexican wolf canis lupus baileyi to the wild today there are about 55 mexican wolves in arizona and new mexico the u s endangered species list lists them as endangered but also lists them as 'nonessential' mostly due to pressure from ranchers n nso yes there are wolves in new mexico but not very many and they are the exceedingly rare subspecies of wolf the mexican wolf,science_mathematics,politics_government
yahoo_03205,how old were you when you stopped believing in the tooth fairy and santa when i lost my first tooth my mom slipped 1 under my pillow how deceiving she was and hey i still believe in santa he sends me what i want only in husband form hey i think i need to look into that one too seems like there are alot tricky people around here pulling the wool over my eyes,society_culture,family_relationships
yahoo_04736,how about having sex during periods i dont mind as long as you dont mind,health,family_relationships
yahoo_01927,insert multiple records at the same time to ms access database through asp page that has sql okay here it is my form has three text boxes and one radio group the 1st is called name the second is called title the third is called datesubmitted and the fourth is a radio button which lets you chose the recurrence and they are monthly and the other once is the user fills out the forms and selects monthly i want the asp code to insert the form data 12 times for example is someone fills the form and submits with monthly recurrence selected i want my ms access table to look like this n n nmax do this 1 1 2006 monthly nmax do this 2 1 2006 monthly nmax do this 3 1 2006 monthly nmax do this 4 1 2006 monthly nmax do this 5 1 2006 monthly nmax do this 6 1 2006 monthly nmax do this 7 1 2006 monthly nmax do this 8 1 2006 monthly nmax do this 9 1 2006 monthly nmax do this 10 1 2006 monthly nmax add a switch statement in the asp code that uses the radio button response for each case you can set a variable to be a string for example monthly yearly and so on then you just need to include that variable in your sql statement in the value for the right field any more questions and you can email me at yairs2000 yahoo com,computers_internet,computers_internet
yahoo_01975,who named god god or allah for that matter god named himself we just came up with nicknames,society_culture,society_culture
yahoo_03483,trigonometry problem help help i need desperate help on this math problem nas you stop your car at a traffic light a pebble becomes wedged between the tire treads when you start off the distance of the pebble from the pavement caries sinusoidally with the distance you have traveled the period is of course the circumference of the wheel assume that the diameter of the wheel is 24 in na sketch a graph of this function nb write an equation of this function it is possible to get a form of the equation that has zero phase displacement a the curve you need is called a cycloid look that up on the web n nb the parametric form of the cycloid is n nx 12 a-sin a y 12 1-cos a where a is then angular displacement 24pi circumference will be the period and it passes through 0 0,education_reference,science_mathematics
yahoo_03030,is it a sin to smoke if it is how big of sin is it i'm catholic if you are a catholic then yes nsmoking is a suicide and that is a sin in your religion,society_culture,society_culture
yahoo_00801,my boyfriend is not good at bed please advice he ejaculate in 1 minute nwhat should he do for longer fun premature ejaculation n n n nwhat is it n npremature ejaculation pe means 'coming too quickly' n nit's one of the commonest of all sexual problems recently we did a survey of several thousand british males and approximately 10 per cent of them said that they 'often' or 'sometimes' had this trouble n nwe found that it's commoner in younger men - which is not surprising as there's a distinct tendency for it to improve with age men generally get better control as they grow older n nhowever a 2004 survey in europe showed that middle-aged men still have this problem n nfortunately good treatments are available n ndoes it matter n nwell in most cases it does matter - because it makes people unhappy and frustrated and in severe cases pe can threaten or even ruin a marriage - simply because it spoils the sex lives of both partners sometimes the condition is so bad that the man cannot even manage to have intercourse because he invariably ejaculates before he can get into the vagina this can be devastating for a man's self-confidence and it can be hugely frustrating and annoying for his partner too n nhowever most men merely find pe a considerable irritation - a condition that makes them 'come' very soon after they enter their partners say after only one to two minutes so that neither party gets a lot of satisfaction n nwhat causes it n nfor many years sex experts have tended to say that premature ejaculation is caused by early 'conditioning' in other words the man's early rushed and perhaps furtive sexual experiences had to be quick - so as to avoid detection the idea is that all this hectic rush 'conditions' him to climax as quickly as possible n nhowever in our own surveys we have found that many men with pe say that they did not have rushed hasty early sexual experiences though others say they did these maintain that they were 'highly triggered' right from the start of their sex lives n nit's worth noting that from an evolutionary point of view it's probable that throughout human history males who climaxed quickly were more likely to have children in other words if you were a caveman who 'came' very fast you'd stand more chance of impregnating cavewomen - and therefore enlarging and strengthening your tribe - than a chap who took all day about it n ntherefore we feel that the tendency to reach orgasm quickly may often actually be inherited rather than learned n nfinally there's no question that anxiety or 'nerves' plays a part in many cases of pe if you're nervous you're likely to come too quickly that's why many males have discovered for themselves that a small amount of alcohol eases their nerves and makes them less likely to climax prematurely but we wouldn't recommend alcohol as a treatment n ntreatment n nso what can be done for pe n n n i very mild cases n nif you have very mild pe for instance if you can 'last' a good five minutes but would like to last 10 there's probably no point in going to a doctor why because you should be able to improve matters by simple 'distraction techniques' this means turning your mind to something else when you sense that a climax is near for instance you can n n nthink very hard about something totally unconcerned with sex n n npinch yourself hard n n nbite the pillow n n nsome men try to treat themselves with a local anaesthetic gel this product is advertised to the public as a good way to 'damp down' sexual sensation in the penis but we do not advise using it firstly because the local anaesthetic can 'dull' the sex sensation for the partner and secondly because it can sometimes cause a distressing skin sensitivity reaction n n n n n ii getting help for more severe cases n n nif pe is causing you more significant problems it is best to consul,family_relationships,health
yahoo_03055,best firewall what is the very best firewall on the market that uses the least amount of resorces try reading this site and you can decide here many of the lists are real good and uses little resources i do however reccomend zone alarm n na good firewall is vital and this explains about them and offers a list n,computers_internet,computers_internet
yahoo_03163,i would like to study medicine but i m not sure that is the best for me what qualities should good doctor have i have great grades in high school so that is not problem i know that i can finish that college but i am not sure am i the right type of person for the job if you are not allergic to studying biology as i am to chemistry then i don't see any problem in your taking medicine as career once your studies in college begin then there will be no problem whatsoever its only a matter of initial hesitation and starting trouble,education_reference,education_reference
yahoo_03562,is it normal that i have never met a black person i mean i go to a private national school and im 16 and i still havent talked to a black person not that im a racist or anything its just that i just never got the chance too will i have social difficulties next year in college or were all the same do black ppl have the same personalities as white ppl or are they more difficult to talk to peole are people,society_culture,family_relationships
yahoo_01073,what do you think about iraqis quit good people but i do i agree with others that some small portions from the population does tend to make a fake picture of iraqis i have met many iraqis they are quit elegant people strong courageous and many more but since the beginning o the 21 century the country has become segregated and now its in the tear of a civil war i hope something happens that will stop this but i think things are going to be better when america leaves iraq,society_culture,politics_government
yahoo_05609,what's your all-time favorite song and why only 1 song per person who it's by what it's called and why you like it simple enough highway 61 by bob dylan ni was wounded in the vietnam war and shipped to a hospital in japan when i work up much later highway 61 was playing on the radio plus i'm 61,entertainment_music,entertainment_music
yahoo_03990,can you help me please everytime i start my computer up i get a folder that comes up called system 32 why does it do this and how can i stop it microsoft support website has the fix n n luck,computers_internet,computers_internet
yahoo_04176,did you try out for canadian idol what round did you make it to what were the preliminary celebrity judges like what thats weird they have a canadian idol but cool i love american idol,entertainment_music,entertainment_music
yahoo_05494,which show is better sex and the city or girlfriends even though sex and the city tends to be a little over the top it is no lie the best show and it always will be girlfriends please it's like get a life,entertainment_music,family_relationships
yahoo_02374,what is a supplement mean in geomatry what do you do a pair of angles are supplementary if their respective measures sum to 180 degrees n nyou would subtract an angle less than 180 to get it's supplement,education_reference,science_mathematics
yahoo_05685,what does 'rate of depriciation mean ' what does it mean rate of depriciation has been increased in budget depriciation is what the government allows a business to deduct from one's income taxes it is like for usage or wear and tear a building can be depriciated over 20 years example it cost 100 000 to purchase the bldg over 20 years you can take 1 20 each year off your or the companys taxes ie 5 000 there are other depriciation factors that can be used this is called straight line and is a simple way to explain it to answer your question it would appear that one of two things have happen a number of expenditures were purchased over the year and therefore would increase the amount of depriciation or depriciation rates have been changed which is not a good thing to do,business_finance,business_finance
yahoo_04914,what does expedited mean to expedite means to speed up the progress of something,education_reference,society_culture
yahoo_02504,what is the exact web address to e-file your income taxes thanx for the assist there's not just one go to irs org and it will list numerous 'free' filing sites --- look for the one that will work for you --- ez or however you are filing it's easy and you will receive a confirmation to insure it worked,business_finance,business_finance
yahoo_00296,act of contrition in french you might want to try asking this question under society culture languages,business_finance,society_culture
yahoo_04589,if you could be an animal what would it be and why i'd love to be an eagle ruling the sky flying iup above whenever wherever i wanted no boundaries the sky is the limit and i'd feel sooo free with the wind passing all around me any big feline nfear nothing live in groups but not depending as canines do fearce elegant nthey are just great,business_finance,society_culture
yahoo_01834,where is the beginning of the universe the end of the universe there is a restauranut there,science_mathematics,science_mathematics
yahoo_02888,does anyone have soccer tryouts tomorrow if you live in ca and you play soccer and you are a teen do u have try outs tomorrow and for what team i have soccer tryouts tomarrow at 5 o clock,sports,sports
yahoo_02367,berlin wall - is this the way to take care of immigration - - - - n npics - n n the berlin wall kept people in not out the wall we would like erected at our border is to keep out illegal immigrants and anyone else who wants to enter our country without detection which includes terrorists criminals and drug dealers the people who want to enter legally would have to be screened that would also cut down on the chances of speading dangerous diseases into the usa it is a good way to help deter illegal immigration border security would take care of those who manage to get in illegally the border security should have the right to shoot on sight anyone who crosses at any point other than those designated,politics_government,politics_government
yahoo_00178,how do you determine if a function is differentiable at a certain point f is a piecewise function n nf x 2x 1 when x or equal to 2 nf x 1 2x 2 3 when x 2 nis f differentiable at 2 n ni know you have to find the derivative of both equations but then what plug in 2 into both derivatives and see if they equal this is an excellent question n nwhen dealing with non-routine functions you must go back to the definition in the case of a piecewise function like this you need to check that n nf' x 92 lim_ h 92 to 0 f x h -f x h n nexists from both the left and right directions n nfor your problem from the left 92 lim_ h 92 to 0- f 2 h -f x h 2 and from the right n 92 lim_ h 92 to 0 f 2 h -f x h 5 n nsince the left and right limits are not equal the function is not differentiable at x 2 note that if the 3 we omitted it would be differentiable and some would say that we should have verified continuity first n nchallenge n1 f x 0 x rational n x x irrational n nis continuous only at x 0 n n2 f x 0 x rational n x 2 x irrational n nis differentiable and continuous only at x 0 n ngood luck,science_mathematics,science_mathematics
yahoo_02276,where in the word is trivandrum great t v m situated trivandrum is a city located in the state of kerala in south india i havent been there but i am from the neighboring state not currently though locals calls it thiruvananthapuram its a nice place with beautiful beaches and all kerala is one of those states in india which gets its share of good seasonal rainfall no matter what so its always green,science_mathematics,politics_government
yahoo_02697,what can cause a yeast infection i hate ugly yeast infections can it be caused by drinking to much pop i know how i gotten it i was just wondering if that can be a factor vaginal yeast infections are caused by candida albicans which along with a few types of bacteria are normally present in relatively small numbers in your crotch sometimes the yeast multiply rapidly and take over causing a full-fledged yeast infection or in the heart-warming terminology of the medical establishment candidiasis or monilia this can be due to a change in the vaginal environment injury sexual transmission or hiv common environmental disruptions that favor yeast include increased ph increased heat and moisture allergic reactions elevated sugar levels hormonal fluxes and reductions in the populations of bacteria that are normally present these can generally be traced to a few categories of culprits n ntight clothing rubbing against you ncertain antibiotics nchemicals such as inks dyes and perfumes nhormones sometimes influenced by birth control pills nby spremicides on condoms or by sexual transmission n and having high levels of sugar in your diet such as too much soda pop,health,health
yahoo_02691,who is the chief executive of the red devils and who vacated the sit for him chief executive is david gill and peter kenyon vacated the seat when he joined chelsea,sports,sports
yahoo_05510,what is the main theme of this poem the childwho walks backwards by lorna crozier the main theme as you should be able to tell from reading it is parental abuse if you are unsure why then it is because the child who the writer knows can climb trees without any problems seems to be extremely clumbsy as far as his own mother is concerned this is most likely the mother making excuses for the child being beaten by her or another relative n nmy next-door neighbor tells me nher child runs into things ncupboard corners and doorknobs nhave pounded their shapes ninto his face she says nhe is bothered by dreams nrises in sleep from his bed nto steal through the halls nand plummet like a wounded bird ndown the flight of stairs n nthis child who climbed my maple nwith the sureness of a cat ntrips in his room cracks nhis skull on the bedpost nsmacks his cheeks on the floor nwhen i ask about the burns non the back of his knee nhis mother tells me nhe walks backwards ninto fireplace grates nor sits and stares at flames nwhile sparks burn stars in his skin n nother children write their names non the casts that hold nhis small bones nhis mother tells me nhe runs into things nwalks backwards nbreaks his leg nwhile she lies nsleeping,education_reference,society_culture
yahoo_05513,help i've met my super dream girl but when my hot girlfriend woke me up she's gone oh my god oh my god oh my god heeeeeeeeeeelp my real hot girlfriend is into my yehey again she scream like yahoo yahoo n nand i go like yabadabadooooooooo you and your girlfriend don't waste any time lol,family_relationships,family_relationships
yahoo_02545,my 16 year old son has high blood pressure i was shocked my son is 5'8 he weighs 198 but he plays footbal and he wrestles he has been an athlet all of his life he went for his physical for wrestling and his bp was 144 80 i was in shock to find this out because i always thought he was in good health his doctor is not sure if he can still wrestle she has to check with a cardiologist most cases of hypertension htn do occur in healthy people and all of us see and treatment pre teen and teenagers with htn an elevated blood pressure bp reading is not the same as having htn as such readins are common the diagnosis of htn is usually based upon 3 readings at monthly intervals and i prefer that these be taken at home shortly after waking up in that setting s above 115 065 should be brought to the attention of a physician,health,health
yahoo_01614,what is melissa ethridges new cd call plz the road less traveled it's a greatest hits cd,entertainment_music,computers_internet
yahoo_00245,what's the most i should have to pay to roll over a 401-k to a ira with the exception of annual account fees on the ira typically 25-35 you really shouldn't have to pay any fees what are you being told,business_finance,business_finance
yahoo_00879,wana go to amsterdam i have been smoking for 5 years and i quit a year and a half ago i joined the army well im getting chapterd out of the army for ptsd nand im gona be home in va in october and im going to amsterdam aneyone in fredricksburg manassas dale city wana go with me i hear that they dont let tourist smoke in amsterdam any more you have to be a local resident n nbut i would love to go if they do let you smoke still,family_relationships,family_relationships
yahoo_02413,if you could be the opposite sex for a full 24 hours what would you do typical answer here but i would want to have sex i'd love to know what it feels like from the other side n noh yeah and i would pee standing up that's the only thing i don't like about being female not being able to do this heh,entertainment_music,family_relationships
yahoo_02486,do any of you have ithyphallophobia fear of tents,health,society_culture
yahoo_01862,in an average human lifetime how many images does the human eye see if we assume the human lifespan to be 80 years and that we are awake 16 horus per day then this calculates to 1 681 920 000 seconds of wakeful seconds in a lifetime not counting leap year or other chronological adjustments the trick is to calculate the number of images processed per second n nthsi is a bit problematic because the eye doesn't really process one image at a time instead it takes a series of snapshots of the whole picture it sees and breaks it down into a mosaic of images therefore the eye does not see a tiger and a duck and a tree it sees a big grid og colors and shapes all put together into a pattern it does this many times per second n nif we assume that each part of the grid it sees is a different image then we can begin guessing let's say that the image grid seen by the eye is 1 000 by 1 000 pixels this makes a million pixels or images if this grid is refreshed 20 times per secodn then in a single second the eye sees 20 000 000 pixle images n nso in a lifetime the eye will see 20 million times the number of seconds of life expectancy 1 681 920 000 for a total of drum roll n n33 638 400 000 000 000 images n nin another approach if you assume that each image is an indivudual thing in the world like a duck or a tiger then the number of images seen per second drops significantly my guess is that my eye and brain together can recognize about 10 things in a second that drops the total number of images viewed in a lifetime to n n16 819 200 000 images n nfun to think about,science_mathematics,science_mathematics
yahoo_02689,i want to learn after effects 6 5 for free without any fees can u suggest any site which can take me to begi if u can suggest any site where i can find readymade 2d animations or site from where i can get after effects tutorials text or video from beginners to advance level and also after effects plugins not the demo one help me nothing is for free your time is worth something right nyou have to tinker around at first find a user forum and ask questions that aren't already posted like the rest of us,computers_internet,computers_internet
yahoo_01307,how to become a u s citizen it just occured to me that i don't know the official step by step prosess to becoming a citizen does anyone else it depends on how you become a citizen most citizens are born citizens which happens to anyone born in the united states or us territory unless they are born to a foreign diplomat and to anyone born to a us citizen as long as the parents lived in the us at some point n nto naturalize as a citizen you must first somehow become a permanent resident which can happen a large number of ways you must then remain in the united states aside from short vacations for a particular number of years depending on the basis for your permanent residence apply for citizenship and take a test,politics_government,politics_government
yahoo_03584,please explain about the causes of pseudo epilepsy the way to healing thanks i had epilepsy of some or other sort as a child i do not remember what kind though but i stayed away from all forms of stress that included me playing basketball i was very competitive in it i also tried to remain as calm as i could always and watched out for anything that i did watched spoke about ate etc and saw the different reactions to it and now i dont have it anymore i have stayed away from a lot of things maybe you could try doing this too i hope you get over it,science_mathematics,health
yahoo_04716,who is going to be a steal in next years fantasy nba draft why vlade divac,sports,sports
yahoo_04365,what do teen boys and men for swim wear i realised that most boys below 12 will wear swim trunks like men's brief and they would wear shorts is it because they do no thave a nice looking body that is why they wear shorts pants i realised only men age 25-32 will wear speedos you can sometimes tell by the length of their swim shorts how serious someone is about swimming occasionally you will see guys wearing 3 4 trousers then come bermudas and shorts if you're really serious about swimming and have the confidence to do so you can show up in speedos or jammers n nas for myself i am serious about swimming but i don't like the look of speedos or jammers so i wear a bermuda and a t-shirt,sports,family_relationships
yahoo_05197,what is larry the cable guys last name larry the cable guy birth name daniel lawrence whitney naccording to,entertainment_music,entertainment_music
yahoo_00805,i need an all ready made island krawk user look up for neopets can you give me a website with one i'm trying to help a friend please help my sister can make user lookups if you want to neomail her she maybe able to do it for you her username is dragonheat10 you can check out mine to see what she can do and she did her own user lookup she should be able to help you or make one for you,computers_internet,family_relationships
yahoo_02322,what will happen to turkey will it gain the access to be a member of europe union hi guys ı wanna ask your idea what will turkey do why europe union doesnt want turkey to enter europe union is it so hard turkey would be even more handy because turkey is a laic country can defense europe countries from east s terror your opinions if i burn my turkey today i promise to donate it to the eu,politics_government,politics_government
yahoo_02815,was abraham lincoln gay and if so does it matter at least two books which state this premise are available on amazon com don't listen to these people lincoln was flaming we're talking brokeback gay here it's rumored he wrote showtunes while on the toilet and had a beauty salon installed off of the oval office,politics_government,politics_government
yahoo_05511,how do u convert a recurring decimal 0 24565656 into a fraction pls show your working let x 24565656 nthen 100x 24 565656 nand 10000x 2456 565656 nsubtracting gives n9900x 2432 nso x 2432 9900 now simplify,science_mathematics,science_mathematics
yahoo_04274,what's the best way to keep a group of girls entertained tomorrow evening i have 4 girls coming over to my crib and they are coming from out of town then a couple of hours later i have two of my male friends join us but in the meantime i will be alone with the 4 girls n ni know 2 of them and they are cute i think both of them like me but i don't know the other two even though i think they are gonna be cute too because the 2 that i know are not gonna hang around no ugly girls n nso anyway can some girls give me some pointers on how i can keep the 4 girls entertained by myself so they are not gonna think i'm boring or lame n ni mean i can keep one or two girls entertained no problem but 4 girls is a lot and i'm just one guy n ni will have some drinks and some weed to smoke but what else can i do that will make them have fun should i try to get them naked show them your weenie that should keep them laughing for hours,family_relationships,family_relationships
yahoo_02100,do you know anything about credit scores is it true that insurance companies like auto home owners insurance check your fico score before giving you insurance rate if so why what is the correlation between having bad score and the insurance rate i would appreciate any help and any resources that you can point me too thank you im doing this for a school project yes and no your beacon score the number generated by the major credit bureaus is different from your insurance score the term used by insurers for the application of credit every company has a proprietary way of reviewing credit and the factors that determine your insurance score will vary from company to company your insurance score can be substantially different from your beacon score depending upon the weights and factors used by the insurance carrier n nfor your beacon score the key factors are things like paying your bills on time and not being maxed out in terms of your debt to availability ratio insurers won't necessarily place the same weight here and often look at factors like the types of debt you have the frequency with which you open new accounts inquiries and collections n ninsurance companies analyze risk the riskier your behaviors like running up 30 000 in credit card debt have an overall indicator that someone is less financially responsible than someone who has no debt keep in mind that insurance carriers are looking at the law of large numbers here as well of course there are great customers with a ton of debt small business owners for example but the state departments of insurance prevent insurance carriers from evaluating on a case by case basis and require that carriers file their credit review procedures n nalso keep in mind that credit is one of literally dozens of factors that determine premium like age driving record and address for auto or location claims and age of dwelling for home there is a direct correlation between having a lower insurance score and the frequency severity of claims filed interestingly the correlation is often stronger with regard to auto claims rather than to homeowner's as might be expected n ninsurance carriers are looking for any statistical data that helps them splice and dice risk if they could find evidence that supported saying blondes deserve better rates than red-heads they'd go with it insurance companies compete any many different levels and the company with the best ability to sort risks out into pricing levels will win in the long run n nhope this helps,business_finance,business_finance
yahoo_01413,why would gay marriage destroy the sanctiy of heterosexual marriage no flamers please only real answers i don't understand the reasoning there if 2 men get married it doesn't make my marriage i am heterosexual any less sacred in fact it doesn't affect my marriage at all in the long run isn't marriage between 2 people who love each other regardless of sex better than hate i have heard the argument that marriage is between 2 people who can reproduce but there are hetero couples who cannot conceive are you going to say that their marriage is invalid i think it should be a matter of choice i haven't seen any valid reasons for denying gay marriage i don't consider religious conviction a valid reason remember separation of church and state i agree with you completely n ni have always argued your same point lots of straight couples can't have kids so the arguement its not natural because gay couples can not produce children is moot n nwhat my neighbor friend or family member wants to do in his bedroom is not my business nor is the sexual gender of whomever he chooses to marry n nwhat is my business is equal rights thats why i don't just tolerate the thought of gay marrige i support it,family_relationships,family_relationships
yahoo_01076,calorie counter you know that sex is a good exercise recent study shows that how many calories are used for different sexual activities here is a result for you n nremoving her clothes nwith her consent - 12 cal nwithout her consent - 187 cal n nopening her bra nwith both hands - 8 cal nwith 1 hand - 12 cal nwith your teeth - 85 cal n nputting on a condom nwith an eraction - 6 cal nwithout eraction - 315 cal n npremiminaries ntrying to find clitoris - 8 cal ntrying to find the g-spot - 92 cal n npositions nmissionary - 12 cal n69 lying down - 78 cal n69 standing up - 112 cal nwheelbarrow - 216 cal ndoggy style - 326 cal nitalian chandelier - 912 cal n norgasamic nreal - 112 cal nfake - 315 cal n npost orgasm nlying in bed hugging - 18 cal ngetting up immediatly - 36 cal nexplaining why you got out of bed so soon - 816 cal n ngetting a 2nd eraction if you are n20-29 yrs - 36 cal n30-39 yrs - 80 cal n40-49 yrs - 124 cal n50-59 yrs - 972 cal n60-69 yrs - 2916 cal n70 - results are awaited good one i'll have to shpw this to my fiance who is 35 and give more of an incentive to continue,entertainment_music,health
yahoo_01705,how come that in the early days scientists found so many cures and now they are clueless scientists are not clueless however medicine is a big money industry an australian man found a cure for 80 of all ulcers however pharmaceutical companies tried to suppress his findings and prevented him from getting grants because all of the over the counter acid reducing drugs were becoming available in desperation this scientist ended up using himself as a test subject to prove his theory i never had ulcers and do not know what became of this but it is one small example of how corporations government and litigation can prevent cures from happening,science_mathematics,health
yahoo_03639,what kind of music is better hip hop or rock what r all u saying hip hop dominates and rules,entertainment_music,entertainment_music
yahoo_03903,why do worms come to the surface during or right after it rains only time you see worms is after it rains because they cant breathe in water drop one in a bucket of water and see how long it is before it dies,science_mathematics,health
yahoo_02284,what are the different contributions walt disney made to the community and around the world walt disney made a number of cartoons during the war to keep up morale,entertainment_music,politics_government
yahoo_05235,why are we here is it really just to ensure the continuation of the human race depends on what your belief system is personally i mostly lean to us being here for no real reason i don't think we have any greater purpouse but to live our lives to the fullest and do our part to the betterment of humanity which is why i'm spending my time here on yahoo answers oh that and i've got nothing better to do,business_finance,politics_government
yahoo_04870,i'm trying to get my 6 7 63 license are they as hard as everyone is telling me they are not as hard as everyone makes it out to be i am a former series 7 63 6 and 24 holder - who studied passed all the tests with a minimum of an 88 score for all 4 respectively n nthe reason many firms claim it is harder than the bar etc which is complete bs is that they are taking the first rate of passing for people who take the test the difference is - anyone can qualify to take the test therefore people with zero knowledge are taking it and failing it it is more of a scare tactic and motivational tactic for you to study hard and pass they like to compare it to other difficult tess but again the quality of the person on a whole taking the test is no where near the quality of someone taking the cpa bar etc - for they have hundreds of hours of course study - just to qualify for the test while the only requirement for series is 18 sponsored by a firm broker-dealer etc nin other words the population of series takers is poorer therefore more fail than other comparative tests n nstudy pay attention - and heres a tip - know your options strategies bonds and securities laws these account for roughly 65 of the total test the other challanging part is two fold a sitting there for up to 4 hours with a mandatory break in between the 2 parts - and b the nerves of having cameras watching you and waiting that precious 15 seconds to receive your score study take the practice exams - and again - know your options bonds and securities laws the equity portions are pretty straight forward,business_finance,politics_government
yahoo_01115,what time does south park come on this all depends on your location and cable provider i suggest contacting your cable provider for information on this issue,entertainment_music,computers_internet
yahoo_01911,how do i convert i have to convert inches to centimeters and pounds to kilogramms does anyone knows how i can do it multiply inches by 2 54 to get centimeters ndivide pounds by 2 2 to get kilograms,science_mathematics,computers_internet
yahoo_04195,when is tnt going to show reruns of season 2 of cold case they started with season 1 last fall but after the season 1 finale they went back to the pilot why they might not have season 2 i know w er it took about a year to add the new season on it's all up to who owns it ie nbc cbs etc,entertainment_music,sports
yahoo_00918,were can i listen to the exodus cd by plus one any clue as to were i can listen to it you used to be able to on plus one's website which was but that isn't their website any more i don't know if there is anywhere to listen to it if i find one i'll edit this post and let you know,computers_internet,computers_internet
yahoo_01590,i like this guy and i am going out with him but all my friends say that he is a bad choice because all we do is make out and they say we don't really have a relatioship but i donno i really like him a whole lot what should i do stick with my heart and stay with him or do what my friends say and dump him help do what you heart tells you unless he is taking you away from your friends then get rid of him who cares what your friends say as long as they stay your friends if the relationship is having a negative effect on your friendships then you might want to rethink it as they always say bros before hos and chicks before d well you know,family_relationships,family_relationships
yahoo_01891,anyone know about pcs please help my young freind has a compaq pc at the back of it there is a red switch he pulled it down and it blow up with a burning smell from the back anyone know what he has done and how to fix it if poss cheers sounds to me like the voltage switch if you mean the little red one that looks like the one in this picture n will require a trip to a computer store and likely some new hardware possibly just the power supply 50 or so but perhaps much more like the motherboard cpu and ram the psu probably got more voltage than it should have and the 'magic smoke' that makes it work leaked out n ngood luck,computers_internet,health
yahoo_05883,when does the nancy drew game danger by design come out in stores nancy drew danger by design comes out on july 11 2006,computers_internet,sports
yahoo_04712,can i use a shaving blade to shave me forehead a substitution for exfoliating is it ok to do it no buy the stuff and do it right like use a face mask or neutrogena or l o'real kit nshaving blades will give you like a rug burn scrap and will net exfoliate i promise it would cause pain and buring to exfoliate your skin buy the kits or facial stuff in the store its only like 5-10 bucks,health,health
yahoo_01117,idealized heat problem at noon on the day of the vernal equinox you decide to boil a liter of water to make tea but find that the power company has shut off your power you quickly construct a solar collector with a cross-sectional area of 1 m2 and go outside at 40 deg lat the sky is clear the collector is heavy so you lay it flat on the ground assume that all the solar energy collected is used to heat the water if the water does not lose energy due to radiation conduction etc as you heat it how long would it take to boil the water assume that the atmosphere is totally transparent to solar radiation the solar constant is 1368 w m2 on the vernal equinox the sun is directly overhead the earth's equator at local noon and we are told that the insolation under those conditions is 1368 w m 2 n nat latitudes other than the equator the solar energy per unit area is decreased by a factor of cos l where l is the latitude this is called the projection effect at 40 degrees latitude the incoming solar energy per unit area is therefore n n1368 w m 2 cos 40 deg 1368 w m 2 0 766 1048 w m 2 n ni'm assuming the question is asking how long it would take to bring the water to a boil not how long it would take to completely boil away the water n nin either case you are missing a key bit of information necessary to answer the question the initial temperature of the water let's assume that temperature is t i'll also assume that you are located as sea level so the boiling point of the water is 100 c n nthe specific heat capacity of water is 4 1855 j g degc and the density of water is 1 00 gm cm 3 so to bring one liter of water from temperature t to 100 c requires n ne 4 1855 j g degc 1000 cm 3 1 gm cm 3 100 degc - t ne 4 1855 10 3 j degc 100 degc - t n nwe have a collector with a 1 m 2 surface area so it supplies 1048 w 1048 j sec at 40 degrees latitude all of which we are to assume goes into heating the water n nwith these assumptions it would take n nt 4 1855 10 3 j degc 100 degc - t 1048 j sec n nseconds to bring the water to a boil n nfor instance if t 25 c t 299 54 sec 5 minutes to bring the water to a boil,science_mathematics,science_mathematics
yahoo_02121,what are the reasons of reduction of sodium chloride and potassium contents in the blood i want to know the reasons for reduction of sodium chloride and potassium in the blood what are the signs and symptoms of such reduction what damage does it do to the body how to maintain the optimum level of the two contents,health,health
yahoo_00125,does medicine get old i have these pain pills that i've had for years if i take them now will i get sick or will they not work because they're so old medicines expire the problem is that even after expiring some medicines work and some dont so its better if you just cheuck the medicines and get a new prescription,health,health
yahoo_03821,what do you think is the ideal age to allow your children to date i think 13 for a group date but one on one should be 15 or 16,family_relationships,family_relationships
yahoo_00438,why has one of my good friends stopped talking to me after he found a girlfriend here is the situation me and my friend knew each other for about 15 years we always talked and hung out one day he found a girlfriend and basically stopped talking to me he doesn't answer his e-mail and doesn't pick up his phone why do you think this is was this his plan all along or is his girlfriend to blame crack thats the sound of the p whip,family_relationships,family_relationships
yahoo_02218,what is the best way to move to a new city hire movers to do everything hire movers to only move furniture do it all yourself rent a u-haul truck and move it yourself you will save yourself a lot of money doing it that way and you can tow your car behind then i have moved across country doing that and believe me it is way cheaper than hiring a mover but if you want insurance on your items then hire a mover to do it for you that way you are insured for everything that is being moved in the event that something gets broken its totally up to you,business_finance,family_relationships
yahoo_05440,what do you do you are a college student who had hoped to get an a in a course that was important for your future career aspirations you have just found out you got a c- on the midterm study harder to increase your grade,business_finance,family_relationships
yahoo_00669,does skin seem to become dependent on wrinkle creams and look worse if you don't use it i use chapstick on my foreskin and if i mis one day it becomes cracked,health,health
yahoo_01679,medical nursing terminology pronunciation to foreign rns hi guys n ni am looking for a good reference book to teach nursing and medical terminology to foreign students with an emphasis on good pronunciation does anyone know of a good reference book to base this undertaking on stedman's medical dictionary for the health professions and nursing 5th edition n nin addition the bonus cd-rom packaged with the book includes all the features of the print edition and n nan audio pronunciation for nearly ever term nanatomical animations provided by primal pictures to help you comprehend key concepts further nand the functionality you need nbrowse by index wordwheel search nwildcard search nsearch in definition nuser dictionary,education_reference,education_reference
yahoo_04291,is gangully has enough capability to return indian cricket team sports yes gangully is a better player than other player's like sreesanth r p singh raina etc he is the most successful captain than dravid and other captains the selector's and captain rahul dravid give no chance to gangully for doing better they are saying that there is no need for gangully but he is made the team india i think he is enough capability to return cricket the captain and selector's not give chance because he is a bengali boy but one day will when bengali's are ruled in india then they see the selector's and the other community i think and whished that gangully will return to indian team like a tiger of bengal,sports,sports
yahoo_03684,which wwe wrestler has the best entrance music are you ready thump thump break it down dx of course,sports,entertainment_music
yahoo_05681,hello there please i want to know if yahoo messenger have it's regional office in nigeria and where it hello mr mrs we are happy to inform you that you have won a prize money of eight hundred thousand us dollar 800 000 for the month october lottery win promotion which is organized by yahoo messenger com every month yahoo collects all the mail id of the people that are online on yahoo messenger among the millions that subscribe to yahoo messenger we only select five people every month as our winners through electronic balloting system without the winner applying we are congratulating you for been one of the people selected nall participant were selected through a computer balloting system drawn from nine hundred thousand e-mail addresses from canada australia united nstates asia europe middle east africa and oceania as part of our international promotions program which is conducted annually n nthis is the reason i want to know where your regional office is in nigeria i also want to know if this mail is real this is just few of the mail there's still more thankx lets resolve this overdue question by bringing it to a vote,business_finance,computers_internet
yahoo_01602,what movie is the 1972 the poseidon adventure a remake of ok so i dangle a preposition in 1972 when the poseiden adventure came out i knew i had seen it before espicially when shelley winters turns out to be an underwater swimmer and saves the day then dies the original was in b w and i had seen it on late night tv well here is what i found there are a few ocean disater movies and here is a list of the black and white ones i could find n the orignal movie actually had 3 other film adaptations n beyond the poseidon adventure 1979 n the poseidon adventure 2005 n poseidon 2006 n nbut the first movie is based a 1969 novel by paul gallico it concerns the capsizing of a luxurious ocean liner by a freak wave and the desperate struggles of a handful of survivors to reach the 'top' now the bottom of the hull of the liner before it sinks n nnow alot of those older ocean disaster movies are classics and won many awards and i would bet are often showing on late night tv so the first one is not a remake but it does have many nthings in common with the other movies they are all ships they sink and they have great reviews,entertainment_music,entertainment_music
yahoo_01016,why we say god is a he in all religions nwhen we talk about allah-god nwe say he did he is ordering us n nsometimes i think that this is genderizing for allah which is not appropeate nallah-god is greater much greater than anything else amen ngod is neither a he or a she god is god and god has no gender because god is not a human i think god is indeed portrayed as a male or a female to all you feminists out there because humanizing god makes god's doctrines seem more familiar n nnow read that paragraph doesn't it sound weird instead of saying him i simply replaced all pronouns with god for writing to sound the least bit intellegent pronouns are necessary but your right why he she we need a pronoun for god that doesn't humanize him,society_culture,society_culture
yahoo_03812,why isn't there a university of phoenix in arizona there are two university of phoenix campuses in arizona one of them in phoenix,education_reference,education_reference
yahoo_01314,girls please answer best place for a date in melbourne dunno im not from melbourne dear nmay b a nice resturant,family_relationships,family_relationships
yahoo_01816,why do israel really want have a fight with palestine no body stop the israel even then pbb we already know that israel had done alot of sin but eveybody just shut up what the real answer because isreal is agod damn state plaestine is the country the invaded and made a state in they live on blood and if i had a chance i would go beet up the prime minister i am muslim but all kidz in mu class agree with me except for tha stupid jewish idiot ben sagerman,society_culture,politics_government
yahoo_02106,one word to describe your first sexual experience and why regrettful ni just did it to lose it and i did it so i was prepared for when me and my boyfriend were going to do it didn't want to be a virgin well he found out dumped me and i have always wanted him to this day that was in grade 9 and i am now turning 30,family_relationships,family_relationships
yahoo_00210,hypnotism for generalized anxiety disorder does it work does anyone know if going to a therapeutic hypnotist can help you with a generalized anxiety disorder been there done that the answer is no you dont want those people messing in your head either n ni am on paxil for it and it has stopped also god helps too makes you feel safe no matter where you are,health,health
yahoo_01701,ever wonder who the next god will be science maybe coz humans since the beginning of time have always wanted to believe in a superior being they just changed names or were forced to believe in someone's else's god zeus ra the sun i'm guessing even fire was a god once upon a time me of course,society_culture,society_culture
yahoo_01771,is this legal i am trying to buy a condo from a real estate company and they are offering me 50 thousand cash back is this legal nthe condo is going for 700 000 and they will give me 50 000 back at the close of escrow ni understand that it is my 50 000 that they are giving me but this sounds a little fishy nshould i be concerned and is this deal on the level nthank you for your time ngeoff sound fishy to me too i think they are trying to show an artificially high sales price to use to convince others to pay more for similar units than they would otherwise pay even if it is legal if you borrow the 50 000 in your mortgage you will probably pay around 100 000 in extra interest over the life of the loan,politics_government,business_finance
yahoo_01628,how do you start your job as a young actress take classes ndo plays nget headshots nmake a resume nget your image together for the types of roles you want nget an agent ngo on castings,entertainment_music,business_finance
yahoo_00528,police academy whats it like vets of the police force whats it like what certain thing's do you have to do it depends on in what city when i went thru the academy it was a lot of cops and sergeants pretending they were in the army and yelling at you and trying to break you down mentally you also had physical training in my city you were not required to pass physical training after the first month of the academy i began to realize that even though they yelled at you a lot it was all a mental mind game of them trying to break you down you had to be on time uniform clean and ironed and your work needed to be done you also had to work as a team usually if one person messed up you were all punished depending on the circumstances nit wasn't so bad i thought it was kind of funny,politics_government,politics_government
yahoo_01564,define the differences define the differences between embryonic stem cells adult stem cells and cloning everything you need to know about stems cells can be found on this page n n is creating a viable embryo that is an exact genetic copy of another animal or plant in animals cloning is usually done by harvesting unfertilized eggs from a female extracting the dna from an egg and inserting the extracted dna into another egg to substitute for fertilization cells other than eggs may also be used but eggs are easiest to work with,science_mathematics,science_mathematics
yahoo_00152,when is breaking benjamin coming to sacramento or clearlake any info about breaking benjamin coming to clear lake or sacramento if so how much are tickets where when and how also does anyone know if ben got a girlfriend thanks kaila currently they have no dates scheduled in nocal sorry,entertainment_music,business_finance
yahoo_00495,how do you remove a tree from private property there is a t intersection here where a huge tree sits on the left corner and blocks view of oncoming traffic even if you slowly crawl out your car will be in the way of cars coming at 60mph n ni've had numerous close calls both as the one coming out and when others came out unexpectedly a relative wasn't so lucky n nthe tree is on private property 100 acres of desert land no homes or fences so how do i go about requesting that it be removed i do not know who owns it can i put in a request to the city instead you should be able to find the owner through the courthouse also if it's close enough to the road it may be on city property and the city would be responsible check to see how far off the road is city property here it's 25 feet from the center of the road the city came and removed a nuisance tree from my property by my pointing that out to them,politics_government,business_finance
yahoo_05563,where was the ten boom secret passage during world war ii people often hid in secret passages it never existed,education_reference,politics_government
yahoo_03127,are us elections always held in the middle of a working week i wish it were held over 3 days like a friday saturday and sunday i just wish everyone that could would vote,politics_government,politics_government
yahoo_03615,how do i get back programs missing from my accessories don't know how it happened but i lost calculator paint and word pad from my accessories how do i get them back do a search for the items n nclick start - search - then type in nwordpad exe ncalculator exe npaint exe ndo each of these searches separately nonce it locates the file - find the folder it's in n n example c program files windowsnt accessories nso then you open - my computer - then double click each folder as you open them up n- c drive - program files folder - windowsnt - accessories n nonce you find them in the folder - drag and drop the icon in to your accessories section in the - start - all programs - accessories section or where ever you had it in before,computers_internet,computers_internet
yahoo_00724,will americans in the future have to work until the day they die since so many people born between 1946-1964 are going to be retiring they may need to work until they die but they wont be able to because they wont have a job thousands of american jobs are exported everday and many of the jobs that are'nt are stolen by illegal aliens in the future there wont be enough taxpayers and america will become a 3rd world country if you're a teenager i recommend that you emigrate to a rich european country and become a citizen then you will be able to retire and not live in poverty,politics_government,politics_government
yahoo_00357,my poop comes out like spaghetti and it sizzles am i ok it sizzles like pop rocks and wiggles about n nit's kinda silly n nam i ok n ni need to be held and cooed lmao this is so not normal you need to see a doctor asap,health,health
yahoo_00066,i wanna be a web designer what should i do learn html and move your way from there to other languages n ndo some research,computers_internet,computers_internet
yahoo_02214,hi i am new to yahoo answers and can you help me with my math final 1 evaluate 7x10 3 x 4x10 5 n2 solve the equation 1 3x 2 48 n3 solve x 2 6x 7 0 n4 simplify 5t 4 - 6 - 8f 3 - 4 6t t 3 n5 multiply 2x 2 - 4 2 n nif you tried but can t get the answer i still thank you for trying u r probably working on order of operations this might help nplease parantheses nexcuse exponents nmy multiplication ndear division naunt addition nsally subtraction n n1 7000 x 400000 2800000000 n2 1 144 x 2 so x - 1 12 n3 -3 - the square root of 2 n4 5t 4 - 7t 3 6t -2 n5 4x 4 - 16x 2 16,science_mathematics,science_mathematics
yahoo_00346,where did the f word originate and was it originally used as another word for sex f k is an english word which when used literally as a verb means to engage in sexual intercourse it is generally considered to be an offensive profanity its origins may be germanic akin to the synonymous german ficken which had the original meaning to strike n nit is unclear whether the word has always been considered vulgar and if not when it first started to be considered vulgar some evidence indicates that in some english-speaking locales it was considered acceptable as late as the 17th century meaning to strike or to penetrate other evidence indicates that it may have become vulgar as early as the 16th century in england although neither set of evidence is inherently contradictory to the other since many words have multiple connotations the etymology origin of the word is uncertain n nthere are several urban-legend false etymologies postulating an acronymic origin for the word one legend holds that the word f k came from irish law if a couple were caught committing adultery they would be punished for unlawful carnal knowledge in the nude with f u c k i n' written on the stocks above them to denote the crime,society_culture,society_culture
yahoo_01431,how many kb's are in one mb as in megabytes computer memory unit how many mb's are in a gb nkb's in a gb netc nthanks 8 bits 1 byte n1024 bytes 1 kb n1024 kb 1mb n1024 mb 1gb n1024 gb 1tb tera byte,computers_internet,computers_internet
yahoo_05186,looking for a multivariate equation predicting human lifespan in the u s want to show this to a h s math class want to show importance of family history dietary factors behavior etc here are some,science_mathematics,education_reference
yahoo_04715,you guys know who is manny pacquiao if so how do you know him manny pacquiao is a popular boxer from the philippines and the super featherweight champion with a recent beating of erik morales and an earlier victory over marco antonio barrera pacquiao is recognized as one of today's best fighters his next bout is a possible september 16 rubber match with morales,sports,sports
yahoo_02091,how did you find and get hired at the job you have now i actually found out through a friend how to apply i was 20 years old going to school and my dad said you know you should find out what it's like to go on an interview he said you don't have to take the job just see what it's like so i filled out a application they called for a interview and within 2 weeks i was sitting at my new desk where i've been for 16 years now,business_finance,family_relationships
yahoo_02877,how do i quit - i smoke i love to smoke but i know i need to quit so i tried chewing gum that worked for awhile now i have a chewing gum and smoke habbit ahh any suggestions i quit cigarettes a pack a day a few months ago and it was pretty easy everytime i wanted a cigarette i would smoke a joint instead great time quitting,health,health
yahoo_04781,how and why did people first think to use horses to make glue it just seems strange that people would use a horse for the best type of glue back in history of course how did this usage of horses come about was it just by accident or were horses ever bred for glue manufacturing n nas jerry seinfeld once stated i see a horse on the street hey wait a minute he can be glue this is a prehistoric technology cave men butchered their kills and made use of everything horse hooves are made of keratin the same as your fingenails boil it long enough and it breaks down into a sticky substance useful for attaching arrowheads and spear points to wooden shafts it's one of the oldest technologies known to mankind,education_reference,politics_government
yahoo_05263,question re rob big what happened to bb's eye i love both of them cool show,entertainment_music,family_relationships
yahoo_01854,do you like taylor hicks we're from the philippines and we simply dig taylor hicks my sister and i thought we were crazy because he doesn't look like the typical star but i read that he now has lots of fans and that even teenagers think he's cool too bad we can't vote for him i voted for him last night i don't think he will win but i like him he brings energy and he's unique,business_finance,family_relationships
yahoo_02724,lets see if you know about medical procedures hehehehe when you get your tonsils taken out its called a ntonsilectomy n nwhen you get your appendix out its a nappendectomy n nwhen you are a female and you want to become a male its called n n10 points to first right answer nleave email if want the answer addadicktome if wrong sounds good to me,entertainment_music,family_relationships
yahoo_02143,wisdom teeth please help i need some answers i just had my wisdom teeth removed on friday they were all surgical but they didnt have to put me to sleep yay nmy bottom left of my mouth is soo swollen the dentist had to remove part of my jaw to be able to take the tooth out and my boyfriend is going to be coming and seeing me on wendsday will my face still be swollen like a balloon at that time i hope not please help me out i had my wisdom teeth out on wednesday i didn't swell up that much but my right lower jaw is a little swollen and i have a tiny bruise on my chin my guess is it's from where the oral surgeon had to hold on to me i was put under for it though so i didn't feel a thing during the surgery i was just going to be given local anesthesia because i did not want to pay the extra money to be put to sleep but my mom freaked out and told me she'd pay for me to be put to sleep so i reluctantly took her up on it is your tongue sore mine feels like it weighs a ton and if i miss a dose of pain pills it hurts sooo bad i am happy it is finally over with though i am at work right now and on some of the pain pills and don't know how the heck i am gonna make it home lol i feel almost like i am drunk and don't know what the heck is going on n nanyway i got off track see i told you i don't know what's goin on nto answer your question no you should not be swollen when your b f comes to visit you alternate between cold and hot packs on your swollen jaw 20 minutes cold 20 minutes hot nalso do a lot of the salt water rinses especially after you eat you don't want food getting caught in there,health,health
yahoo_03517,how many pony express horses died and how all of them stop breathing and heart stopped,education_reference,health
yahoo_04918,ann coulter is just fill in the blank not afraid to say what everyone else is thinking,politics_government,politics_government
yahoo_01680,have nadine jesse split have nadine coyle an jesse metcafe split up ncause if they have maybe i could b in 4 a chance with him - i go on sky showbiz all the time and if they had split up it would of been on there n nso don't think so n nyer i could of been in there to n nshall we plan to split them up dnt know how n nooooh welll never mind n nplenty more fish in the sea p,entertainment_music,family_relationships
yahoo_00397,what happens when rock salt is applied to ice need to know scientifically for experiment for a paper daughter is doing the ice will melt because the addition of the salt molecules will lower the freezing point of the water sorry that my answer is not really scientific look at for more detailed experiments and info,education_reference,science_mathematics
yahoo_00268,what has been your biggest failure still smoking,society_culture,health
yahoo_03342,after adam and eve had caine and abel where did the next kids come from so adam and eve had some kids then what n nwhere did the next babies come from if there was only eve nif another girl who was the father of the next generation nwas it incest ok back then thanks if you know nif you don't know i like your opinion n nstef that is a great question that we will unfortunately never find the accurate answer to nalthough it only says in the bible that adam and eve were the first man and woman god created i don't think it ever said they were the only one's he created if your looking for answers regarding the bible ni'd also like to add that genetically it's next to impossible to have a healthy child created in incest especially as close as brother and sister if those problems exist now then reason says they would exist way back then as well so i think either god created more people or adam and eve were the first modern humans along the evolution chain i'm a bit undecided about it since i believe in god along with evolution kind of weird huh,society_culture,society_culture
yahoo_03319,what can be done about neighbors who keep a junky front yard and has 7-8 dogs in the backyard smelly when i want to grill out or sit in my backyard the animal smell is overpowering you need to call city hall and get the number to the code enforcement division every city has a code enforcement office lodge a complaint and they will send an inspector to do an investigation if there are violations then your neigbors will be cited and asked to make the adjustments necessary to avoid further violations they keep it confidential and will not tell your neighbors who reported them to avoid any possible retaliations n ni had to once report a family who was housing another family in their garage my only concern was that there were small children and infants residing in a cold poorly isolated conditions it basically forced their parents to seek proper living conditions n nbelieve me my way is the safest and the legal way to go about things,society_culture,politics_government
yahoo_05308,i got asked to go to a going away party for someone at work should i go the girl has always been really nice towards me she personaly asked me to go go for it unless youve got something else going on or you have something against this person i say you should go,society_culture,family_relationships
yahoo_04932,how high can michael jordan leap during his prime time what's the number of his veritcal jump i heard all kinds of numbers 48 46 44 42 does anyone have a solution please paste the source if you have one i've seen a website that shows he had a 46 vertical i'll see if i cn find it,sports,entertainment_music
yahoo_03298,icu nursing icu nursing n nstaff n ndirect patient care is provided by nursing staff that includes a patient care manager assistant patient care manager clinical nurses and patient care assistants there is a clinical nurse specialist for critical care who provides resource information for new or complex procedures and assists the staff and patients with care patient support assistants and unit secretaries provide supportive functions to medical and nursing staff n nthe unit is staffed for nurse to patient ratios of two to one one to one and one to two the skill mix ratio is 90 rn to 10 non-licensed personnel nurses have 12-hour shifts nnursing skills n npatients cared for in the icu include but are not limited to adults with the following n n disorders respiratory failure hemodynamic instability oncological emergencies septic shock liver failure multiple organ dysfunction acute lung injury ards and post-operative liver and pancreas-renal transplantation n therapies mechanical ventilation dysrhythmia interventions inotropic and vasoactive medication infusions and continuous renal replacement therapies crrt n monitoring invasive hemodynamic monitoring pulmonary artery lines arterial lines intracranial catheters ecg respiratory gas monitoring and capnography patients involved in research protocols are candidates for icu admission based on their clinical needs n nnurses in the icu are qualified to care for the most complex of critically ill patients continuous renal replacement therapy crrt monitoring and management has become a common treatment for critically ill patients who develop acute renal failure and are unable to tolerate conventional hemodialysis crrt demands a high degree of teamwork and is performed by physicians and nurses who have had an extensive specialized education in these therapies sometimes referred as cvvh or cvvhdf ncritical care training programs n nthe department of nursing's education division offers an eight-week critical care training program for new graduates or the acute care experienced nurse for additional information on this extensive and comprehensive training select training programs,education_reference,health
yahoo_03290,how many goals did steve bull score for wolverhampton wanderers in his career he scored 250 league goals 7 fa cup 18 league cup and 31 other goals making total of 306 goals in 545 games sheer class and this answer is from a liverpool supporter ha ha,sports,sports
yahoo_03667,another 10 point lottery fifth answerer gets 10 points because i'm that bored me nope too late,entertainment_music,entertainment_music
yahoo_01527,does anyone know of a computer magazine that tells you the basics of what to do with a pc that i can subscribe to and maybe its web site address pc world ndigit ncomputing,computers_internet,computers_internet
yahoo_04575,i want to buy a house but dont have any credit how do i build up my credit without getting a credit card go to a mortgage company and tell them you want to build up your credit thats what im doing and i got approved for a 125 000 dollar house,business_finance,business_finance
yahoo_00683,this question to a specific person this question is to a direct person where are you and why havent you called to check on your son okay this question isn't for me,family_relationships,society_culture
yahoo_04118,why do men lie about marrige men generally lie to protect their ego and just to show that they are never wrong but then the question is quiet general so really can't say that its only men that lie girls also lie to protect their pride and to avoid any embarracing 'in your face' situations,family_relationships,family_relationships
yahoo_00205,do you think marques houston is hot girl he's a cutie have you seen him naked in the music video,entertainment_music,entertainment_music
yahoo_01334,if you have met someone on the 'net how far did you go to meet them not asking how far you would go i am asking how far you have gone if you've really met someone from the 'net before n ni've gone about 3 600 miles it was over 1800 miles i was going thier anyway it was alot of fun and we had a great time she's dead now and i miss her,family_relationships,family_relationships
yahoo_02893,how do you alphabetize company names such as sbc sally's beauty sn t etc do you put sbc first before sally's beauty because sbc is an acronym first the acronyms then the others,education_reference,business_finance
yahoo_02133,does anybody know anything abt india war of independence i wanna know abt the revolt of 1857 where can i find pictures of the revolt ni'll be thankful to u the revolt of 1857 started primarily because of the introduction of the gun enfield the cartridges of the gun were greased with the fat of pigs cows had to be pulled cut with teeth this hurt the sentiments of muslims to whom by koran pigs are not to be eaten hindus to whom cow is a sacred animal the indian sepoys lead by mangal pandey from a place called balia fought against the empire they got support from all people around them you can search yahoo search engine for more details,education_reference,politics_government
yahoo_05616,what is the best way to clean out your ears q-tips work just fine just make sure the cotton on it is in tact because you don't want any cotton stuck in your ears afterward,health,health
yahoo_03408,the mornings after i drink alcohol i wake up craving steak or a cheeseburger why i drink a lot at night then i wake up craving red meat does it have something to do with losing some specific vitamin mineral during the whole dehydration process that goes along with getting drunk i suppose it is more because you have formed a habit,health,health
yahoo_03849,what are the simlarities between japan and u s art there are no similarities american art has no heritage where as japanese does,society_culture,politics_government
yahoo_00142,vietnam anti-war protesters found themselves on the wrong side of history will we see repeat the anti-war protesters in the 1960's mostly college kids are as about as popular and well recieved as a ugly fungus on your face after all the ugly history they have from spitting on returning soldiers in airports to their many protest that led no where most of these x-protesters from that era run from their shameful past much like one runs from fire if you notice they don't exactly have reunion parties and for good reason ndo you think the current deep thinking protesters nwill find the same fate as their hippy counterparts n nwhen the victory parades start will they be found nor will they live in quiet shame as the x-hippies do you are definitely on to something i think we will and are already starting to see a repeat they are entitled to their opinion and the exercise of their rights but it seems to me many don't think anything through before they run to their garage to make their signs and any person whether for or against that disrespects the men and women in uniform out to be ashamed those men and women are the real heroes of our time these protesters like the vietnam era ancestors have nothing better to do and honestly believe their fight is a righteous one like back then they will once again be proved wrong keep fighting the good fight,politics_government,politics_government
yahoo_05355,what is the reasoning for cruel and unaiding commentary i nkow the question why are people mean has been asked so many times here on yahoo answers but what i'm looking for is a little more specific than just asking why people are mean i almost hate asking a serious question to get real people's opinions and input just because of the people who add cruel and sarcastic remarks like you're sick or you need medical attention n nrecently on yahoo answers i asked a question about cannibalism and what today's society would make of that idea - but not once in my question of my additional information state what my personal opinion on the matter was when i started recieving ansqwers i got a lot of replys where people were callnig me sick or in need of medical attention how can one assess that i might require psychological aid when i asked a question to the public for their answers without revealing my own personal input n nwhy do people feel the need to add cruel and unresourceful unhelpful comments unfortunately my dear child welcome to the human race in the midst of the many enlightened people are the overwhelming amount of fools and idiots who make up the rest of the herd i plan on going and reading your question about cannibalism but back to your original question some people on ya are just after the points they have to answer something so they are derogatory it's easier to be flippant than to come up with a well thought out meaningful answer some don't read anymore of the question than just the tag line some are in serious need of medical help themselves bless them it gets worse over in the category of religion and spirituality trust me keep your chin up and realize many of these fools have nothing better to do it's not you it's them n nyour question on cannibalism was well thought out and yes yes i would to be perfectly honest,society_culture,society_culture
yahoo_05279,what ways can one help abscess heal faster i am already taking antibiotics levaquin and put a hot rag on it everyonce in a while to draw out toxins but i am wondering what else i can do to help this i have an abscess possible syst right on and below the waistline on the top part of bladder there is a sauve called bag balm it will draw the infection out of just about anything it is in a mostly green square tin i swear by this stuff try it,health,health
yahoo_03065,how can i install a firmware to adsl conexant modem how can i install a firmware to adsl conexant modem nthis modem lost the firmware dude u look exactly like borat from ali g,computers_internet,computers_internet
yahoo_01663,why teachers are underpaid for their work i think there are a number of reasons for this generally it seems that the powers that be don't really value work that was traditionally done by women also jobs that are perceived to deal primarily with child care aren't valued very highly there is a certain degree of resentment toward teachers because of vacation time without making allowances for all the unpaid overtime teachers themselves are by nature caregivers and sometimes don't get assertive enough in standing up for themselves n nit is interesting that teachers in canada are paid much better than in the us in many professions the reverse is true n nthose are some of my thoughts on the issue,education_reference,politics_government
yahoo_03062,cause of brown spotting a friend of mine fooled around on october 25th she didn't have real 100 sex because there wasn't real full penetration into the vagina and he was only fooling around for like three minutes and he didn't ejaculate the next week she had her period and she says she is 100 positive it was a period because she knows what her periods are like a week went by and then she started having brown spotting in her underwear it lasted for about five to six days n nshe has been very stressed lately been eating more fast food than normal and hasn't been getting much sleep lately could this brown spotting be because of the factors i just mentioned the chances of her being pregnant should be extremely small seeing how the guy didn't really go in past the folds of skin into the actual vagina and he didn't ejaculate and barely had any pre-seminal fluid that's normal after sex as well as menstration if she worried about being pregnant get an over the counter pregnancy test doesn't water it only takes once to get pregnant especially with unprotected sex n ni would also suggest she sees the ob gyn or her primary care if it contines,health,family_relationships
yahoo_01626,how long should you wait for a guy 2 msg before u realise he's not interested ok theres a guy in my class i really like ive recently asked him if he wanted 2 do sumthin last w e but he was going away and said maybe we could do something next w e which is coming up last night i sent a friendly msg to ask if he still wants to do sumthin i got no reply and i was wondering how long should i wait before knowing he's just not interested in me thanks you need dating tips here,family_relationships,family_relationships
yahoo_03936,devil joke lol one day an engineer died and went to heaven but st peter said n i can't let you in because your name is not on the list nso the engineer went down to hell and was let in nwell he stayed there for a couple of days and then decided that nit was too hot and everything was inaccessible nso he built flushing toilets air conditioning running water and a lot of other things none day god calls down and says to satan n so satan how's it down there in hell and satan says n well it's great i've got an engineer down here and he has build air conditioning nrunning water flushing toilets and i don't know what else he's gonna build next nthen god asks you've got an engineer down there n that's a big mistake send him up here right now and satan replies n no way this is the best thing that's ever happened to hell and god says n send him up or i'll sue and satan says smirking n n now just where are you gonna get a lawyer n nps alexis i have blocked all e-mails lol thats good,entertainment_music,society_culture
yahoo_01544,will the canucks make the playoffs that's really bad but they wont anaheim have a 3 games priority on them and vancouver haven't done anything good on the trade deadline to improve theirself,sports,politics_government
yahoo_02901,does my pic look sexy or cute be honest 99 100 sexy n98 100 cute n100 100 i am honest n n--handsomerockus,health,family_relationships
yahoo_00837,guys what goes though your mind when a woman says she is a model do you think she is shallow and is showing off do you think she is 'stupid' for choosing a 'career' that ends at 25 do you just roll your eyes and thing oh great not another one nare you happy that you can now tell your friends you have dated a model please no it doesn't matter as long as she has a big heart is smart and has a good personality 'answers' a woman with nasty cough cigarette breath,family_relationships,family_relationships
yahoo_03280,my old pc will not start up when i press the on button what could be the problem how cud i fix it 1 you check power supply board n2 you must be check power cable it looss or not n3 if your cpu fan not working open cpu remove all smps cable on mother board or hdd whatever nplease ensure to check all are tiny power cable of smps remove n4 green and black wire sort by a single cable power on nif the power comes up your smps is ok nother wise problem your smps,computers_internet,computers_internet
yahoo_03409,can some one give me some facts on skateboarding for a helth project depends on what you are lookign for for calories burned information on injuries may also want to search for prevelance of drug use among skatebaorders if going from a lifestyle-and-it's-health-consequences perspective,business_finance,health
yahoo_05049,if the radios is 10 ft then the diameter is diameter 2 times radius n10 ft radius 20 feet diameter,science_mathematics,science_mathematics
yahoo_04057,this is to all the women out there how-when-do you calm down after a fight with you boyfriend or husband my lady is been mad at me since two days what helps you to calm down even after you have been proven wrong it takes time but if u agree that u r wrong for the time being it will make her think for a while it gives two opportunities n 1 fight over n 2 you can talk about it freely,family_relationships,family_relationships
yahoo_04637,how long do you have to carry chlamydia before it messing up your system and you're unable to have children chlamydia can lead you to have pelvic inflammatory disease if it is not treated every woman varies may take months or longer every woman is different as to how long it may take for their symptoms to get worse and it is very hard to tell because with this sexually transmitted disease there a few symptoms it is very important to get tested and get treated for it to prevent complications the symptoms can include dischange pus from vagina n ngo to has alot of useful info xx,health,health
yahoo_02840,what are the names of therpresidents of all the countries there is no president in my country we have king and prime minister,politics_government,politics_government
yahoo_01519,do you guys think that a person citizen of other country who pays taxes and follows all the law do you guys think that a person citizen of other country who pays taxes and follows all the law but does not get all the right the citizen of the country in which he or she is in should what move to a better country or what are you asking if that is the case for sure go to a country where you get the privileges that come with being a good citizen,politics_government,politics_government
yahoo_02596,math question thal speed of 80 meters ptie formula h 80t-5t2 can be used to find the height h in meter of an object shot upward from the ground at the initial speed of 80 meters per sec after t seconds find the height after 4 seconds t 4 just plug in 4 for t n nh 80t-5t 2 nh 80 4 -5 4 2 nh 320-5 16 nh 320-80 nh 240 m,science_mathematics,science_mathematics
yahoo_03568,who had a nfl draft party not me,sports,politics_government
yahoo_05709,how does someone get in contact with the ceo of a company does anyone knows how to get in contact with the ceo of a company if it's a public company the name of ceo is listed on hoover's on line or even on yahoo finance under individual company information write a letter or even call the general phone number and ask for him her,business_finance,business_finance
yahoo_04573,guess what you think i am probably like as personality trait and features ten points to the correct answer well from looking at your previous posts you are a young teenager who likes answering questions about boys and dating you are smart have a great sense of humor even though some of your answers verge on being rude you are not really a rude person - at least not directly you feel your breasts are too small but if you are only 13 years old - you have a bit of growing to do don't worry about that - you are fine n nhowever i could be totally off mark and you are really a 42 year old guy with various issues just kidding,health,family_relationships
yahoo_05010,what is the most easy way to speed up your computer when it starts up step 1 u need to first clear up all the unwanted startup in the system tray becoz this lets all the unwanted programs running in the background to do this goto start run type msconfig select startup and then uncheck all the programs u think r not needed like for eg u might have msn windows messenger u can remove that becoz u dont need it at startup but be careful not to turn off any antivirus software in the system like for eg u find something like ccapp in the startup dont turn it off once u have done this click on apply and restart ur system n nstep 2 the next step would be to do a disk cleanup and disk defragmentor for this goto start programs system tools disk cleanup and then disk defragmentor it would take about an hour for this to complete it depends on the size of ur harddrive and the data u have in it basically wat this does is it gets all the files in ur system in order n nif still ur system is slow u can do some tweaks in the registry but it depends on how comfortable u r with that,computers_internet,computers_internet
yahoo_03261,where can you get your credit score for free you can get a free credit report and score at once a year most places don't usually give scores just the credit report but experian usually does,business_finance,business_finance
yahoo_05857,what does it mean if someone is labled a prep it is a social group usually in school where the person usually is very meticulus about their outward appearence including clothes hair makeup jewelry usually having to have the latest fashions people from this group also need to be well known they are usually outspoken in classes try to make many friends and usually belong to many extra curricular activities so they are widely known many times unfortunately these kinds of people tend to start believing that their own way of thinking and acting is the best way to behave and start to make fun of those not like themselves but they don't always behave this way and most other social groups do this also including jocks goths and even nerds n nnone of these social groups are any intrinsicly better than any other they simply all express themselves differently people from any of these group or many others can be wealthy poor smart dumb likable dislikable friendly or just plain asses,education_reference,society_culture
yahoo_01281,could you please tell me how to teach sts more about river ganges with different activities i wan them to teach them about river gangesby using different activities you don't say what level the students are at the ganges is a sacred river are you teaching a ri class if they're little kids why not have an enactment - get some water maybe a paddling pool or something and have them all submerse in it and pray to the gods etc this ensures going to heaven i believe but i'm not a hindu so you probably know more about it than i n ni have always found enactments really engage the little kids when teaching religious matters until kids are 9 or 10 it is hard for them to grasp anything abstract,education_reference,society_culture
yahoo_00169,have you ever been intamate with a member of your own sex yes it was fun,family_relationships,society_culture
yahoo_05962,how does angular velocity omega - ω act perpindicular to linear motion on the axis of the moving object for instance a wheel is rolling we have the following formula n nv r x ω n nwhere nv-the velocity in the direction of motion nr-the radius of the wheel pointed from center through which the axis of the wheel passes to circumfrence of the circular rolling wheel nx-the vector cross product nω-the angular velocity on the axis which is perpindicular to the plane of the wheel pointing to the left of the wheel n none sees the wheel rolling seen from either side what one cannot visualize is the fact that ω points in the direction perpindicular to motion and that the length of the ω vector arrow changes with the velocity of the rolling wheel shouldn't ω also be in the direction of motion after all ω being the rotational angular velocity is in the direction of actual motion of the wheel even the change in the length of the arrow is not perceivable as velocity changes n ncan someone explain this please give a practical answer rather than something read from the book the direction of rotation is the direction you look in when you see clockwise rotation it's the same as the positive axis of rotation sometimes called the spin axis it's also the direction a right-handed screw moves in when turned clockwise it may initially be hard to imagine rotation as having a direction like this but consider the inconsistency that arises when you think of it as being in the tangential rolling direction as you do now what distinguishes the motion of the bottom of the wheel from the top front or back these all point in different directions and there is really no reason that one should be any more of an indicator than another it's as if rolling it on the ground is somehow a higher priority than on the ceiling these directions and the direction the wheel rolls in all actually indicate translational nonrotary motions that result from rotation not rotation itself,science_mathematics,science_mathematics
yahoo_02741,engineering management or international business and management i've already finished my 2 years in automatics engineering in lithuania but i'm not satisfied with quality of teaching here so i decided to study in uk n n2 years ago i gained an ecdl and finished 1 year course in comp school i've some notion about programming but i don't like it very much n nand i want to word in management business environment n nplease help me to choose the course n1 engineering and management n2 computing business n3 international business and managment n ni want to get a job 80 000 per year n ni also don't like physics i can learn it but i quickly forget what i've learned it's hard for me option 1 will most likely bring the best financial return but it will certainly require that you stay technical in the engineering arena if that's what you want to do then go for it,education_reference,business_finance
yahoo_02773,how won the truck series race on friday clint bowyer,sports,sports
yahoo_00385,farenheit 11 is a big success here in brasil did you know we have more sence to critisize bush then some north-american who never saw the movie and will never undertand what a miserable litle crap bush is we know on tv newspapers etc cool,politics_government,politics_government
yahoo_05956,what's best free vba source code on internet hi there n njust go to n will find lot of vb resource there vb vba vb net etc n ncheers,computers_internet,computers_internet
yahoo_00522,who made this gay list of classics it infuriates me so much that certain books are considered classics i e the old man and the sea and romeo and juliet i mean it's not that some of these things are bad but merely that they are not exceptional romea and juliet is entertaining but it is not a literary masterpiece there are so much more enlightening books plays etc why this pap strictly speaking this does not answer your question but it might be fun to keep in mind that shakespeare whoever he was basically ripped off the story of romeo and juliet from some french novel or something that ripped it off from some other source that was an adaptation of an old greek story or something like that it might be better to judge shakespeare by some of his other works rather than the admitted fluff that is romeo and juliet,education_reference,society_culture
yahoo_05472,good laptop for video editing motion graphic design i am looking for suggestions regarding a laptop with which to edit videos author dvds and design motion graphics after effects of course the processor must be fast and it must have high capacity storage and a dual-layer dvd-r rw drive n ni spend between 3-4 hours a day on a commuter bus and figure i can get some work done and make efficient use of this time any suggestions n n mac's are the best for anything graphic,computers_internet,computers_internet
yahoo_01505,who does this who asks a question then quickly answers questions to make up for the point they lost asking it that's what i'm doing right now smartass,entertainment_music,family_relationships
yahoo_01340,what if there was another act on the homefront and the government delcared marshall law what would life be like seems more like wacko leftist dream to dream of such idiotic thoughts that could never happen oh what if those horrible neocons decided you had to pay for oxygen only the white rich oh and our best friends in hollywood could breath n nquit dreaming this up and start figuring out that your as much a part of the problem as those horrible people you dream about,politics_government,politics_government
yahoo_01110,i went web sex girls viduo you will get the virus from that website,business_finance,computers_internet
yahoo_03260,i heard that there was a town that went totaly and exclusively to the use of cell phone if true where is it not to sure but if i would to guess it would have to be somewhere in europe like in china maybe even new york but i am not to sure,business_finance,politics_government
yahoo_02185,if two kids don't want to fight in school then should there be a place they can fight or what do you think do you think that organized fighting of humans should be banned organized fighting for humans is lets say two familys or two kids don't like each other should they be aloud to fight in a boxing ring or something or do you think that all types of fighting should be banned i think fighting is just part of life organized fighting is legal however and if you want to fight someone that is the only way to do it legally but it is sometimes quite enjoyable to kick someones ss back behind the school after school as well,society_culture,politics_government
yahoo_04376,i am getting an mri on my neck monday morning what can i expect how long does it take,health,health
yahoo_01861,why evrytime i disk defragmenter it says at the end some file coud not be defragmented helppppppppp me could be any of several things n n n1 de-frag needs some free space to maneuver for example typically it needs about 15 of the total drive capacity to be open so files can be shuffled around during the fragmentation if your drive is very full you may not be able to de-frag it if this is the case try deleting some files moving files to another partition or drive or to backup etc n n2 errors on the drive may also cause this try running scandisk or chkdsk and fix any problems that turn up n n3 in-use files may not be able to be defragged either because they're locked and in use you can minimize the number of such files by running defrag only in safe mode or from the recovery console if you're really desperate to achieve near-100 nfragmentation you can run defrag several times in a row each pass may squeeze out a few more percent n nbut in nt 2k xp some files just won't get worked on much at all because they're always in use or protected in some way you'll probably never achieve 100 fragmentation but that's ok a low single-digit percentage of fragmented files doesn't matter much performance-wise n nso if you defrag and end up with a few percent of files left fragmented don't worry about it just defrag regularly--- every week or so is usually fine--- and you'll be ok,computers_internet,computers_internet
yahoo_04608,what are your top five all time favourite films people my list stated as below in no particular order n ntop gun commando lord of the rings trilogy hustle and flow pirates of the carribbean hustle flow npulp fiction nthe usual suspects nray ntop gun,entertainment_music,education_reference
yahoo_04545,how do you know when a man or woman is your soul mate when do you know you have met the right person i often hear people say they knew the person they were going to marry god showed them who their soul mate was is it a feeling or a dream that people experience it's diff for everybody some have a lasting relationship with someone they felt that they're soulmates some don't lasts in my opinion it's your soulmate if u don't even have 2 say anything and u both agree on something just by looking in their eyes you have that heavenly feeling everytime u talk see and be with that person when u meet the right one you'll know somehow it's built in inside our being that god put in us to find the special one it'll be hard 2 explain fully especially if you haven't experienced it but just the state of euphoria that comes after you get 2 know the person as if u can't breathe on your own anymore without him her and in your mind you'll do everything to be with him her no matter what,family_relationships,family_relationships
yahoo_03901,how is applications of differentiation related to calculus of variation an area of development in calculus of variation that is still ongoing napplication of use of the context of double soap bubble nkey equaion or theorem underlying study of calculus of variation nan example of another field of study that uses calculus of variation that has an impact on society in calculus of varations deals with minimization problems the most elementary of which is the brachistochrone this is the problem of the shape of a wire which provides the fastest path between two points for a marble sliding down it i don't know what applications of differentiation is,science_mathematics,science_mathematics
yahoo_02261,can you be your own isp what,computers_internet,business_finance
yahoo_01146,how can you convert english to korean for windows xp home edition you have to buy mui multi-lingual user interface for korean i know for sure you can install mui on english xp professional and i believe you can install the same stuff on english xp home edition but i would double check if i were you,computers_internet,computers_internet
yahoo_00755,can i make a good income from selling on e-bay i think so if you can sell something people need at a price that is beneficial to both of you n n i know of people who bring in a lot of money weekly via ebay,business_finance,business_finance
yahoo_00089,why people fell in love what its mean uhhhh this question makes no sense rephrase please,society_culture,society_culture
yahoo_05970,does the tenth planet 2003 ub313 have a permanent name yet it is not a planet n nit is still classified as a trans-neptunian object tno even though it appears to be larger than pluto in fact some people wonder if pluto is large enough to be considered a planet but it's unlikely anybody will downgrade it i heard a lecturer at berkeley say that pluto should really be classified as a 'double-planet' with its moon charon which is almost half its size n nin september of this year 2006 the international astronomical union iau will come up with a re-definition of how big something has to be to be called a planet e g does it have to be large enough to support an atmosphere at that time ub313 may become a planet and get a cool greek name,science_mathematics,science_mathematics
yahoo_01375,can you predict which 16 teams will appear to second round world cup 2006 brazil nargentina nmexico nportugal nengland necuador ngermany nsweden nnetherlands nitaly naustraila nspain nkorea nczech republic nfrance nsaudi arabia,sports,sports
yahoo_03249,how can i speed up windows xp turn off the luna interface all the graphics -- make it look like win 98 and it will speed up significantly especially on slower computers,computers_internet,computers_internet
yahoo_05950,how do the rise and fall of empires impact human societies empires from 600-1200 see luck,education_reference,education_reference
yahoo_02638,i am 37 and have a hard time remembering and learning easy what is wrong i think you should reword your question,health,family_relationships
yahoo_03226,what is pi that is 80 in greek language and also nit is 3 141592 that is the nenviroment of a circle 2r,science_mathematics,science_mathematics
yahoo_02662,how many people fought in the battle of shiloh how many on the confederacy and the union side also combatants nunited states of america confederate states of america ncommanders nulysses s grant ndon carlos buell albert s johnston np g t beauregard nstrength narmy of west tennessee 33 085 men and narmy of the ohio 32 000 men army of the mississippi 44 968 men ncasualties n1 754 killed 8 408 wounded 2 885 captured missing 1 723 killed 8 012 wounded 959 captured missing nfederal penetration up the cumberland and tennessee rivers nfort henry fort donelson shiloh corinth,education_reference,politics_government
yahoo_01987,does anyone know any websites were there are counslers therapists i need a website that offers counslers or therapists to speak to because i am unable to go in person thank you i don't know what kind of counseling you need but i heard of a place for young people called go ask alice nor you could search on line and see what comes up,health,family_relationships
yahoo_04885,sooo what do you think about myspace you all have one i bet everyone does by this time congrats if you don't all you myspacers what made you join and is it really helping you find old friends make new ones do you stalk anyone on myspace nyeah i heard they're making a movie about it too true or not it's a like cult i don't have myspace i think it's retarted n nno myspace is dumber than your name,society_culture,family_relationships
yahoo_05638,is toshiba 2540xcdt wi-fi compatible you should be able to use a pcmia wireless card in this laptop i suspect that usb port is not usb 2 0 so do not use a usb adapter,computers_internet,computers_internet
yahoo_04095,what is the capital of india new delhi n n,politics_government,business_finance
yahoo_03672,crafts on the wab whats the beast online crafts site do you mean on the web look up hgtv they have alot of stuff on there it all depends on what you like doing i like to sew and in summer i do wood crafts i also work in my flower garden susyq47,computers_internet,business_finance
yahoo_04153,how do i update my video driver it in s3g uichrome graphics card pleae tell me the exact link,computers_internet,computers_internet
yahoo_00682,what do you fill a punching bag with for a filler depends on the quality of the bag how much weight it can withstand and the density that you want it to be you can use old newspaper packed tightly inside old rags for a slightly more dense harder bag or even sand for a really dense heavy bag if you use sand make sure it is a top quality bag,sports,health
yahoo_00978,do you know any website on which i can find the email or telephone number of cricket players or do u know email of any pakistani cricketer players emails or telephone numbers com,sports,computers_internet
yahoo_02505,is everlast still with def jam yea he iz i checked it out,entertainment_music,family_relationships
yahoo_00060,i am a capricorn and born on january 14th what is my chinese sign anyone know please just curious you are the dragon n nhere is the daily horoscope for the dragon n ncurrent astral influxes will incite your mood to be edgy irritable and morose make a great effort to control your behavior and avoid useless clashes instead of nagging your spouse or scolding your children for trifles why don't you try to strengthen your ties with them guard yourself against spending too much indiscriminately don't put all your eggs in one basket you must show adaptability,entertainment_music,society_culture
yahoo_02036,do you think that children benefits from cochlear implants by age two or older im deaf and considering a ccochlear implant and is over two of course im 15 soo im jw yes definitely my opinion is the earlier the better i got my ci when i was 13 it was really tough for the first 6 months or so because i had to learn how to hear the world was so noisy and nothing made sense at first i really hated it but i finally got used to it and now i love it i hear so much more that i wasn't able to hear before with hearing aids n nso since you're 15 it will probably be harder at first like it was for me but you're still young and you can definitely do it,business_finance,family_relationships
yahoo_05021,do u hate preps as much as i do if so tell me why i hate preps because they think they are better than everybody else and when u talk to them they look at u likee you are stupid and get embarrassed to be seen talking to u maybe its the fact that they look at you like ur shit and are worth nothing or jus theyr stipud way of saying like at least 5 times a sentence like i saw this like guy that was like cute but like he was a metal head like and they are like u get it right,society_culture,family_relationships
yahoo_02159,what is a good executive gift for a female golfer no idea how well she shoots highly competitive and ambitious in everything subscription to any famous golf magazine for a year golf digest golf magazine etc would be nice a usga membership would be cool too,sports,society_culture
yahoo_01414,how can i find suppliers that sell to paretn teacher stores i am trying to open a buisness and i need to find wholesale suppliers i can't buy from stores that already have a mark up on supplies i have searched whole sale suppliers for education educational suppliers whole sale school supplies etc try this,business_finance,business_finance
yahoo_00789,would you marry someone with very different political views then you for example i'm really liberal and my bf who ive been dating for a long time is republican and we fight all the time bout political differences n nwhat party are you nand what party is your bf or gf and how do you work things out my daughter who is a democrat is happily married to a die hard conservative they don't talk politics nthe key is that you respect each other if you cannot agree agree not to agree and get on with life,politics_government,family_relationships
yahoo_03377,who are the hottest girls and guys 1 dulce maria n hudgens n boy-- nkeanu reeves and johnny depp n nfemale-- njulia roberts and reese witherspoon,entertainment_music,family_relationships
yahoo_04601,health help please the initial symptom of _____is a chancre it is usually a painless open sore that usually apprears on the penis or around the vagina na syphilis nb gonorrhea nc genital warts nd chlamydial infection this is at least the 7th one and that's not including the ones you posted using a different id n nlook up each of the terms and see which one fits best in the blank n nhere's a link to a bunch of so-called health help questions n n,education_reference,health
yahoo_00275,what r the symptoms of insolation increased risk of sunburn heatstroke and skin cancer id guess,health,health
yahoo_05040,how many tennis matches has roger federer won so far in his career according to this website hes won 478 matches,sports,sports
yahoo_05916,why do sweaty feet smell like corn chips my theory is because that is one of the main ingredients in corn-chips oils from the sweat glands of feet supposedly it's lower in cholesterol then hydrogenated vegetable oil,health,science_mathematics
yahoo_01769,does anyone have problems signing on to messenger latley i've had lots of problems with the sign on being slow and getting booted more than usual i've heard lots of other people saying they ve had the same problems also often yahoo profiles have been unavalibe too,business_finance,health
yahoo_02296,jews and tattoo's is it true that a jewish person with a tattoo can't be buried in a jewish graveyard as most have taken note leviticus 19 27 specifically prohibits tattoos so dont get one n nhowever no where and i mean nowhere does it say that one with a tattoo cannot be buried in a jewish cemetary to say that if one violates this law they cant be buried there would mean that if one violated other laws one could not be buried there either and that is nonsense would a jewish funeral parlor cemetary refuse a jew because he did not keep kosher obviously not n nso the idea that one with a tattoo cant be buried in a jewish graveyard is nonsense and there is no place that i have seen anywhere in jewish rabbinic sources that says this,society_culture,society_culture
yahoo_04217,i'm 42yrs old is my ex-wifes 30yr old niece off limits for me to be with does your ex-wife own a shotgun,family_relationships,family_relationships
yahoo_00410,wats the name of the cartoon baby that always says why i'm pretty sure it was a warner brothers character and its a baby and she's in nappies and everything you tell her to do or ask her she will answer in a really cute voice why i want to get some wav files of her voice she was so cute mindy from buttons and mindy on animainiacs nnancy carwright plays her voice i can't find why but here is a wave of her voice n near the bottom of the page,entertainment_music,family_relationships
yahoo_03211,why do wrestlers keep on change weight sometimes what they post on wwe com is not what you hear on the tv shows or the video games some is marketing bigger is better but it is also that large men have tremendous fluctuation in their weight an nfl lineman might gain and lose 100lbs every year wrestlers spend tremendous hours in the gym and burn incredible amounts of calories they have to work very hard to keep that muscle and not let it turn to fat 5 lbs change from one day to the next is not unusual over a couple weeks that can be significant,sports,health
yahoo_02372,which is the most reliable antivirus software which is free to downlode and which is full version not trial i heard that avg is good for now anyway i've used so many antivirus trojan spyware adware removal programs norton avg ad-aware spybot s d mcafee bitdefender microsoft antispyware whatever its called pc-cillin pest patrol etc etc etc n nright now i have avg bitdefender ad-aware and spybot s d all running and so far things have been fine to add an extra level of protection i would suggest using firefox as your default web browser its safer than ie,computers_internet,computers_internet
yahoo_05069,why are people so blinded by material expensive stuff i mean all that people around me in school work the bus stop in the streets etc talk about is how much money they spent on the shoes they're wearing the purse they're carrying the cellphone they have so on it's really annoying especially when you know that there are people out there struggling to make ends meet while others are out there spending money on unnecessary accessories boasting about it but the really sad part of all this is that many of these people i know it for a fact restrain themselves from purchasing necessary things even if they're broke just so they can be in look cool why is everyone so materialistic superficial well for a short answer - we're human nand if we didnt have wants and desires we wudnt be working to achieve or strive for it n nif ppl werent materialistic it wud be an perfect world but wud a perfect world actually be an ideal world,society_culture,society_culture
yahoo_00183,i want to be a lawyer when i grow up i need some ideas on how to get all that information please give a good answer so that i can rate it best then you will get 3 points this site gives good information n n,politics_government,business_finance
yahoo_01961,tennis im trying to learn tennis by next year could someone tell me the rules of tennis and explain the scoring without giving me a website just reading the rules and scoring of the game will not help cos the scoring is pretty confusing for a total outsider to tennis i personally suggest that before u start playing watch the tennis matches on television they teach u more than any book or website can provide once u start watching matches u will start understanding the scoring and rules urself and in a fun and interesting way,sports,sports
yahoo_00534,which computer is better faster and worth more i have p3 600 mhz 256 ram 80 gig hdd and amd duron 1 10 ghz 176 ram 20 gig hdd thinking about getting rid of one not sure which one according to me n nu shud put the 256 ram and 80 gig hdd on the amd proccessor and sell the remaining i e intel with 176 ram and 20 gig hdd,computers_internet,computers_internet
yahoo_04676,someone is deliberately ruining this i have been participating for about 5 days and have noticed that the questions have gotten way off base and out of hand maybe there is a tool among us winston churchill had a great quote about this n the best arguement against democracy is a 5 minute chat with your average voter n nin short people is stupid get used to it sorry to burst your bubble,politics_government,health
yahoo_03063,what's the episode title of the south park with the highway to heaven reference can anyone tell me the south park episode title where one of the kids is watching highway to heaven on tv and there's this little conversation they have where matie tells johnathon that he's a little b tch who wants to suck it i know it's an old one but i've never been able to see it since n nquite a tough question i realise but it made me laugh for about an hour afterwards and would love to see it again don't know since i havent seen that one myself nhowever there is a complete episode and title guide at n n luck,entertainment_music,entertainment_music
yahoo_05192,robbed christmas day can i still press charges two weeks later house guest takes 400 cash and a credit card while i was sleeping gone 7a m christmas morning when i awoke you have really had a long sleep st patricks day is over and easter is almost here n duh now i see it yahoo why are you passing us old worn out questions you must be checking to see if we are paying attention you got me this time but from now on i will be checking,society_culture,society_culture
yahoo_01682,what do you consider to be hate speech in the uk fundamentalist extremist muslims chanting for jihad against the infidel killing innocents for allah calling for bush's head and flying a flag of islam in front of all government establishments n nor citizens in the name of national security must purge their countries of isamic radicals hate speech is anything expressing hostility except hatred against whites christians or the queen n nanything else is proscribed especially hostility against non-whites non-christians non-establishment,politics_government,politics_government
yahoo_02997,how can i prevent varicose veins and spider veins you really can't prevent these things from happening a lot of it has to do with your genes and family history while there are some things that people believe will help like taking vitamins and such if it runs in your family your chances of getting them are much higher,health,health
yahoo_00779,i want to buy a gps for my laptop that will connect via usb what are my major options i will be using it with microsoft streets and trips i would make sure whatever you buy supports sirf iii and waas which will give you stronger satellite reception and more accurate positioning as long as the unit you purchase has windows drivers and is compatible with nmea v2 2 it will work with streets and trips n ni would actually recommend looking into a bluetooth gps for around 20 more than wired usb the cost of a bluetooth adapter bluetooth is much more convenient if you'll be using the gps frequently simply not having to deal with one more wire in the car would be worth it alone n n is a good spot to look buy usb or bluetooth gps's n ncraig n,computers_internet,computers_internet
yahoo_01684,need help wit some algebra 2 problem y 2 y-30 im trying to findhow y will equal 0 and another number its quadratics if it equals zero use foil y 6 y-5 0 n nso y -6 or 5 since -6 6 is zero and so is 5 - 5 n nif it equals another number subtract that from both sides to make it equal zero then use foil or quadratic formula n nexample y 2 y - 30 12 n ny 2 y - 30 - 12 12 - 12 n ny 2 y - 42 0 n n y 7 y-6 0 n ny -7 or 6,science_mathematics,science_mathematics
yahoo_00728,who sing cach me riding dirty its a song chamillionaire and its called ridin,entertainment_music,entertainment_music
yahoo_02129,christians what do you think of these song lyrics the lyrics won't fit into this area so i put them on a website here n n n n those of you who know who wrote this song please don't spoil the suprise it sounds like it was written by a new zealous believer who is immature in the faith we should use love and not condemnation to win the lost condemning a person for there sin only makes them mad besides we are all sinners in need of a savior also no one could kill jesus he gave his life because he loved us,society_culture,society_culture
yahoo_04079,n graphs after plotting points on the graoh sometimes we connect them why when to find out where all the points are on a graph nu should do it most of the time,education_reference,family_relationships
yahoo_00685,why maxican selebrate cinco the mayo i have a feeling that even if they lost that battle they would still celebrate it gives them yet another reason to drink and be lazy not that they need a reason they are mexican theyll do that anyways teehee im going to get hate mail arent i,society_culture,politics_government
yahoo_00077,how many people are there in congress 100 senators 2 for each state and 435 reps,politics_government,politics_government
yahoo_04581,how did charles henry turner die he was eaten,science_mathematics,sports
yahoo_05603,i need some help ok my ex bf broke up with my about a month ago and i love him so so much and i want him back i would do absolutely anything to get him back we were dating over 6 months how could i try to get him back plz real answers thanx sorry but it really wouldn't work move on that happen to me before and guess what it didn't work i got over it,family_relationships,family_relationships
yahoo_01524,what is the normal range of human blood esr i am a diabetes person i want to know if blood composition deteriorates with ages of the diseases men under 50 years old less than 15 mm hr nmen over 50 years old less than 20 mm hr nwomen under 50 years old less than 20 mm hr nwomen over 50 years old less than 30 mm hr ndoctor s do not base their decisions solely on esr results you can have a normal result and still have a problem nmoderately elevated esr occurs with inflammation but also with anemia infection pregnancy and old age na very high esr usually has an obvious cause such as a marked increase in globulins that can be due to a severe infection the doctor will use other follow-up tests such as cultures depending on the patient s symptoms persons with multiple myeloma or waldenstrom s macroglobulinemia tumors that make large amounts of immunoglobulins typically have very high esrs even if they don't have inflammation polymyalgia rheumatica and temporal arteritis may also have very high esrs a rising esr can mean an increase in inflammation or a poor response to a therapy a decreasing esr can mean a good response nalthough a low esr is not usually important it can be seen with polycythemia a condition where a patient makes too many red blood cells with extreme leukocytosis patient has too many white blood cells and with some protein abnormalities some changes in red cell shape such as sickle cells in sickle cell anemia also lower the esr,health,health
yahoo_02110,why are grown men so immature parents cause boys to stay immature society has less of a standard when it comes to male behavior females on the other hand are forced to mature or look bad we look bad being immature but are taught that its ok too n nplus most men and even boys don't have the brain growth women doing when it comes to maturing,business_finance,family_relationships
yahoo_02376,what is the healing process of chlamydia keep your damn legs closed,health,science_mathematics
yahoo_04068,how is trading in forex i tried 1 monthtrial account need suggestion should i go for the real ting now did you develop a successful trading plan n nremember plan your trade and trade your plan n nyou must read through this site before doing anything n n i am not associated with the site i am a budding day trader and this site has very good advice,business_finance,computers_internet
yahoo_01059,what is the botanical name of corn stems i'm looking for the botanical name for corn zea mays,education_reference,business_finance
yahoo_04767,what programming language should i teach myself i have only very basic skills - a bit of fortran i've forgotten and some basic on a commodore 64 i made it up to sprite collisions nmy goal is to write freeware games like bridge construction or a entrepreneur sim ni need easy to learn free or cheap easy to learn well you don't need programming knowledge to write freeware games go check out scummvm at sourceforge see source n nif you do want to learn a language start with c plenty of free compilers out there and it's not as hard as most would have you believe n njava is not a good suggestion it's hardly a revolution considering its age furthermore the only games i've ever seen written in java are web-based,computers_internet,computers_internet
yahoo_03977,your favorite basketball team and player no doubt san antonio spurs robert horry nthe spurs because they compete as a team on a good-sportsmanship level that rarely gives in to heated moments they set the standard by which all teams should be measured nrobert horry because when all the big guns were retiring taking their loot quitting big shot rob continued to give back to the fans is still a major contributor to the excitement of the game becoming one of the most winningest players in history his accomplishments may only be second to the fact that he is the most respected player past or present in the eyes of most nba greats are nows or has beens,sports,sports
yahoo_02589,paying children rothira or 529 i'm 40 and plan to pay my 2 kids approx 1200 year for helping in the family business my financial advisor suggested putting their money into a rothira advantage rothira's can be used for college or saved for retirement if they don't attend college but the salesperson thinks that's nuts if the kids do attend college the 529s are much better well i do expect they will attend college which alternative is better n nnow if i choose the rothira i would open the accounts in their names but 529's don't seem to work that way parents or grandparents open 529s in their own names for the kids' benefit right so how does that count as paying the children in terms of taxes lots of good advice but if the children are only 7 4 you have to ask yourself if there is a valid deduction for your business you would have to be able to convince the taxman that they did actually do productive work,business_finance,business_finance
yahoo_04684,where or what is r i s e laser technology for quitting cigarette smoking can anyone help out 20 quick tips to help you quit smoking n1 believe in yourself believe that you can quit think about nsome of the most difficult things you have done in your life and nrealize that you have the guts and determination to quit nsmoking it's up to you n n2 after reading this list sit down and write your own list ncustomized to your personality and way of doing things create nyou own plan for quitting n n3 write down why you want to quit the benefits of quitting nlive longer feel better for your family save money smell nbetter find a mate more easily etc you know what's bad about nsmoking and you know what you'll get by quitting put it on npaper and read it daily n n4 ask your family and friends to support your decision to quit nask them to be completely supportive and non-judgmental let nthem know ahead of time that you will probably be irritable and neven irrational while you withdraw from your smoking habit n n5 set a quit date decide what day you will extinguish your ncigarettes forever write it down plan for it prepare your nmind for the first day of the rest of your life you might neven hold a small ceremony when you smoke you last cigarette or non the morning of the quit date n n6 talk with your doctor about quitting support and guidance nfrom a physician is a proven way to better your chances to quit n n7 begin an exercise program exercise is simply incompatible nwith smoking exercise relieves stress and helps your body nrecover from years of damage from cigarettes if necessary nstart slow with a short walk once or twice per day build up to n30 to 40 minutes of rigorous activity 3 or 4 times per week nconsult your physician before beginning any exercise program n n8 do some deep breathing each day for 3 to 5 minutes breathe nin through your nose very slowly hold the breath for a few nseconds and exhale very slowly through your mouth try doing nyour breathing with your eyes closed and go to step 9 n n9 visualize your way to becoming a non-smoker while doing your ndeep breathing in step 8 you can close your eyes and begin to nimagine yourself as a non-smoker see yourself enjoying your nexercise in step 7 see yourself turning down a cigarette that nsomeone offers you see yourself throwing all your cigarettes naway and winning a gold medal for doing so develop your own ncreative visualizations visualization works n n10 cut back on cigarettes gradually if you cut back gradually nbe sure to set a quit date on which you will quit ways to cut nback gradually include plan how many cigarettes you will smoke neach day until your quit date making the number you smoke nsmaller each day buy only one pack at a time change brands so nyou don't enjoy smoking as much give your cigarettes to someone nelse so that you have to ask for them each time you want to nsmoke n n11 quit smoking cold turkey many smokers find that the only nway they can truly quit once and for all is to just quit nabruptly without trying to slowly taper off find the method nthat works best for you gradually quitting or cold turkey if none way doesn't work do the other n n12 find another smoker who is trying to quit and help each nother with positive words and by lending an ear when quitting nbecomes difficult visit this bulletin board and this chat room nto find a quit buddy n n13 have your teeth cleaned enjoy the way your teeth look and nfeel and plan to keep them that way n n14 after you quit plan to celebrate the milestones in your njourney to becoming a non-smoker after two weeks of being nsmoke-free see a movie after a month go to a fancy restaurant n be sure to sit in the non-smoking section after three months ngo for a long weekend to a favorite get-away after six months nbuy yourself something frivolous after a year have a party for nyourself invite your f,health,health
yahoo_03967,why do a pancreas and kidney transplant together have a better long term survival rate than pancreas alone it's not that they work better together it's just that you can't get a pancreas transplant without needing a kidney transplant as well the train of thought is that it is not worth all the antirejection meds and the surgery just to get off insulin shots but it is if you are getting off insulin and dialysis,health,health
yahoo_02470,all new windows open at 4x5 inches not full screen how can i correct this whenever i open a new window its only 4x5 it never opens full screen it use to not any more why and how do i fix this i know i can strech it from corner to corner and i can enlarge it by clicking the center box on the top right i want the window to open full screen i hope i have explained myself clearly as you see i'm not very good at this computer stuff you guys are my saviours thank you right click on icon go to properties and change the run setting to maximized,computers_internet,computers_internet
yahoo_04124,describe family insect insect nit starts with the male cockroach then it finds a female cockroach which actually doesn't need a male to reproduce nnext thing you know you have a whole family of cockroaches in your house it's gross get an exterminator,family_relationships,family_relationships
yahoo_03117,how do i set a pass word on my computer so know one can use it if you have an old computer go to where you set the screensaver up and then check the box by the screensaver that says to use password and then set your password every time the screensaver comes up you have to enter the password to get back on this is how you do it if you have windows xp n ncontrol panel nuser accounts nchange account or change password i think you can handle it from there,computers_internet,computers_internet
yahoo_02047,why do you ask questions on r s are you seeking wisdom knowledge information entertainment n ni do it to try and get people thinking about things that are personal to them - i want them to answer from the heart rather than rehash what they were taught what i have been taught by god is inbedded into my heart and has become what i really do feel because i stand in complete agreement and acceptant of the word of god being the total truth praise the lord,society_culture,society_culture
yahoo_04944,in soccer what is the difference in philosophy between a 4-4-2 formation and other formations like the 3-5-2 i'm giving examples on 4-4-2 3-5-2 and 3-4-3 n nin the 4-4-2 system the two fullbacks will support the attack at will making it 4 on the wings 2 in central midfield spreading the ball and 2 strikers ready to attack the ball in the box while defending the 2 wingers track back and help out making it 4 on the wings 2 in central midfield and 2 centrebacks marking their strikers nbasically the 4-4-2 is a very versatile formation capable of attacking and defending n nin 3-5-2 the 3 defenders would most of the time be sitting back compact the 2 wingers are in charge of attacking down the flanks and the 3 midfielders in the centre are crucial to the success of 3-5-2 they have to win the balls in central midfield in defence they have 2 at the sides against the overlapping fullback 1 defender would be pushed out wide and 1 central midfielder comes in n nin 3-4-3 the 3 defenders again stay compact in defence nthey rarely push forward in support of the attack the 3 strikers are the key along with the attacking midfielder they are supposed to pressure the defenders into mistakes and give away the ball and the 2 side strikers move out to help the 2 wingers and they basically more men around the box than usual,sports,sports
yahoo_00387,should the government fund religious schools yes,politics_government,politics_government
yahoo_03465,i wan to pause a sentence and i need an english professional or a native to correct it for me my sentence is n ni have received a request by your name nis this a correct english sentence if not what is the correction if i understand you correctly it could be n ni have received your request or n ni am in receipt of your request n nyou may want to add dated may 10 2006 or whatever the date of the request is to clarify is thath what you mean if you are looking to say that you received a request of a third party and would like to include the name you could say n ni received john doe's request or n ni am in receipt of john doe's request n ngood luck,education_reference,business_finance
yahoo_01774,how many people die from volcanoes from the year 1996 to 2006 and where can i learn more about this informatio i got a project for class and i need to make a graph about some kind of numbers for volcanos i cant figure any out and not sure what i want to do answer question or tell em some good information about some stuff that is simlar to this it needs to be with a 10 year span of time thancks for your help from all of u that are helping since 1996 there hasn't been any deadly volcano eruptions registered nhowever before that there been many fatal ones n ndeaths volcano when major cause of death n92 000 tambora indonesia 1815 starvation n36 417 krakatau indonesia 1883 tsunami n29 025 mt pelee martinique 1902 ash flows n25 000 ruiz colombia 1985 mudflows n14 300 unzen japan 1792 volcano collapse tsunami n9 350 laki iceland 1783 starvation n5 110 kelut indonesia 1919 mudflows n4 011 galunggung indonesia 1882 mudflows n3 500 vesuvius italy 1631 mudflows lava flows n3 360 vesuvius italy 79 ash flows and falls n2 957 papandayan indonesia 1772 ash flows n2 942 lamington papua n g 1951 ash flows n2 000 el chichon mexico 1982 ash flows n1 680 soufriere st vincent 1902 ash flows n1 475 oshima japan 1741 tsunami n1 377 asama japan 1783 ash flows mudflows n1 335 taal philippines 1911 ash flows n1 200 mayon philippines 1814 mudflows n1 184 agung indonesia 1963 ash flows n1 000 cotopaxi ecuador 1877 mudflows n800 pinatubo philippines 1991 roof collapses and disease n700 komagatake japan 1640 tsunami n700 ruiz colombia 1845 mudflows n500 hibok-hibok philippines 1951 ash flows,science_mathematics,science_mathematics
yahoo_03919,why do we wash the bath towel when we are clean while using it because the more water it absorbs that days go by nit starts to smell like mildew,business_finance,society_culture
yahoo_01732,is ireland in the world cup if so have they qualified no on either count they failed,sports,sports
yahoo_00388,how do i get a pix of a cartoon in sted of a smilly faceinlittle box and how do i put it on create an avatar first just search for it on your yahoo browser then when you edit your settings select your avatar,business_finance,computers_internet
yahoo_04907,wat does a grl want from a boy the most physically - big arms no i really mean arms all the easier to hold me with n nmentally - intellect all the better to argue with n nbut most of all nromance - all the easier to make up after the argument,family_relationships,family_relationships
yahoo_02547,what were the songs sung in sydney olympic games closing ceremony jimmy barnes midnight oil kylie minogue slim dusty christine anu john paul young sang songs in sydney olympic games closing ceremony in 2000 what are the names of songs sung by them kylie minogue dancing queen njimmy barnes working class man nmidnight oil - beds are burning nslim dusty - waltzing matilda nchristine anu - island home,entertainment_music,entertainment_music
yahoo_04619,how do i take blocks off of my computer i have a school computer and they block just about everything and i was wondering how to unblock myspace and yahoo games xanga tagged and vampire freaks you need web based proxies cgi php and others they will act as an intermediary between your computer and the myspace server n nhere is a list of proxies to access myspace com they are rated according to the their speed to load myspace com in top5 and listed all on the proxies page n n me if it helps to get in n n hope i helped,computers_internet,computers_internet
yahoo_01254,re hard drive here is my next question n nwhat is the purpose of splitting your hard drive n nwhat kind of benifits come from this i thought it was unless until a few months ago when my pc got infected by a stupid worm if u split ur hard drive u can format one the system hard drive and then transfer everything into the other hard drive without having any of the things uve transfered gone with only 1 hard drive format the pc and all ur songs videos docs will be gone n ni learnt that from the lab technician,computers_internet,computers_internet
yahoo_04410,what to do i'm a good-looking guy girls always look my way but i just ended a 41 2 year relationship i think my mojo is dormant i'm interested in asking out a girl but being 26 yrs old i think i've out-grown the whole whats your thing not to mention i am sorta shy i have confidence in myself for-sure but don't know how to break the ice take your time you just got out of a relationship enjoy life as single first why do you want to get in another relationship so soon,family_relationships,family_relationships
yahoo_01597,can anyone please tell me wat is wrong with being gay politically speaking why does everyone hate them they have not done anything to use just another scapegoat to blame society's problems on and a way to divide people there is a massive misconception in the us today that this is a christian nation and that certain people behaviors should be condemned funny thing historically speaking every time a single religion comes to power that nations folds in on itself,politics_government,society_culture
yahoo_04618,anyone know of a good html editor for windows free bbedit works well but is only mac software i'm fine hard-coding in notepad but an application would make this so much easier thanks html kit is one of the best with lots of plugins it also supports some advanced features only found in commercial solutions e g macromedia homesite such as built in ftp server and server mappings for server sided languages such as asp aspx php n nits syntax highlighting engine is descent but not the best however this is by far the best free solution you can get,computers_internet,computers_internet
yahoo_03775,does you job bore you to death yes 10 hours in a computer lab with little to do and no windows,business_finance,computers_internet
yahoo_03314,will watford get to the premiership via the play-offs they've done well this season but leeds will be the team to beat but you never know in the play offs good luck anyway,sports,sports
yahoo_04899,can someone tell me the name of all the big international companies along with their owners also what the companies do or what products they sell what's big any particular sectors manufacturing service etc n will have a lot of data on all publicly traded companies in the us and will have some data on large privately held firms,business_finance,business_finance
yahoo_03269,religion what is it good for it has and creates war all over the world i have many religious friends specially i have many christian friends but what often amazes me is howe sure they are on things and pity me that dont belive in there god for me god is a great power i see god in everything that is good i see god in friends and family in the beuty of the nature i can't belive that in 2006 some people belive the earth is just a few thousands year that noah had 2 of every animal on a boat what a size that boat most had and the bible many many chapters where left out who did that god or humans in the beging christianity was split in many beliefs who decided what was right god or humans if god want me to go to hell just because i like a drink sex before marriage dont belive in the bible or asking questions if he exist well down i go my god likes that people do the best they can and not hurt eachother well said carina n ni'd recommend you read a little more about deism n nupdate nin fact the very mention of your questioning religion and see the type of responses you got you are a humanitarian and have spoken your honest peaceful mind but people lash out with murderous vengeance,society_culture,society_culture
yahoo_05875,do you know the cost for installation plexicushion tournament on a 12mx12m tennis practice field ask a specialist or a person whose job is to do such things nsorry but i do not believe anyone here can be precise,sports,society_culture
yahoo_03653,can i cancel my yahoo music and messanger yeah stop using them and the account will automatically expire after six months you can also manually delete your entire yahoo account,entertainment_music,computers_internet
yahoo_04123,i want to make an account in outlook express anthere required http and smtp please give me the http and smtp if you are talking about receiving yahoo mail then it depends on whether your email address ends in com or co uk n nif it ends in co uk then i think the settings are n nmail yahoo co uk for the pop3 address and smtp yahoo co uk for the smtp address n nyou will not need http info if my memory serves me n nalso you will need to enter your yahoo id and password for it to work n nif it is for another service then it depends the settings are different for each service n nhotmail is the easiest to set up in oe because the settings for it are already there,computers_internet,computers_internet
yahoo_04278,does the future belong to china it is too hard to tell right now but that does seem to be a good guess at this point their economy is growing at an insane rate and their population makes the us look like a small village n none problem for china though is the unity of the people from what i have heard many of the chinese in rural areas and in certain sections of the country do not feel a strong attachment to the government and some even want independence the repressive government is also not helping matters with such a large area and so many people it is very difficult to maintain unity n nit will be interesting to see what happens but i hope if the future does belong to china that it will be accompanied by rational and democratic reforms and an overhaul of their human rights policies or lack of,politics_government,politics_government
yahoo_04850,were can you sell used college books at many places depending on where you live try half com where you can list the books and when someone wants to buy your book then they will contact you also try your college the college i go to does a book buy back if they will be using the same book next semester also there is a store near by where i live called mckay's books and c d 's they don't give much for your books but you may have something similar near where you live that may give more and lastly if you know that the books will be used next semester try selling them to other students post an ad in your schools newspaper or on a bulletin board around campus,education_reference,business_finance
yahoo_05286,where do i go to find free lyrics for southern gospel music also looking for any lyrics sung by the primitive quartet on their hominy valley ii cd go to a southern baptist church ask for a broadman hymnal has all familiar hymns in it if you re in the real south go to black churches for the real thing,entertainment_music,entertainment_music
yahoo_00122,whats the best all around walleye fishing plug river fishing below dam in the southeast need a great walleye catching secret if u have any tell me your secret to catch them any baits like artificial or live yoziri hard cores bule silver and golden brown with orange bellies and lindy munchies blue with a green tail,sports,society_culture
yahoo_05902,whats your annual income and what do you do and how old are you my income is the total of all of my salaries interest and investment returns i am old enough to know better but to young to tell,business_finance,family_relationships
yahoo_03906,how can i fix internet explorer shut down errors i will be working normally in internet explorer then it pops up the error reporting window that internet explorer has encountered and error and needs to close i then have the option to send the error report or not then i have to restart what i was doing this seems to have started after a program i loaded addded google toolbar to my internet explorer could this be the problem nhelp that always happens with ie fix it this way nhit on start control panel add remove hit on set program access defaluts con when that is set right hit on explorer icon hit on properties then hit on advanced tab then hit on restore defaluts then restart your computer in safe mode recommended start work on the infected computer go to safemode on ur pc restart pc as pc is starting up keep hitting on f8 key you come to menu a go to safemode hit on enter then enter again pc will go to login screen go to ur admin name hit on that nthen run da scan to find that spyware malware trojans nwhen found delete then restart pc,computers_internet,computers_internet
yahoo_03934,is 28 months in prison to lenient for lynne stewart 28 months is pure baloney n nshe committed an act of treason they left her off easy because she'd been such a fine citizen before that no she was not a good citizen she committed treason while appearing to be a good citizen n nshe asked to live out her life productively again i say baloney she did the crime she can do the time n ndid i mention that she committed treason in most countries you get the firing squad for that,politics_government,family_relationships
yahoo_05953,recovery hi n ndoes the xp recovery recover r bin deleted file recycle bin cnet tech specials kroll ontrack's easyrecovery professional 6 04 from download com,computers_internet,computers_internet
yahoo_01513,argue against the continued need for title ix how has title ix negatively impacted our society positively how has it affected the work place military and the athletics programs in schools yes,sports,politics_government
yahoo_03370,html - code to provide multiple links for next buttonq hi does anyone know the code to create a next button that will take you to the next page as seen on search results i know basic html link code but it would only bring you to one page any help would be appreciated thanks what you're really looking for would require a more dynamic web language such as asp or php however you can still fake a next button n non page 1 n n a href 1 html 1 a a href 2 html 2 a a href 3 html 3 a a href 2 html next a n nand then on page 2 n n a href 1 html prev a a href 1 html 1 a a href 2 html 2 a a href 3 html 3 a a href 2 html next a a href 1 html 1 a a href 2 html 2 a a href 3 html 3 a a href 3 html next a n nntice that next and prev links point to the next and previous pages in the chain n nfor more information on html and other web languages i highly recommend the below reference link,computers_internet,computers_internet
yahoo_04580,anyone on xenical how much weight did you lost in the first month i am on xenical an i lost 8lb in the first month altogether i lost 1st 5lb over 3 month i am back on it again after a break,health,health
yahoo_03357,can a man be charged with incest for having sex with his step daugter that is over 21 a step daughter is not blood related therefore there is no incest however any man who has sex with his step daughter has some serious issues to work on when a man marries a women who has children whether they are over 21 or not sex should not even enter his mind - it's morally wrong,politics_government,family_relationships
yahoo_05892,why are black men stereotyped in a bad light in all areas of society you know what i mean if you dont im just asking why do upstanding black men have to pay for the sins of black men who do nothing with their lives it could be also the case with other races but it is most socially prevalent with african american males most whites have this sub-conscience attitude toward black men at least thats what i have noticed here are some examples n1 referring to a grown caucasian male as a white man but in the black context a black boy n2 blacks being labeled as theives in department stores n3 if a crime is commited the news will say a black man then continues the story n nthese are just general there are many more its just to make you think there is no reason for that except society's insecurities i am talking about all around because while i totally agree with you i get called a cracker way too much would be nice for all stereotypes to dissapear because an upstanding black guy and an upstanding white guy are both good enough to have the respect of others,society_culture,society_culture
yahoo_03371,does an empty bottle of weigh more than a full bottle of helium yes provided the empty bottle has air in it,science_mathematics,science_mathematics
yahoo_02439,who is dolores haze good morning -d how are you she was lo plain lo in the morning standing four feet ten in one sock she was lola in slacks she was dolly at school she was dolores on the dotted line but in my arms she was always lolita light of my life fire of my loins my sin my soul lo lee ta n n--lolita by vladimir nabokov,education_reference,family_relationships
yahoo_02256,if the secret to a very long healthy life was total abstinence from sex would you like that long life but it is not so why worry about that,family_relationships,family_relationships
yahoo_05410,i am a nazi and i think it is time to come back anyone with me your part of national socialist german workers party so your a socialist n nthe national socialist german workers party german nationalsozialistische deutsche arbeiterpartei help info better known as the nsdap or the nazi party was a political party that was led to power in germany by adolf hitler in 1933 the term nazi is a short form of the german word nationalsozialist shortened to two syllables and spelled with -zi because the ti syllable is pronounced tsi in german after hitler's appointment as chancellor and the democratic election of the party to lead the german government in 1933 the nsdap organized and established the third reich n nsocialism is a social and economic system or the political philosophy advocating such a system in which the economic means of production are owned and controlled collectively by the people this control may be either direct exercised through popular collectives such as workers' councils or it may be indirect exercised through a state in the latter case the issue of who controls the state is crucial a primary concern of socialism and according to some its defining feature is social equality and an equitable distribution of wealth that would serve the interests of society as a whole n n are you sure of what your asking,politics_government,politics_government
yahoo_04801,guys --- if you had to get the soles of your barefeet tickled what would you want them tickled with this is a guys only question-- no girls n nif you had to get the soles of your barefeet tickled what would you want them tickled with n na fingers nb a feather nc an electric toothbrush nd a hairbrush ne having a dog lick them n nwhy nthe best answer will get 10 points you,society_culture,family_relationships
yahoo_03733,how did you come to know jesus i used to think i knew jesus but i found i was sadly mistaken i had 'known' of jesus and verbally accepted him but i had not know jesus i came to know jesus when i went to a church gathering for teens and the speaker asked for all people in need of a 'second virginity' to come to the front and ask god for it together the power and streangth of jesus working in front of me helped me to open my eyes and begin to know jesus,society_culture,society_culture
yahoo_01300,what is orochimaru's last name naruto they never said it nif you want to see naruto go to,entertainment_music,entertainment_music
yahoo_02619,primarital love close thanks all for your sincere advices nwell i am not going to look for my past love ni am living in future as my wife loves me and thats much demanding for me ni was in love with that girl ya its true i cant deceive my feeling to her neither i can cheat on my wife ni am going to remain with her ni hasnt choosen any best answer as most of them were up to mark nthank you all f k off,family_relationships,family_relationships
yahoo_04936,you know that little indestructible black box that is used on planes why can't they make the whole plane out of the same substance 42 billion an oz who could afford to buy a ticket,entertainment_music,society_culture
yahoo_00426,how can i meet elliot sadler run out onto the track during his next race and try to flag him down while hes doing 180,entertainment_music,family_relationships
yahoo_04107,there is a lot of vocabulary to do wiyh cheating find the following 4 idioms to play the game to bend the rule there is a lot of vocabulary to do with cheating find the fallowing 4 idioms in the text to play the game to bend the rules a short cut to turn a blind eye 1 to play the game you have to go along with the rules n2 to bend the rules you play the game but to your advantage by bending the rules to suit yourself n3 a short cut like your question on here you have taken a shortcut from studying the the question yourself and finding your own answers by asking other yahoo q a members to answer for you n4 to turn a blind eye if you saw someone committing a crime and you didn't want to get involved you would look the other way hence turing a blind eye or turning the other cheek nall the above relate to cheating also,education_reference,sports
yahoo_01108,i dont think god creates evil babies is it forced to become evil because of deprivation of his simple needs freud would agree with you i don't specifically ni mean i don't think god creates babies but some are born with the genetic material to be pretty durn evil and if not purely genetic i don't think a child's a person's evilness is not only due to lack of necessities but other things as well,society_culture,society_culture
yahoo_05961,what would you wear if you're gonna sing and perform onstage me i would wear a black or maroon leather blazer jacket with a long sleeve shirt w a collar black leather pants and long black leather boots something snazzy but apporpiate at the same time depends on where you are singing and what the occasion is you have to consider the lighting because that reflects heat and you don't want to sweat so much that it shows and knowing what the occasion is very much influences the attire,business_finance,family_relationships
yahoo_00763,wouldn't you rather be the pitcher who pitched barry bonds the perfect pitch when he beat the record than to just be another pitcher who walked him nwhy are people so intimidated by him nwho cares if he can do it why not he can do it because of steroids i would've hit him,sports,family_relationships
yahoo_05350,what's in your cd player right now black eyed peas oh yeah my humps,entertainment_music,entertainment_music
yahoo_04610,anyone here know a lot about classic rock alternative music black sabbath nrolling stones nbeatles nthe doors nbob dylan nthe animals njethro tull,entertainment_music,entertainment_music
yahoo_00015,is there any way that i can see if my printer needs ink the only way it allowes me to view the cartridges is when im printing i want to see if i can view my ink cartridges by just clicking on something i have an i850 canon printer go to control panel printers you should find there your printer and the software like shown in this website n picture with the 4 ink cartridges window canon i850 - usb00x show you the current content of the cartridges if there is still ink in them and it doesn't print something the print head is fried,computers_internet,computers_internet
yahoo_05392,is there anything wrong with having thin hair i used to have thick hair when i was younger now that i'm 20 years old i have very thin hair is there something wrong with that nope i have very thick hair and have to go to barber very often thin hair or bald becoming quite popular shave it off man,health,health
yahoo_04203,how could i resell my prom dress do consignment stores take them would it be better to sell somewhere else most consignment shops would take an old prom dress i don't think you would have much luck making money off it anywhere else unless you tried to sell it on e-bay but if you were willing to you could try to donate it i'm sure a high-school girl with very little money might appreciate a free dress,business_finance,business_finance
yahoo_04843,who likes ut 2004 i do its the best game ever i played ut 04 more than 400 hours,computers_internet,sports
yahoo_03028,my computer i am hoping someone out there could help me with my problem somehow i messed up the sound on it i have none nwhen i go to system from control panel then i click on hardware then i click device manager i then right click on all of the sound options in properties the message i get back it this is en abled but not started are there any computer experts out there nthanks in advance marilyn try uninstalling it then reinstall the sound devices in the device manager,computers_internet,computers_internet
yahoo_00402,whats is 2 2 i kant count actually its 4 how old are you,science_mathematics,health
yahoo_01556,for what values of x is the function y 3 x between 0 and 1 for what values of x is the function less than 0 there are no values of x for which the function is less than 0 the function value is between 0 and 1 when x 0 n nplot a few values to sketch the graph x -2 y 1 9 x -1 y 1 3 x 0 y 1 x 1 y 3 x 2 y 9,science_mathematics,science_mathematics
yahoo_02081,i ask again has god really given us free will my first argument was that god hasn't given us free will my evidence was because we didn't have a choice or not if we wanted to be born some people responded to that by saying that theres no way we could have had free will before we were born because we didn't have a brain to make decisions yet n nlets say that i accept that that how do you explain why we don't have a choice if we want to die or not no freewill was created by religion to explain why an all-powerful god can't do something,society_culture,society_culture
yahoo_03731,how big is your dick supposed to be if you are less then 5 5 inchs you will have problems with the girl normal is 6 5 i read an article that boys who masterbate have smaller dogs excercise and be a jock so you dont get caught short good luck,health,family_relationships
yahoo_04485,what is the cure for grey hair there is no cure there is only the cover of dye,science_mathematics,health
yahoo_02196,need proper form of writing letter to american embassy how do i address it check out about com for writing letters to government officials n n -,politics_government,business_finance
yahoo_01248,help how do i get rid of ie7 you are not alone several others have asked same thing including me i had multiple probs after installing ie7 but things are better now that i have gone back to ie6 here are step by step instructions 1 close all programs 2 click start 3 click control panel 4 click add remove 5 click show updates 6 scroll down and highlight ie7 7 click change remove 8 uninstall it 9 turn off computer 10 restart computer and you will be on ie good luck,computers_internet,computers_internet
yahoo_04661,we bought a house 4 months back our credit was average so we got a 7 85 interest can we refinance now to get a better rate and to lower our monthly payment or is there a certain time limit before we can refinance depends on the type of loan you have if it's fha you will have to wait 2 years check you closing papers stay positive and blessed n nty,business_finance,business_finance
yahoo_04477,i run for the track team at school and whenever i run my knee hurts what should i do you definitely should talk to your coach and unless it's obvious to him her go and see a doctor - i developed knee pain from playing volleyball and it turns out i have a common knee condition which am now being treated for having gone to my doctor and then referred to a sport's injury specialist it is obviously worrying you and it's always better to catch injuries conditions early on so definitely talk to your coach at your next session,health,health
yahoo_04171,i am going to college studying sociology a education graduate can consider themselves a teacher and accounting major can consider themselves and accountant an enigneering major can call themsleves and engineer majoring in soc what can i call or consider myself when i graduate a sociologist,education_reference,education_reference
yahoo_03040,why do cartoon characters wear towels when they come out of the shower cartoon characters wear towels when they get out of the shower or pool but for the rest of the cartoon they are naked n nwhy is this maybe to show us that they really went to the shower ü that's what we all know we wear a towel after taking a bath isnt it even children knew that ü nif for the rest of the show they are naked that is to show their real costume or character and i don't think its bad that they dont wear bottoms because there are no drawings of their private part its for us adults to imagine what's under there but the children really don't mind ü,entertainment_music,society_culture
yahoo_03375,what is your religion or spiritual faith athiest,society_culture,society_culture
yahoo_05453,plz help me how come sulfur the fluorides sf2 sf4 and sf6 are known to exist whereas for oxyen only of2 is known to exist n n nthank you very much i'm sorry but i have no idea,education_reference,society_culture
yahoo_03069,i need help on cleaning this image and making all the letters grey this is the image link option-1 import this image in photoshop and covert it to greyscale picture n noption-2 recommended import this image in photoshop make different layers for all the letters change the colours of the letters by selecting the respective layers merge all the layers and save n noption-3 as a last alternate import this image in corel draw 11 or 12 trace a similar image over this image using 'bezier tool' fill the desired colours or grey tones export the complete image in desired format jpeg tif bmp etc,computers_internet,computers_internet
yahoo_05811,will anyone give me 5 00 i only need 5 00,entertainment_music,business_finance
yahoo_02034,were do i get information on schalorships for the university of urbana champaign,education_reference,education_reference
yahoo_02864,can any one give a clear but simple explanation of what a super string is i know it has something to do with quantum physics but not an awful lot more a super string is a model for an elementary particle nin the standard model quarks electrons and the like are considered to be pointlike this gives problems at short distances where for instance the electromagnetic force between two of time becomes infinite n nthe basic idea of super strings is that the fundamental constituents of matter are strings of a length of order of 10 35 m which vibrate at specific frequencies however the simplest string theories give more problems then they solve and consistent theories requires more then four dimensions,science_mathematics,science_mathematics
yahoo_00570,what is power play in modern one day international cricket match what are the changes in rules pertaining to power play in modern one day international cricket match previously in odi's there were no fielding restrictions the fielding captain could keep his players anywhere he wanted then around the world cup in 1996 icc introduced the 15 over field restriction rule only 2 fielders were allowed outside the 30 yard circle from the batsmen for the first 15 overs on an innings and from the 16th over 5 fielders were allowed to move out one more important aspect of that rule was that two fielders had to be in catching positions - 15 yards from the batsmen till the field restrictions applied n nnow in mid 2005 icc - headed by one of the slowest batsman - sunil gawaskar came up with some changes in the restriction rule the previous 15 overs of field restriction is increased to 20 over - in three blocks called power play n npower play 1 - its mandatory for the first 10 overs of an innings in a one day cricket match only two fielders outside 30 yards from the batsmen and two fielders have to be at catching positions n npower play 2 and 3 - these are two blocks of 5 overs each the fielding captain decides when he wants to employ these two block the moment he calls for the second power play and the third power play 5 overs from that particular over will have only two fielders outside the 30 yards circle a captain can't chose for a power play in the middle on an over he has to tell the umpire in the starting of an over for example if the batting team is scoring freely he can chose not to take power play after the first 10 overs and set fielders at the boundary and when he sees that run rate in back in control he can take power play from that over it can be from 11th over or 21st over but he has to take these two blocks within those 40 overs otherwise the last 10 overs will automatically be power plays n nnote - no catching fielders required during the power plays only for the first 10 overs of the match,sports,sports
yahoo_00158,l'om peut il encore revenir sur le podium possible maintenant il faut voir comment le groupe va réagir aux derniers résultats,sports,sports
yahoo_00947,why do women hate it when their b f or husband play video games we dont hate it but there has to be a balance you cant spend more time on that than with us unless you work with video games as your career or at least let us join in id love to have my guy take the time to teach me how to play unless he was afraid id get better than him i dont see why he wouldnt like that,family_relationships,family_relationships
yahoo_03468,i have eaten alot of ecstasy in my life what do i have to worry about regular use of ecstasy can lead to psychological dependence when you feel you cannot do without something sleep problems lethargy and severe depression there is also a danger of over heating and dehydration n nthe more you take ecstasy the more you ll need to take to have the same effect as you will build up a tolerance to it no one yet knows the possible long term effects of regularly taking ecstasy though it will increase the risk of you suffering long-term paranoia or psychosis recent research suggests it could cause liver and kidney problems,society_culture,health
yahoo_05558,are you having trouble getting to next page the site will not let me past page one why won't it i don't know all the questions in the science and math section seem to have totally disappeared it says there are no open questions there any more n ni'm guessing something just went kablooie,education_reference,computers_internet
yahoo_03948,i need the customer service number for norton antivirus i am having issues with aol and norton not getting along help it looks like hte only 's you can get without having them scan your comp for errors is for non-technical support n nto have them scan and then hopefully give you a number n customer info might be able to give you the number you need n,computers_internet,computers_internet
yahoo_03787,i want to know where in mumbai or close by can i attend a course on product marketing i want to take up a course on product marketing management i have a mba want to move into software product marketing at present i am working as a business analyst with a software firm centre for technology and product marketing n ne-mail ctpm nird gov in n n n ncentre n n science and technology s t hold immense promise for the development of rural areas the benefits of science and technology have however not been fully reaped by rural people to meet the basic human needs like food health water energy shelter and employment improvement in technologies products processes and development models offer tremendous opportunities to address these problems facing the rural folk in the farm and non-farm sector awareness generation and capacity building through demonstration-cum-training among the rural poor about the importance of technology relative to their needs and transfer of technology are necessary on the other hand product marketing is another inadequately addressed area as far as rural producers are concerned problems of quality standards market demand response to emerging consumer market demand response to emerging consumer preferences strategies to meet the competition are also areas that need attention n n in order to build the capacities of development planners and practitioners and carryout related studies the centre for technology and product marketing ctpm was established in may 2005 the centre will also address the problems of technology transfer and marketing of rural products n n n nfocus n n focussing on the overall rural development through technological intervention and market promotion effort will be made to ensure sustainable development this would require a systems approach to need-identification choice of technology appropriate economies of scale ecological sustainability optimum use of local resources upgrading of skills and capabilities market research etc n n n nmandate n n the mandate of the centre for technology and product marketing are n n n n conducting training and undertaking research technology transfer and marketing of farm and non-farm sector products n n n to document good management practices of transfer of technology covering project cost accessibility acceptability maintenance profitability marketing etc n n n to prepare technical brochure and information education and communication materials on various technologies for the benefit of the rural populace n n n to help in popularising and disseminating appropriate technology by liasing and networking with all major stakeholders technological institutions technology promoters users district rural development agencies drda zilla parishads zp district industries centres dic council for the advancement of people s action and rural technology capart marketing support organisations mso financial institutions local bodies non governmental organisations ngo etc n n n to undertake action research on the transfer of technology and to document the experiences for wider dissemination n n n nrural technology park n nthe rural technology park rtp an extension wing of the ctpm has been established to demonstrate appropriate technologies suitable to the rural areas currently the following technology-based units are functional in rtp n n n n vermi-culture n n n cost effective rural building technologies n n n sanitary park n n n water conservation including rain water harvesting n n n hand made paper n n n renewable energy solar energy n n n natural dye n n n bio-technology n n n value addition and food processing n n n medicinal and aromatic plants n n n home-based chemicals n n n apicultu,business_finance,education_reference
yahoo_00482,in iran there isnt any credit card how can i get any e-book about cost accounting in internet this tutorial introduces economics concepts of total cost fixed cost variable cost and marginal cost nfirms use these cost concepts for pricing and output decisions these concepts form the basis for much of cost accounting n n welcome to middlecity - online accounting tutorial,education_reference,business_finance
yahoo_04064,this is a physics question two sound waves of the same frequency can interfere with each other but two sound waves must have different frequencies in order to make beats why two sound waves of equal frequency have a constant phase relationship so there is a constant amount of reinforcement or cancellation if the frequencies differ the relative phase repeatedly varies between cancellation and reinforcement total cancellation and reinforcement if the amplitudes are equal at a rate equal to the difference in frequency the resulting sound has an apparent pitch between the two frequencies if they are close enough or is heard as two frequencies if not and is amplitude modulated if the amplitudes are high enough distortion in the ear results in perception of a third frequency difference frequency at the modulation rate,science_mathematics,science_mathematics
yahoo_03881,what is the best way to get nhl autographs without going to the games or writing to their websites search ebay or try locating a sports memoribila store,sports,computers_internet
yahoo_00056,i want to be a wildlife biologist could u suggest any institutions this would depend on a number of questions first off at what state of your education are you are you about to enter college in that case there a numerous good schools you can go to which offer you possibilities to get involved in wildlife biology if you are thinking about graduate school i would certainly want to ask which type of wildlife bio youa re thinking about n nmy suggestion wuld be this figure out which questions you are actually interested in not only wildlife biology but what issues what topics interest you if you have a few keywords regarding your favorite topic search on medline or some other databank at your local college university public library for publications by scientists working on these questions see where they are which universities labs or field stations and then contact the ones you would like to perhaps work with n nfrom my own experience it is very very helpful to know the work done in the lab of a scientist you contact read some of their papers go to their websites and be a bit in the clear as to what it is they do also it is extremely helpful to be able to address a rather clear question something you would like to research n nhope this helps,science_mathematics,education_reference
yahoo_01480,who is an embarassment to society warren jeffs nbenny hinn nmadonna nmahmud ahmadinejad nken lay nmy kids when they're in the grocery store,society_culture,society_culture
yahoo_04269,how to learn skating i don't know,sports,education_reference
yahoo_04502,adobe pagemaker 7 0 - resizing toolbars too small how can i resize the toolbar when using adobe pagemaker 7 0 it is just too small i have tried everything or should i just change the resolution of my widescreen thanks i can't remember seeing a setting in pm 7 to resize toolbars and am not at a computer right now that has it installed but i doubt there is one nmost likely changing the screen size in display properties would be the answer if on a pc that is but be careful of not going to large or you might not be able to see the ok and cancel buttons at the bottom of dialog boxes,computers_internet,computers_internet
yahoo_02160,physics and torque and angular acceleration please help an uniform solid disk with a mass of 24 3 kg and a radius of 0 341 m is free to rotate about a frictionless axle forece of 90 0 n and 125 0 n are applied to the disk what is the net torque produced by the two forces and the angular accerleration of the disk how are they applied tangentially in opposite direction or same nlet us assume oppo direc and on the border nthen net force 35n ntorque r x f i w n 35x0 341 ''0 5'' m r 2 nr radius m mass n ''check if it is 0 5 only for a solid disk or cyliner about its axis n nhope it helps,science_mathematics,science_mathematics
yahoo_04980,is barbiturates legal or illegal if illegal what are legal consequencesof its use in this state is barbiturates legal or illegal in india it is a sheduled drug_ to be given from the counter only with the doctor's prescription,health,politics_government
yahoo_04222,are there any codes to bypass bess codes to bypass a firewall that's getting the way there's always an administrator's code that can be entered to bypass filtering if you're not an administrator chances are they don't want you bypassing it though and you don't have the code so it's not going to work,computers_internet,computers_internet
yahoo_02127,can i get a job in healthcare if i have an arrest record i'm a college student studying to work in an allied health field about a year ago i was arrested for public lewdness a class a misdemeanor i was put on probation and given deferred adjudication i finished the terms and was told that i would not receive a conviction on my record just a record of the arrest i do not have to register with the sex offender registry it was a wrong place at the wrong time kinda deal anyway will this prevent me from getting a job in the field i'm studying for well they will know about your arrest and more then likely they wil bring it up in an interview,science_mathematics,politics_government
yahoo_03601,what is the latitude and longitude nunavut's capital latitude 63 45' and longitude 68 30' west,education_reference,science_mathematics
yahoo_03421,how do i connect a fax machine,computers_internet,computers_internet
yahoo_03467,my fiance has biplar disorder 1 and i also have a form of bipolar too right now we are totally in love we are both on lamictal 200mg do you think we will be able to be together forever when we both have this problem i have bipolar disorder with psychotic features my partner does not will we be together for ever who knows we have our struggles but we love each other so we will persevere you may have a better understanding of your partners mental health issues because you share a disorder but you cannot predict the success or failure of your relationship based on that ngood luck i hope it goes well for you i have been married three times n n nre if your parents have bipolar disorder you have a 70 chance of not getting it for the people who suggest getting fixed and not having children get real they used to do that in the fifties to young women who were promiscuous yes that's true apparently a woman in the fifties who enjoyed sex was potentially mentally ill the ignorance of you people regarding mental illness is staggering it is enough people with these illnesses are marginalized in our culture now we should be getting neutered what a wonderful world this is eh read about what the nazis did to the mentally ill during the second world war apparently some people do share your views,health,family_relationships
yahoo_01930,i am 68 yrs old i take one ibuprofen a day for aches and pains will this do any damage to my liver unless you already have liver disease i doubt very much that this low dose would ever harm your liver however a simple blood test will tell you for sure,health,health
yahoo_03150,i need help does anyone know the website that i can go on to find a picture of someone who was arrested,politics_government,computers_internet
yahoo_02407,what is the warriors diet all about yikes that sure sounds like it includes exercise and a lot of it i'm scared of exercise and sweating,health,health
yahoo_04262,what to do about stress borderline depression partly from school mostly from nightmares the last little while i've been having these horrible vivid nightmares i dream my husband leaves me or that he's been cheating for a long time and in the really bad ones i dream that something horrible happens to him or my son and they end up dying all of these dreams leave me miserable during the day last night i had a dream that while my husband was watching my son he got out of the house and was hit by a car and i came home just in time to see the paramedics working on him all i could do was go in the house and scream they told me he would be ok and then sometime later they took him away in a body bag saying there was a complication it felt so real ever since i got up i can't stop crying i feel like i still want to just scream i can barely help myself i'm 25 weeks pregnant right now my son is 18 months and i'm afraid to sleep i'm sure that by my reaction to this dream i need to do something but what i don't want the stress and emotions to get out of hand your depression doesn't sound very boderline - it sounds real n nthe stress of taking care of your family the pregnancy and whatever else going on in your life is taking its tole on your body your mind and your baby n nthe most important suggestion i have is to talk to your doctor there are medications that are approved for use during pregnancy but even if you don't want to take medication just talking to your doctor can help you could also see about getting a referal for a therapist who can help you talk through your stress and develop healthy ways for coping with it n nother ways to deal with depression include confiding in a good friend keeping a journal focusing on something positive and sometimes even just sitting down and having a good cry n nwhat you are feeling is okay and understandable but in order to continue caring for your family and to ensure the health of the baby you are carrying - i strongly urge you to see your doctor sooner rather than later,health,health
yahoo_05162,tiebreakers in standings is there a list of tie breakers when two teams in a group are tied for the 2nd spot it must go to goal differential and then 1 goal differential n2 head to head result n3 goals for n4 goals against n5 card points,sports,sports
yahoo_01160,where can i have a tutorial or a crash course in video editing here in manila philippines ive heard that la salle did offer crash courses yrs back whereelse try distributed processing systems inc dpsi nadd dpsi business center 210 nicanor garcia st nbel-air i village makati city ntel 632 890 1063 890 1128 nfax 632 890 1131 n rico mail dpsi-filipinas com ph n nalso delasalle st benilde offers a full course on multi media arts,computers_internet,computers_internet
yahoo_04256,what is the best treatment for severe depression anxiety disorder psychotherapy antidepressants are important but usually there is no use of taking antidepressants on their own for severe depression and anxiety it's usually best to have a combination of antidepressant psychotherapy treatments the medication will relieve your symptoms while psychotherapy will help you get to the roots of your anxiety and depression and to resolve the problems one thing that most conventional doctors don't pay attention to is the overall health of your body try to improve your health using natural medicine like homeopathy and chiropractic,health,health
yahoo_02339,how many american pennies are in a pound lb it depends on if the american pennies are steel aluminum or copper thank you anymore trick questions n i have the answers,science_mathematics,politics_government
yahoo_00896,do you think dwayne is the best out of his draft yeah next to lebron,sports,entertainment_music
yahoo_03734,give facts about the center of the earth the earth can be divided into three large sections the mantle inner core and outer core the inner core is at the center of the earth the pressure and temperature of the earth increases as one moves closer to the center the inner core of the earth is about 7000 degree celsius,education_reference,science_mathematics
yahoo_04752,do u belive that the world is gunna end december 21 2012 i hope not that would be my birthday and that would really suck,science_mathematics,politics_government
yahoo_05400,what is the quickest way to get rid of a pimple i read that you can take an aspirin and crush it up and then add a little bit of water so it makes like a paste and then apply it to the pimple let it sit for at least a few hours and it should help you can always do it again if needed hope this helps you out,health,health
yahoo_05500,what is so special about david beckham his every little story is in the news although he hardly even plays for his club you're no football fan if you aren't big enough to admit that he is one of the best midfielders to play in the last 10 years he's lost a couple steps the last couple of years which happens to everyone eventually but he's a phenomenal talent n nhis notoriety is based on his past form which is slipping away sadly,sports,society_culture
yahoo_00655,why do we have to treat everyone like babies today if a man says she women get mad a woman says he men get mad na black says white whites get mad a white says black and blacks get mad ndon't you know babying people only keeps them from maturing i don't believe we are that immature and insecure as a society what's up people nis it all just self-righteous bull or what the u s is only 200 years old a relatively young country while other cultures have been around for centuries sadly the other nations of the world see americans as rude spoiled brats ndo you even care enough to make us feel differently probably not but namerica will soon see it is just a small country in very big world nwise up,society_culture,society_culture
yahoo_02400,how can i make money but i'm not old enough to get a real job i'm pretty bored this summer and i need some money baby-sitting - babysitting is a tried and true way for any responsible teenager to make money if you like kids any community that has families with small children needs baby-sitters however it is extremely hard to find trustworthy and reliable baby-sitters who are available on a regular basis your business would provide in-home baby-sitting services there are several things you can do to make your services more valuable first you should go take a red cross first aid course so that you know how to handle emergencies you might also want to volunteer at your church if there is a day-care center there you can pick up a lot of valuable experience that way second you might want to consider teaming up with some like-minded friends that way your group will be able to say yes more often and that will increase the number of calls you get see this page for some great advice on babysitting n lawn or yard care - another perrenial favorite during the summer you mow lawns trim hedges and so on in the fall you rake leaves in the winter you shovel snow n indoor house painting - you advertise your ability to paint individual rooms in a customer's house before undertaking this adventure you should make sure you know what you are doing by reading working with someone with experience and practicing in your own home n baked goods cookies cakes etc - many families are too busy to bake their own cookies and cakes these days however having fresh-baked goods around the house is nice also a family might need a home-baked cake for a school bake sale or a party you could provide baked goods for special occasions like these or sell baked goods at local craft or farmers' markets check local health laws as you are starting this sort of activity n cleaning - if you enjoy cleaning and do it well then house cleaning for others is straightforward and easy find busy people in your neighborhood and clean for them once every week or two n dog walking or vacation pet care - most people who have pets want to give them the best care possible your business would help pet owners to do that by walking their pets daily or by providing in-home pet care when owners are on vacation n errand-running for busy people - busy people often do not have time today to stand in line to get their license plates renewed to buy groceries or to run other errands your business would handle these tasks for them n washing cars for neighbors - you can simply wash cars there is also a whole industry called car detailing a detailer washes and waxes the outside and really cleans the inside vacuuming washing the windows armor-alling etc n teaching older people how to use computers or the internet - many older people are totally affraid of computers if you understand computers you can help them you could come to the customer's home or they to your home and you could charge on a half-hourly or hourly basis n using a computer application - learn microsoft word excel powerpoint access etc and then go get or create a part-time job in a small business using your skills see also the job skills article n creating web sites - if you are artistic and technically minded there is a great opportunity available right now creating web sites for small businesses or try creating your own web site that generates a lot of traffic and make money selling ads on it see also the web site article n making and selling something unique a newsletter on something that interests you something arty etc if you are artistic create greeting cards or draw portraits you will discover that your greatest difficulty doing this is finding outlets so work to solve that problem you will learn an incredible amount in the process,business_finance,business_finance
yahoo_01717,delete by date how can i delete in linux or unix in the basis of date nlet's say n i want delete all files older than 7 days n nthanks this should work n nfind directory -mtime 7 xargs rm n nwhere directory is the filepath to the directory you want to search such as home usr local n nthis looks for files with a maketime of 7 days previous then runs the standard rm command on all such files n nbe forewarned there's no undoing this command,computers_internet,computers_internet
yahoo_04011,how do i secure the linksys routers one is a befw11s4 and the other is a rt31p2 used for vonage i have two routers that i need to apply a wep key too when i put in my ip address the router for the vonage phone rt31p2 pops up i need to access my wireless b setup which is model befw11s4 did you try looking at the settings in 192 168 1 1 n ntype that in your browser and it should come up for setting configuration,computers_internet,computers_internet
yahoo_01805,is it our right or our privilege to drive government loves to tell us that it's a privilege to drive an automobile not your right to drive a car built by the private sector on roads built by the tax payers and policed by law enforcement paid for by those who work in the private sector i fully understand if your a nut-case driver your licence should be taken away my objection in the term privilege as if mom dad allow us to do something we must get the privilege it seems to me in a land of the free we give those who work for us government the privilege of working for us not the other way around government has nothing no money no buildings nothing other than what we give them they are the biggest welfare recipients on planet earth who believe they hold the power to dictate to us what our rights are and are not n nwho agrees with me i completely agree with you all the way n nit is the right of anyone living in this country to do whetever ho so chooses as long as it doesn't harm anyone n nexcellent question valid point,politics_government,politics_government
yahoo_01403,should marijauna be legal i think it should be what say you yes marijuana should be legalized if not for the wonderful textile possiblities of hemp which is legal for it contains no thc but y'have to jump through a bunch of hoops to be allowed to grow it marijuana gives you the munchies on a humorous scale that would increase your local grocer's business a hundred-fold on a more serious level it stimulates the appetite of chemotherapy patients so sick from all those anti-cancer poisons that they have trouble eating n nthe only problem with any substance or act that makes people feel good is that someone will invariably abuse it alcohol tobacco acts sexual in nature just to name a few are abused constantly by humans n nthe u s government could also tax the crap out of it thus generating funds instead of wasting them incarcerating people who otherwise have done no wrong plus it'd put the drug dealers out of business whom often are involved in the selling of more harmful substances as well i also suggest the legalized use should be restricted from those in the fields of public transportation child care anything requiring the use of guns and medicine i'm sorry but i want my pharmacist sober when mixing up migraine medicine i don't wanna get estrogen pills by mistake n nthe real gateway drug tobacco think about it,business_finance,politics_government
yahoo_05589,any day trader here in stocks pls im me try n n site for that,business_finance,computers_internet
yahoo_01586,is george bush really an idiot surrounded by some intelligent people but at times he gets chances to show off,politics_government,politics_government
yahoo_03938,what was the name of the song that was in the movie fast to furius with marlin manson they played the song about when paul walker dressed up in swat and took down the asain gang,entertainment_music,entertainment_music
yahoo_05475,does anyone know any free websites for trading cards for sports to find out what they are worth this helps n nalso try yahoo groups often they have trading card groups,sports,computers_internet
yahoo_05303,how can i download mp3 files to my mobile phone lg 8120 get a bluetooth adapter and plug it into your usb port n nnext enable your bluetooth in your cellphone and scan for the bluetooth adapter n ndone,computers_internet,computers_internet
yahoo_00281,gross sales is 160 000 sales returns and allowances is net sales is cost of goods sold is 68 answer gross sales - 160 000 nsales return - 32 nallowances - 51 200 nnet sales - 51 200,education_reference,business_finance
yahoo_03458,what do you think of the campaign to change the law so arnold schwarzenegger can the future u s president it's destiny predicted by hollywood watch demolition man,politics_government,politics_government
yahoo_01186,what is sex sex is wen the pennis is inserted inside the vagina,family_relationships,family_relationships
yahoo_05995,how do you make 25 an hour with out having any degrees does anybody know you can ignore at least two scammers on this list those who are suggesting pole dancing or prostitution 25 per hour is not much at all for that - i reckon good pole dancers do better and successfull hookers much better but do i know for sure that about ten years ago you could make 40 per hour that would be about 75 ish walking up and down sandyside beach in caithness with a geiger counter,business_finance,health
yahoo_05223,i am 5'5 and i weight 141 lbs is this overweight i feel chunky but everyone tells me i am skinny is this a normal weight according to the guidelines set up by the ama american medical association and ada american dietetic association 125 is you ideal body weight if you are on the small boned size if you are large boned you can expect to weigh about 10 more 12 5 pounds more which would give you 137 5 pounds give or take a couple of pounds n nare you active do you eat a balanced diet do you include fresh fruits and vegetables and lots of fiber in your diet these things when part of a healthy diet will result in weight loss i would need to talk with you more and ask certain questions to find out for sure,health,health
yahoo_00143,holocaust help what kinds of things would you find in the advertisement section of a newspaper before and during the holocaust i need this information by friday please help my grade is on the line you would think i'd know since i am taking course all about the holocaust but i really don't n nmy best guess would be pro-nazi propaganda ads painting a negative image of the jews and communists but that's just a guess n nlet me know what you find out,education_reference,family_relationships
yahoo_04820,how do conservative christian women feel about the women's movement of 60's and 70's i'm asking this in light of betty friedan's recent death she did have some good ideas but in my opinion she also had some destructive ones i consider myself a conservative christian woman i am 55 so yes i was influenced by the women's movement of the 60's and 70's n nas i look back i realize that we were duped we were taught to believe that being homemakers and raising a family was for losers we believed that how stupid were we n ni don't hate men i love my husband very much but in our effort to be liberated it seems we fell right in to a man-made trap n nsure honey you should get out there and find yourself bring in an income n nyou don't need to spend all that boring time with these kids n dads have never understood a mom's bond with her kids n nyes by all means burn your bra and your underpants too for that matter n no explanation needed n nbetty friedan pushed it but it would have never taken hold if women had been made to feel by men that the traditional role of women was revered and appreciated we need to encourage our daughters and sons that the woman's calling is the manager and keeper of the home and then the whole family is better off n ni have a feeling that men are beginning to realize this now and that one day we will see things turn back to how it always should have been they will be grateful to have a woman who is willing to perform the daunting task of keeping a home and raising a family n nhooray for those women who did and will do it and if i could do it all again that's exactly what i would do,society_culture,family_relationships
yahoo_04547,work problem resume i have been working two jobs for three years and going to college full time i am starting to send out applications for new jobs my current ones do not pay well anything lol the problem is that one of my jobs are off the books could i put that on a resume would it get the one job in trouble would it get me in trouble any ideas the job that is cash under the table you can post on a resume it won't get them in any trouble unless you are applying for a government job and they pull up your record of employment then both you and the company will be in trouble its called tax evasion,business_finance,business_finance
yahoo_04347,why and how does the wind blow wind is the result of air pressure air molecules travel from low to high pressure zones resulting from air warmed by the sun the strength of the wind i guess would be dictated by the difference in pressure between two zones and any obstacles it may have to pass over through in between,science_mathematics,science_mathematics
yahoo_00636,anybody know oscillations for 10 pts a thorough answer a 2 00 kg block hangs from a spring a 300 gram object hung below the block stretches the spring an additional 2 00 cm the 300 gm object is removed and the 2 00 kg block begins oscillating what is the period of oscillation first the spring constant i suppose g 10m sec 2 nf k d n0 3 x 10 k x 0 02 so k 150 n m nnow the problem is like that we have a 2 kg block hung from the spring and pull it down 2 cm then release it the total force applied to block would be nf mg-kx 20-150x x distance of block from its final point 2 cm above its first place so the acceleration 'a' is na 10-75x so applying the second law nx'' 10-75x so the movement equation is x'' 75x-10 0 nsolving this differential equation gives sin function for x as the general form x a cos w t c by substitution we get nw 2 75 so w 5 sqrt 3 rad sec n divide it by 2 pi if you like to have the frequency in hz nt 2 pi w 0 73 sec,science_mathematics,science_mathematics
yahoo_03193,what ink is used on cigrettes to write on it from philip morris international's website n n monogram ink - cigarette papers often have a small brand identifying mark monogram printed either on the cigarette paper towards the filter end of the cigarette or on the tipping paper the monogram is printed on the paper using a small amount of ink the monogram inks used on philip morris cigarettes are pigment inks and may contain black blue red and or yellow pigments n nhope that helps n nbut wait -- there's more n nfrom a website that may or may not be reputable n there are no animal-derived products in the ingredients that are added to the tobacco of our cigarette products there are however a very limited number of animal-derived ingredients in a few of the non-tobacco components purchased by philip morris usa for example menhaden oil a type of fish oil is used as part of the monogram ink used on some of our cigarette brands n menhaden oil is used for other inks menhaden oil is obtained from menhaden fish for soaps rubber ncompounding printing inks animal feed and leather-dressing nlubricants --,health,science_mathematics
yahoo_03687,if a kid is born in usa and the paretns r hispanicwhy school you have to pick an ethnicity other than white he is of hispanic heritage,business_finance,politics_government
yahoo_02560,which is the best way to practice and improve your english i mean online first and foremost i have to agree with the read good books comment but to learn practical english you also need to learn some slang you can not expect your new york cab driver to understand where you want him to take you if you give him the directions in shakespearian english nplease whatever you do do not try to learn english by watching hollywood movies and american sit-coms american english is the most incorrect form of english language today nthe best way of improving your language skills depends on what you want to do with the language are you going to become a liguist or just live in an english speaking country,society_culture,education_reference
yahoo_03612,did you notice that tornado alley coincides with the bible belt god doesnt make mistakes did you notice that typhoon harbor coincides with the largest population of buddhist n n-or n ndid you notice that earthquake valley coincides with the largest population of muslims n n-or n ndid you notice that volcano mountains coincide with the largest population of naturist n n use a different analogy,society_culture,science_mathematics
yahoo_02194,does anyone know how 2 communicate with a spirt are gost real you can't communicate with spirits because they don't exist neither do ghosts you can however convince yourself that you do in which case talking to them could be easy,business_finance,family_relationships
yahoo_04536,has anyone considered a different lifestyle dear friends firstly i am not advocating we change our natures nlast night i had an odd thought what if gwenneth and i had lived as patsy stone and edina monsoon of absolutely fabulous fame i tossed the idea around but eventually could not suspend disbelief we would have a child saffron and probably chirrosis of the liver and various lung complaints interesting to speculate but a failed experiment nhave any of you wondered what it would be like if you could change with a b or c nlove and dream dust rose p hmmm the last time i really thought of this was when i found out that ex-boy has the boy-and-girl baby twins he always wanted but with another woman had i been able to keep babies as well as make them my life would be very different i'd still be living in florida for one thing i wouldn't know how to yell at the cats in russian the way my wife does i'd be helping my mate detangle his long curly hair instead of shaving her head and then i'd be typing bitchy questions about how he takes everything to the taxidermist and how he thinks duct tape can fix everything including velvet chairs i'm not kidding and i'd be bitching all the time instead of just occasionally,society_culture,family_relationships
yahoo_04625,should samual alito be confirmed to the supreme court he will be despite the radical left in the senate,politics_government,politics_government
yahoo_05507,what is the difference of 45 0039475 and 1938 3947473 -1893 3907998,education_reference,science_mathematics
yahoo_05372,where can i find an audio download of pure white noise white noise is a random signal of every frequency in the audio spectrum all of which have an average uniform power level it supposed to be good for blocking out outside noises especially helpful when you are trying to fall asleep cute pic scott,science_mathematics,computers_internet
yahoo_00929,what is the shooting shark blue oyster cult's 1984 hit record the revolution by night this has puzzed me for years in the shooting shark video it was a shooting star with shark head patti smith potentially had something else in mind when she wrote the lyrics but the people making the video didn't have a clue either hence the shooting shark comet star,entertainment_music,entertainment_music
yahoo_00509,please help my husband and i have been together 20 years the physical and drug use was so bad he calls and e to get an answer you need to fill in more than the title of the question go back to add details and finish the question,family_relationships,family_relationships
yahoo_04104,what is unique constraint in sql server 2000 each row for that column which has the constraint must be a unique value like a primary key field but not a primary key,computers_internet,science_mathematics
yahoo_01180,where is jarule i like his music and it seems he has just disappeared off the map is he in the studio or just producing writing or what he released a greatest hits album called the exodus and he's on alot of new mixtapes just go to and type his name in the search engine he's doing his thing still,entertainment_music,entertainment_music
yahoo_01883,what does quantitative measure mean in laymans terms and how can it relate in the workplace quantitative relates to quantity in a workplace it could relate for example to sales in quantitative measurement salesmen would get ranked on how many in sales they did in qualitative measurement they might get ranked on things like customer satisfaction or product knowledge nquantitative tends to be objective where qualitative can be subjective,education_reference,education_reference
yahoo_02002,my boyfriend and i fight too much because he never makes time for me i have tried to talk to him about how i feel he is busy with work farming and being a volunteer at his local fire department he used to do all of these things and still spend time with me when we do get time we are always doing what he wants to do and spending time with his friends which is maybe twice a month everything seems to be falling apart all of the things i want to do he forgets or can't make it when i tell him how it upsets me he just yells at me this is my life too and i am not sure if i should leave him or not i really love him and could see myself spending my whole life with him if he changed back to the way he used to be it seems as though when we do get maybe an hour together maybe 3 times a week all we do is fight about this it's like i can't live with him and i can't live without him also when i finally say enough is enough and i go out partying or something with my girls he gets all mad at me even though he was busy i wish i knew what else to say to him,family_relationships,family_relationships
yahoo_04342,i have examination on 12 august 2006 0f professional practice exam will i pass it all depends on you,education_reference,sports
yahoo_04905,does anyone else think the stage is set for a huge van damme comeback he's been releasing a couple movies a year strait-to-dvd but i think that 'steroid bump' on his forehead is holding him back in hollywood right now i'm ready though van damn it i'm ready i want a good sequel to 'lionheart',entertainment_music,entertainment_music
yahoo_02334,who thinks brazil is going to win the world cup why would brazil loose of course they'll dominate,sports,sports
yahoo_00238,how do u find an investor for a tattoo buisness looking to open a tattoo shop anyone have any idea how to fimd a finacial backer business plan first then search for investors do a search for business investors score can give you some ideals and sba,business_finance,business_finance
yahoo_04082,battery scrap is recycled and pure lead is obtained i want toknow the of pure lead obtained in this process not more than 90,science_mathematics,science_mathematics
yahoo_02852,when and why did the usa turn so radically christian as a non-believer i'd like to understand this trend is the christian right really massive or are they just barking the loudest when people say this country was founded by christians they must be talking about the puritans puritans would consider modern day christianity heresy the pilgrims consisted of three primary groups people fleeing persecution by the church of england christians by their own definition criminals fleeing prosecution and adventures n nformer southern democrats who are now neo-conservatives or republicans are the same christians who wanted to keep blacks as slaves and supported the separate but equal laws n nwhen i see in god we trust assuming this is referring to a christian god i often ask which christian god they are referring to amish anabaptism assemblies of god baptists both grace and fundamentalists calvinism christadelphians christian identity church universal and triumphant church of christ church of england congregationalism coptic christianity eastern orthodox episcopal church ethiopian iurd jehovah's witnesses lutheran church maronites mennonites nazarene methodism old catholic movement pentecostal church people's temple pilgrims presbyterian church protestant puritanism quakers roman catholicism shakers spiritual baptists thomas christians unification church unitarianism united church of christ unitarian universalist n n since most of these religions claim to be the only correct version of christianity which one is our country founded on n nthe self proclaimed christian right have tried to impose their beliefs on america since america was founded that s the reason for the first article of the bill of rights n nthey consist of a small group of radicals who bark loudly,politics_government,society_culture
yahoo_01491,i love this guyand i think he love's me to -- can you help me,family_relationships,family_relationships
yahoo_01674,are muslims the largest subscriber base to the national enquirer i mean it says it happened so it must be true funny,society_culture,politics_government
yahoo_01932,under hipaa what will happen to an employee who fails to follow the privacy policy i need exact details like can the employee be sued dismissed or just be repremanded n nhipaa- health insurance portability and accountability act of 1996 under hipaa nothing discipline is in the hands of the employer not the act follow your policy and procedures in handling this matter,health,politics_government
yahoo_02552,who won the world series four times in a row from 1936-1939 new york yankees,sports,sports
yahoo_04430,how many of you out there are over the age of 18 i am but it is beginning to seem like there are more under 18 year olds lately,family_relationships,politics_government
yahoo_03004,how do i email the president not the vice president or the office or the white house the prsident ive searched all over n am still unable to find his email n nplease help i think you have the right email address the problem isn't emailing it is responding to the email you have censorship censorship and more censorship by the time your email may get to the president it probably will just have your name or email address he won't have any idea what you had to say,politics_government,politics_government
yahoo_02384,where can i personalize my hockey jersey in los angeles california bought a kings jersey was dumb and didn't personalize it at time of purchase now want to personalize it with a player's name no clue where to go just go to another kings game inside staples center there is a stand by the entrance on chick hearns ct that adds letters and numbers on the back of the jersey's don't know how much it costs but i know they will do it at kings games and also lakers clippers sparks and avengers games my dad and i have season seats for the kings and i pass that stand every game on my way to my seats every game,sports,computers_internet
yahoo_04116,english term i'm working on a term paper and it says to n n'explain whether both characters in the novel are equally developed ' n nwhat does this mean a developed character is typically one that has a past human qualities meaning it can not be a flat character--i e a character who is just funny or just angry it has to be a rounded individual if you are comparing the development of two characters search for gaps in a particular character is one missing the history of a fully developed character i am not sure which text you are examining but their is usually one character who is more developed than the other hopefully this helps a bit,education_reference,education_reference
yahoo_03415,how to restore deleted files form the computer which is not in the recycle bin you have to install special data recovery software go to download com and search for recover deleted files you'll get a list of programs to try for free when you find the one that suits you then buy it,computers_internet,computers_internet
yahoo_04404,how do you get tax breaks if your a new member of the clergy give unto caesar the things that are caesars tax breaks and exempt status of churches and clergy is not a teaching of christs if you want to serve god pay your taxes you cheapskate go get a real job one that is respectable like a tax collecter or a ceo of enron,society_culture,business_finance
yahoo_04325,i have a tv programme idea script almost completed how do i protect the idea when sending it to a tv company i have spent a lot of time develping the characters and don't want to get ripped off put a copy of the original script in an envelope and mail it to yourself but don't open it not sure if you're in the u s but this is as good as getting a copyright in the event that they steal your idea you can produce a copy of it in a sealed envelope with an official government stamp on it indicating the timeframe in which your idea was created for instance if they say they came up with the idea three months ago you can produce a sealed government stamped copy of the idea from three years ago even if you can't prove they received the copy you sent them originally you have proof that you had the idea three years ago and there exists the possibility that they stole it from you,entertainment_music,politics_government
yahoo_03669,how do i quit worrying i cant sleep because of it any suggestions breathe in and out and buy a worry book or worry dolls and write down tell your worries to the dolls nwith the dolls there is one worry per doll they are very useful south american superstitions say that when you tell a doll a worry and put it beneath your pillow the worry dissapears,entertainment_music,health
yahoo_05886,what are the academic requirements for starting kindergarten in wiscasset maine i work at an elementary school in georgia but generally the child has to be 5 on or before september 1 of the year they are starting kindergarten you need to call the elementary school that you are assigned to according to your address find out if they are having an early kindergarten registration this april or may if so go at our school we get pre-registration information find out what you need to bring - take it all early because some parents may not have all the documents they need if they wait until school starts in the fall we also test each child reading only to determine level and esol status if you don't know which school your child will attend call the county school office and they can tell you act early - some parents wait it's good to let you and your child see the school classroom other kids etc ahead of time rather than waiting until the rush of school starting next fall good luck and relax,education_reference,education_reference
yahoo_05672,who regrets voting for bush anybody out there who regret voting for bush who voted for bush because there were slim pickings on who to elect nnot that i hate bush but i think he is doing this country more bad than good everybody was upset that clinton had an affair but at the rate that bush is going i think clinton's affair was trivial compared to what bush is doing clinton didn't hurt my finances by getting some on the side i am sure he is not the only president who has had an affair but bush is murdering my pocket thankfully i don't have that on my conscience n ni voted for al gore and john kerry,politics_government,politics_government
yahoo_04062,is disneychannal cool my brothers think im stupid for watching it do you like it yeah i love it especially hannah montana and that's so raven u can like w e u want it's ur life no1 can make fun of u 4 it its who u r,entertainment_music,family_relationships
yahoo_03469,is it illegal to pee in your own yard is there one place where it is and its not ie front and back yard you can pee anywhere you want just as long as you don't get caught nthe law is there to protect little old mrs lawson who lives down the street from having a heart attack after seeing your little peepee that is called public exposure how would you like to see old mrs lawson go out in her yard and squat eeeeeggggggghhhhh,politics_government,family_relationships
yahoo_01458,how much water should you drink a day is there such thing as too much water although the ideal water requirement may vary depending on the requirements of a person this is due to variations in the environment that one is in which affects the amount of loss of water from the body as also the level of physical activity sweating etc around 8 glasses is about good enough n nthe least amount of water required by the kidneys to effectively excrete the waste products in the form of urine is about 500ml day that is ofcourse the very least amount that is a must n nalso the amount of water that the kidneys can excrete is indeed limited and thus there is indeed such a thing as excess water consumption of excess water can be harmful by decreasing the concentration of important electrolytes in your body especially sodium causing hyponatremia which have sevre adverse effects including seizures and even coma excess consumption of water is often seen in psychogenic polydipsia n nhowever to cause this reduction in sodium concentration one would have to consume water in excess of about 12l day theoretically though the figure would be around 30l day,health,science_mathematics
yahoo_05610,who thinks this singer is awesome j rice really needs to get a record deal don't you think he's great just listen for yourself n wow,entertainment_music,entertainment_music
yahoo_01047,any interestig topic for my chemistry and physics project based on the 11 th std ncert curriculum please help project has to be submitted before 11 th of nov 2006 so please suggest any easy and fast make topic should be both theory and practical based physics websites n n luck n nkevin liverpool england,education_reference,education_reference
yahoo_02680,can you tell me what is the use of fingerprints in the forensics field the fingerprint is used to determine a person's identity when they have a sample they or the computer selects atleast 10-14 different points of reference dots bifurcations islands terminations etc and they compare them to the sample in question if youre speaking in terms of practical use the human finger is capable of sensing a difference of about 1000th of an inch when running it along a smooth surface and i would have to agree that it does give the finger some grip almost like a tire when we grip something wet the grooves move the liquid away so you can grip it better id have to agree,science_mathematics,science_mathematics
yahoo_00813,website development help hi what i am looking for i want to create a website were custermers can update pages themselfs like at the moment i have to do it if if they could click on somthing and renter the text and once saved on the server it would be instantly updated any help please is there a software program out there or script to help me out thanks what you need is a content management system cms which needs to be installed on your web server if you develop your site using one of these others can take over the site updates here are some free popular cms n n1 drupal n2 phpwcms n3 phpwebsite n4 typo3 php-nuke joomla n7 geeklog n8 siteframe luck,computers_internet,computers_internet
yahoo_04345,who will drive toyota's in nextel nascar next season who are not sign with any of the toyotas team busch too dale jarrett and michael waltrip are the main ones that i have heard so far both of these drivers are confirmed,sports,sports
yahoo_02558,why are guys so intimidated by smart independent girls why do they get so offended when we try to pay for a date or when we answer a question they couldn't etc etc i'd love to meet one of those girls nall the women i know claim they have independence but are really old fashioned and want the guy to conrtol everything even if they dont really like it n nany place i can meet real independent girls,family_relationships,family_relationships
yahoo_04112,can i have sex with my wife if she is pregenet sex normally yes my wife is pregnant with our first child and despite the fact that she is a nurse she insisted on asking the doctor the doctor told us in no uncertain terms that in no way can sex hurt a healthy pregnancy if she is having any complications or is a high risk pregnancy then you should check with your doctor first,family_relationships,family_relationships
yahoo_02686,should divorced women occasionally share holiday meals with their exes and their children i don't know what holiday has to do with it sure former family groups should get together minus all the step siblings and new spouses now and then but it might be a bad idea to have the new spouse and the old spouse together at the same table if it would remind anyone of previous unpleasantness,family_relationships,family_relationships
yahoo_05380,got hurt on job 2 back surgeries workers comp paying is company insurance liable for anything worker's comp is primary they would handle all of the injury portion of your claim and the worker's comp is the company insurance now if they terminate you because of your injury and you believe it was done without merit then you could file suit and then their liability insurance would probably pick that up,health,business_finance
yahoo_00849,when i try to install windows xp from cd it gives no emulation and stops how to resolve this same cd installed in another system nsystem cofig amd athelon2000 nasus board if you can run the cd from a dos prompt go to the winnt directory and run setup from there good luck,computers_internet,computers_internet
yahoo_03755,do fireworks expire i've had a set of fireworks in my basement for a while now and i keep forgetting to use them after a certain amount of time passes will they go bad and not be as explosive they should not be able go bad as you said if you can make them dry so the moisture can go out inside there is powder which will triggers flashes booms and colors when they are damp they don't won't work as well because moisture will make fire not able to light that easily,science_mathematics,health
yahoo_02816,what is a nebula a nebula latin mist pl nebulae is an interstellar cloud of dust gas and plasma originally nebula was a general name for any extended astronomical object including galaxies beyond the milky way,science_mathematics,science_mathematics
yahoo_00605,queston about curling dumbells what is the average amount of curls someone who has never really lifted before should be able to do with 10 pounders n ntake into note n ni am 6'2 tall ni am 215 pounds ni am 20 age ni am male if your a beginner you really should start on the machines to build up your strength first at least for 2-3weeks,health,health
yahoo_05891,what enviromental issue reeely effects the world other than car pollution water pollution clubbing seals deforestation n nthe deforestation is a war against the mother nature it brings all of our human miseries and it affects to every souls of our world it changes the climate brings flood drought destroys habitation of wildlife destroys many plants and animals deforestation is the beginning of destruction of lives in our world it is a war against our lives,politics_government,politics_government
yahoo_00888,if you were supposed to give a guy u like a candy bar and your friends think u ate it would they be mad at u what,business_finance,family_relationships
yahoo_02982,are you bolivian if you unite sk8_world hotmail com thanks no,politics_government,computers_internet
yahoo_01175,if you could pick one word to describe yourself what would it be the word would have to be weird if you knew me well you'd know why,society_culture,society_culture
yahoo_00445,how do i install another hard disk and how do i decide and make one disk master and other slave this is quite easy we'll configure your existing hard drive to be a master drive and your new one to be a slave drive here's how n n0 print out this guide and any other reference material you have n n1 turn off your computer n n2 pull all of the cables out of the back including the power chord n n3 get a screwdriver and open the case n n4 have a look around inside and look for a flat thin but wide grey cable going from your motherboard the big circuit board at the bottom of your case where everything plugs in to to your existing hard drive n n5 make sure there is a spare plug on the cable one of the plugs will be going into your existing hard drive also make sure that there is space in the metal rack where the hard drives go and that there are screw holes in the rack n n6 unscrew the hard drive and unplug the ide cable the flat grey cable and the power cable and remove your existing hard drive n n7 at the same end where the cable went in there will be a series of pins these are called 'jumper' pins and they're used to determine whether or not the device is master or slave two of the pins should be covered with a thin bit of plastic that joins them together - this is called a jumper see the url in the sources section below n n8 look on the case of the hard drive for a picture of which pins to cover to make the hard drive a 'master' drive remove the jumper and put it back on the appropriate pins use a pair of tweazers if it helps n n9 look at your new hard drive and configure it as slave using the jumper pins just like in step 8 n n n10 place both hard drives back into the computer in the metal racks and remember which is which maybe use some sticky tape temporarily to mark one of them screw them both into the racks n n11 attach the master hard drive your old hard drive to the very end of the ide cable the flat grey cable n n12 attach the new hard drive to the middle plug in the cable see the url in the sources section n n13 attach power cables to both hard drives n n14 put your computer case back on but don't screw it in yet n n15 plug in your power monitor and keyboard and turn the computer on hold down the 'delete' key on your keyboard immediately this will take you to your computer 'bios' screen n n16 select the first option in the menu this should list the hard drives that have been detected if both hard drives are in the list then you're done screw the case on properly if not double check the jumper settings the ide cable and the power cable if you can't get it to work dont panic just take your computer to your local computer store and ask for help,computers_internet,computers_internet
yahoo_01811,what is the best country to live in i'm talking more along the lines as far as pretty country-side nrelaxing enviroment and good food and people according to the economist magazine ireland is the best n nthe top-10 was like this these scores were out of a possible 10 points n1 ireland 8 33 n2 switzerland 8 07 n3 norway 8 05 n4 luxembourg 8 02 n5 sweden 7 94 n6 australia 7 93 n7 iceland 7 91 n8 italy 7 81 n9 denmark n10 spain 7 73 nnotables 13 united states 7 62 17 japan 7 39 26 germany 7 05 29 great britain 6 92,society_culture,sports
yahoo_01129,can anyone prove he is really alive is he dead - i have not seen a body,education_reference,family_relationships
yahoo_00176,why does it lightning when it rains when water and electricty don't mix it's a little to complicated to explain but i'll give you a link they have the answer to your question,business_finance,health
yahoo_03121,do men really know do men really know women because you guys seem to think that all we do is bitch and moan if we don't get our way in a relationship and maybe that's true to a point i bitch and moan because i never get a straight answer from a guy even though they say they do i think that men should spend a full day in women's shoes and maybe then you'll be a little more understanding don't get me wrong i love men but i don't like how they always assume things about me that just aren't true of course we don't women are by far the most baffling mystery in the universe for men men have to make assumptions about women because typically speaking we have absolutely no idea what you think or want women are much more subtle in their communications then men so while you think you're making yourself perfectly clear most men have no clue what you really want,family_relationships,family_relationships
yahoo_05567,are there any good books out there for just men please list them yeah men are from mars women are from venus ni think they should change the name though men are from mars women are just plain psycho,entertainment_music,family_relationships
yahoo_04522,who are you who are you really are you a monkey or what really i mean it ndo you believe in evolution or is it the other thing sorry i really dont know what you would call it anyway i think i am just human,science_mathematics,society_culture
yahoo_04669,my daughter got her glasses and she is very excited how was your feeling she was so excited yesterday and she make everybodies attention at the school open house yesterday she was reading the board very loud from far of the class she was telling everyone that everything is very clear and not fuzzy and it is like i want to touch everything she is 7 years old she said to everyone i love my glasses alot and my doctor said i am adorable with it i can see everything now she hides her glasses under her pillow so monster doesn't steel her glasses and i feel wonderfull for her i want to know when you guys first time got your glasses what was your reaction to it i never wear a glasses so i don't know how is it for first time i was 9 years old i remember driving home and seeing birds way up in the sky that i never would have seen before i couldn't believe that i had missed so many things that other people take for granted,education_reference,family_relationships
yahoo_03809,anyone know when wwe summerslam when do tickets for wwe summerslam 2006 in boston go on sale summerslam 2006---august 20 2006 92 ntd banknorth garden nboston massachusetts n n nsummerslam 2007 naugust 29 2007 nmadison square garden nnyc,sports,sports
yahoo_01313,how much money does cvs pay their pharmacy techs try monster com - the info should be there,business_finance,business_finance
yahoo_00913,where can i find a doctor that is still accepting patients in toronto area as you might know there is a shortage of doctors in toronto i am having difficulties finding a doctor in toronto that is open to accept patients i have been going to walk-in and am tired of their indifferences in treating me please help there is a website for that its the canadian college of physicians good luck,health,health
yahoo_02675,does anybody know if eddie murphy has gotten a divorce yet the last i heard all sorts of rumours were flying around about him i wonder if any of it's true i do not htink he has but i know he is on the road to getting divorce i read in star or maybe in us weekly that they are getting a divorce he is a great actor and his wife is nice as far as i know,entertainment_music,family_relationships
yahoo_00681,what are the advantages of bitter taste in terms of evolution bitterness was a sign that something was poisonous caffeine nicotine other stimulants that we consume and are bitter in taste are actually poisons in larger quantities so the ability to taste bitterness is an evoltionary safe-guard,health,science_mathematics
yahoo_01011,how do i switch to att yahoo dsl they have a sale going on right now its great i just ordered this couple days ago and waiting for my services on monday heres the site,computers_internet,computers_internet
yahoo_05692,what website is it that you go to to get free movie downloads like movie porno and videos,computers_internet,computers_internet
yahoo_04448,does anyone have a pain in the top of their foot i know it sounds wierd but when i am at work and on my feet alot the top of my foot gets pain it's right below my little toe but i cannot pinpoint the exact spot i don't think it's my arch i sometimes get a charlie horse in the middle of my foot maybe its that,health,health
yahoo_01958,what role does extinction play in macroevolution remember food chain n nwhen one species ceases to live their food starts too overpopulate creating dangerous unbalance in chainfood nlike in australia long time ago they released rabbits into the wild they didn't have many predators to hunt rabbits down and keep them from overpopulating thats why they had rabbit hunting seasons they were overpopulated n nplus if one species increases in number that means more food is needed that means the food source will get depleted faster and if that food source is shared with some other species they will cease to exist as well n nvote best if it answers your question,education_reference,society_culture
yahoo_01163,how do you really know that you are in love when you can't imagine your life with anyone else you want to take care of that person for the rest of your life and want to be with them and only them every time you see them you love them more and want to kiss them more the you did the time before when they touch you you can feel their love for you through their hands,family_relationships,family_relationships
yahoo_05824,where can i shoot fireworks in dallas tx trying to find a legal place to shoot fireworks this year because of the fire ban normally i go to justin tx thoughts anyone from what i've read it's the unincorporated areas of dallas county i don't know exactly where those areas are but they said it was legal there most counties around dfw have the bans unless you travel a couple counties over,society_culture,politics_government
yahoo_01269,if you're on weight watchers do you stay hungry or do you get full or just feel satisfied is this expensive does it work thanks i myself have never been on weight watchers but i have a couple friends and one was successful and one was not the one that did not lose much said it was because she cheated all the time so bottom line is what works for one might not work for another i believe it will work if you really want it to and as for cost i don't remember good luck though if you decide to try it,health,family_relationships
yahoo_01607,i want a program with a free trial that will convert rem files to mov files i was unable to find any mention of a rem file type all google answers that i was able to follow use rem as a an annotation marker for programing such as 100 rem this is a comment n nmov files are quicktime n nare you sure you are asking for the right file type,computers_internet,computers_internet
yahoo_02636,should i tell my in-laws the truth about their son send them the proof of his infidelity he has told them all sorts of lies as he always does i have comtemplated on giving them the truth but it's going to be really hard for them to accept and i know it might hurt them but he needs help i'm not out to get him he's doing a great job of that himself but our children need a wholesome and real dad even though we will not be together since you say we will not be together i assume you 2 are splitting up when that happens the parents will find out,family_relationships,family_relationships
yahoo_04080,which do you think is the most physical instrument and why do you think this if you want to know the answer to that question you need to see pete townshend's performance at woodstock this man's hands have been known to get cut up from playing so hard that's why i feel the guitar is the most physical instrument as far as passion but as far as physical effort drums are more physical,entertainment_music,family_relationships
yahoo_03927,where is corbin bleu shirtless right here n n wrong section,science_mathematics,entertainment_music
yahoo_02126,i have been single for a long time and it's getting me down any advice girls say i'm too nice or i'll get a nice girl some day ndoes that mean i need to become an arse to get a girl nwhy is it so unattractive to be a nice guy these days nice guy very sexy if i was 10yrs younger your search would be over lol keep lookin huni you ll find her xx,family_relationships,family_relationships
yahoo_01152,choose between these the darkness or nirvana jet or korn the vines or incubus the strokes or tool i'll take on all three nirvana korn incubus and tool nsimple enough jet vines strokes are all throwback sounding bands and will all be gone soon,entertainment_music,entertainment_music
yahoo_03729,who is really the first supermodel in the world is it gia janice who becasue everybody seemed to be fighting over the title well silently fighting over it though i would say gia or who knows this can go way back to bible times cleopatra,entertainment_music,politics_government
yahoo_03107,what does biologically compatible mean particularly in microfluidics many materials claim to be biologically compatible what does this entail hydrophobic hydrophilic adsorption of protein cells do we want adsorption of these substances ehhhh i am no scientist but the first thing that comes to mind is man to woman or woman to man,science_mathematics,society_culture
yahoo_02298,what is the best and easiest software program to use create dynamic websites that includes flash i want to create a very cool business intranet website for my company there are lots of templates at that i like however i want to create a dynamic website connected to msaccess password protected search field etc etc i am a beginner at this stuff what software program should i use if i were to manipulate a purchased website template from the internet i also want to create a flash portion i am trying to illustrate dashboards mapped processes project status reports money saved metrics presentations etc etc n nplease help with any direction nthx in my experience dreamweaver is the most comfortable wysiwyg software that can be used to design as well as edit code for websites or applications yes it has few basic flash buttons that you can instantly use but to get more interactive or high-end animations you may have to use flash itself you can then embed flash files swf files into webpages using dreamweaver frontpage is something i used long time back but somehow it didn't give me that much motivation to explore creativity you can surely use it as a practice-tool though and then move to higher end packages n nas for playing around with purchased templates it depends on how the template was created if it is html you can used dreamweaver if it is the flash content that you need to manupulate then you need flash for the kind of presentation items you have mentioned if you are looking for colorful still images you may create using photoshop or if you are planning for animations best is using flash n nflash and dreamweaver are macromedia products photoshop is adobe product check their websites to procure trial versions to see if this is what you are looking for n nhope this was helpful,business_finance,computers_internet
yahoo_00148,im losing my voice how can i get my voice back quick drink soothing liquids like tea with honey and lemon take some vitamin c drops is this from a cold,health,health
yahoo_04638,i have had strep throat numerous times in the last 3 years - what can i do i have been to three ear nose throat specialists - the only treatment i have received is beclomethasone which i take every day three times per day n ni have strep now or an extremely sore throat for the third time since the beginning of the year i have has it at least 10 times on the last 3 years n ni am at a loss i am a singer and this is a curse n nhelp my mother is the same way she constantly has strep she is older so tonsil surgury is dangerous and she doesn't want to have it her doctor said if you have strep over 3 times in 3 years you should have them removed my step-dad has his removed for the same problem and one tonsil actually grew back ugh i've had strep and i feel your pain i hope you find something that works soon n i don't recommend trying this without asking your doctor but the last time i had strept i did not go to the doctor i decided to let it ride out it's course i got very sick and it took longer to go away but it eventually did and i haven't had it since 2 years ago if that built up my immunity i don't know but it's a thought however that said my body had no energy to fight off anything after the strept and i got an extremely painful canker sore couldn't open my mouth at all and i broke out in hives so there's definitely a price to pay ngood luck,health,health
yahoo_04836,offensive questions do you ignore thumbs down report or answer in retaliation what kind of offensive questions if they are so dumb that a 5 year old could answer then i dont even bother but if it is something tottaly nasty against my belief you better believe i will answer,society_culture,society_culture
yahoo_01873,what is your favorite music band or artist why queen of course even thou mr bad guy is not around anymore ntheir music is fun rocky and has some plain good old tunes along with quite meaningful lyrics nbut some love them and the rest hate them there's no middle ground ni for one will always love them nqueen rocks,entertainment_music,entertainment_music
yahoo_02452,i have a big black coat my friends like it but my family dont wat do i do what an inane question,society_culture,family_relationships
yahoo_05905,where would i go to find information on mysterious diseases the best site on disease is merck mannual it is a trustworthy site do not believe everything you read on every site make sure it is a credible source merck is,science_mathematics,computers_internet
yahoo_03191,is it true that olivia and 50 cent are dating each other my friend told me that 50 cent and olivia have been dating for a while and they both plan to get more serious with each other she also told me that she saw this information on this website but she never gave me the domain name yea,entertainment_music,family_relationships
yahoo_05617,what r the lyrics to some panic at the disco songs dont leave any links unless i ask plz i just want u dudes to copy and paste 3 well i guess u guys can e-email me only ages between 11-15 im 13 i write sins not tragedies lyricsby panic at the disco noh well imagine as i'm pacing the pews in a church corridor nand i can't help but to hear no i can't help but to hear an exchanging of n words n what a beautiful wedding what a beautiful wedding says the bridesmaid nto a waiter n yes but what a shame what a shame the poor groom's bride is a whore n ni'd chime in with a haven't you people ever heard of closing the goddamn ndoor nno it's much better to face these kinds of things with a sense of poise nand rationality ni'd chime in haven't you people ever heard of closing the goddamn door nno it's much better to face these kinds of things with a sense of n nwell in fact well i'll look at it this way i mean technically our marriage nis saved well this calls for a toast so pour the champagne noh well in fact well i'll look at it this way i mean technically our nmarriage is saved well this calls for a toast so pour the champagne npour the champagne n ni'd chime in with a haven't you people ever heard of closing the goddamn ndoor nno it's much better to face these kinds of things with a sense of poise nand rationality ni'd chime in haven't you people ever heard of closing the goddamn door nno it's much better to face these kinds of things with a sense of poise nand rationality n nagain n ni'd chime in haven't you people ever heard of closing the goddamn door nno it's much better to face these kinds of things with a sense of poise nand rationality ni'd chime in haven't you people ever heard of closing the goddamn door nno it's much better to face these kinds of things with a sense of poise nand rationality n nagain,entertainment_music,society_culture
yahoo_01394,ok this i basically 2 questions a where can i find good free songs to download onto my shuffle and b how do i take songs off of it that i don't want limewire great free songs and use your itunes to fix your song lists,entertainment_music,entertainment_music
yahoo_01839,how can you be with a fat girl i was thinking about it the other day woulnd't all that meat get in the way the only position is from the front won't it slip out when you try to hit it from the back has anyone ever been with a fat girl how was it do they move around mount tap and ride the wave,health,family_relationships
yahoo_04653,why christians worship sun of god jesus is the sun of god nchrist the sun is bthe history of the sun is the history of jesus orn on the 25th of december the birthday of jesus christ n the first and greatest of the labors of jesus christ is his victory over the serpent the evil principle or the devil in his first labor hercules strangled the serpent as did krishna bacchus etc his is the sun triumphing over the powers of hell darkness as he increases he prevails till he is crucified in the heavens or is decussated in the form of a cross according to justin martyr when he passes the equator at the vernal equinox ibid p 200 nin reading the new testament we must cease to think of the man jesus even of the son of god think of him nrather of the sun of god for this is a solar myth its dying hero a dying sun lloyd graham deceptions and myths nof the bible p 361 n the divine teacher is called is tested by the adversary gathers disciples heals the sick preaches the good news nabout god s kingdom finally runs afoul of his bitter enemies suffers dies is resurrected after 3 days this is the ntotal pattern of the sun god in all the ancient dramas the pagan christ p 145 n n nwhen the council of nicea took place the emperor constantine n- declared the roman sun-day to be the christian sabbath n- adopted the traditional birthday of the sun-god the twenty-fifth of december as the birthday of jesus n- borrowed the emblem of the sun-god the cross of light to be the emblem of christianity n- and although the statue of jesus replaced the idol of the sun-god decided to incorporate all the ceremonies which were performed at the sub-gods birthday celebrations into their own ceremonies sorry but i got confused over the sun and son,society_culture,society_culture
yahoo_02671,how do ifind jobs on line,business_finance,business_finance
yahoo_03500,does anyone else out there have i t p imuno thrombosytopenic purpura a blood disorder and if there is a cure out there it is where the white blood cells think the platlets in your body that help you when you get cut are foreign bodies and attack them and eat them up if there is not a cure yet maybe some web sites that have good info on this subject i had a coworker who had this there are medications for it although i can't remember if the medications are a cure for it an alternative sometimes last resort is surgical removal of the spleen and i think the correct spelling is immunothrombocytopenic purpura if you type that into your yahoo search you should be able to find many sites that will give you more information of what it is exactly and the treatment options n nhope that helps,science_mathematics,health
yahoo_04520,why do boys are behind gals why i really don't understand what you are asking do you want to know why boys aren't as mature as girls at certain ages nmaybe if you can rewrite your question a different way someone will be able to answer this for you,family_relationships,family_relationships
yahoo_01698,im paying my spigel card to a comp name card processing center is this is a valid comany can they charge int i don't know if i should keep paying them some companies use outside credit card processing companies to manage their accounts any one who loans you money to make purchases for goods etc has the right to charge interest interest rates are regulated by the federal government though so there is a cap they can charge,business_finance,business_finance
yahoo_05703,how does chlorine affect drinking water or other chemicals how do they affect drinking water in terms of ability to drink chlorination of drinking water eliminated typhoid cholera and dysentery that were commonly carried in drinking water when chlorination was introduced in the early 1900's n nhowever there are some negative effects ni quote n the july 1992 issue of the american journal of public health researchers found that people who regularly drink tap water containing high levels of chlorinated hydrocarbons have a greater risk of developing bladder and rectal cancers than people who drink unchlorinated water the study estimates that about 9 of all bladder and 18 of all rectal cancer cases are associated with long-term consumption of these hydrocarbons this amounts to over 20 000 new cases each year n water treatment has largely shifted to ozone and filtration and they have found it works plus the chlorine residuals are about 10 times less than in us water n nanother negative effect of chlorination is that it can create what are known as trihalomethanes one example of a trihalomethane is chloroform which causes an allergic reaction in about 10 of the population chloroform or trichloromethane can cause liver and kidney damage fortunately the concentrations are monitored and are generally quite low one trihalomethane known as dibromochloromethane is associated with cancer risk of one per million at 0 6 micrograms per liter that's about the same as 6 parts per billion the cancer risk of this is only one per million but that concentration is barely measureable and most people ingest large quantities of drinking water daily so it is not as insignificant as it may seem n nbromine is also sometimes used either in addition to chlorine or as a substitute this is the source of what i believe are the worst hazards such as dibromochloromethane n nanother chemical that is added to drinking water is fluorine fluorine is added in much smaller concentrations than chlorine and does substitute for some of the chlorine so it actually will reduce the amount of chlorination you probably get quite a bit of fluorine in your toothpaste as there is almost no toothpaste on the market today that does not contain fluoride there are some potential negative health effects of fluoridation however there is lots of evidence that in the concentrations in most drinking water that it is beneficial more than harmful fluoridation is added in about 60 of us public drinking water n you are concerned about your drinking water i suggest you use an activated carbon type filter and filter both drinking and cooking water not all activated carbon filters are created equal here is a source that explains what they will remove and what they won't remove n bottled water does not mean you have avoided this problem bottled water is regulated in the us by the fda and must generally comply with the same standards as public drinking water in many cases it is better because reverse osmosis or distillation has removed any potential contaminants one trade-off is that water in plastic bottles will absorb small quantities of phthalates studies that showed that phthalates caused cancer in rats were generally dismissed as not being relevant to humans they are also known to be broken down in the body within one or two days so do not pose a risk of bioaccumulation i quote n the cdc report is in all very good news because the trace levels of phthalates found are within epa safety levels and therefore should not pose a concern for human health n,science_mathematics,health
yahoo_04344,what is the name of the generation after generation y a name hasn't offically been made given yet y is still going i think hell x lasted like 30 years didn't it give y a few more years posibly 10 more years they are planning to go with z though it seems sounds like n nthe generation before x was not labled the letter before x so the generation after z will not be labled a or next as in next time won't you sing with me,society_culture,society_culture
yahoo_02103,need to describe the distribution of gray and white mater in the brain and spinal cord try here n n,education_reference,health
yahoo_00958,how do i find a record of errors on my pc this has started to happen on a pretty regular basis when the machine is working hard games etc there is a click from inside the tower unit and everything shuts down just leaving the green led for hard drive power on ni have to keep the power button pressed in for a few seconds the green light goes off and then i press the power buton one more time to reboot nany ideas i have run several anti virus and spyware scans and all come back clean i am also firewalled ni also have up to date drivers installed n nmy question is will my pc have a log of this fault on it somewhere n nany help or suggestions most appreciated nmany thanks what verison of windows are you using xp has a log if you right click on my computer manage click the plus sign beside event viewer then click on system you will find a list of most errors that your computer has n nif you are hearing a click chances are it is a hardware problem and not a software problems since it is mostly when you are using a lot of rescorces it could be that you are over heating and your system is shutting down on it's own or it could be a video problem n nyou may want to install a temp monitor on your computer and check it out when gaming n nalso check your fans and make sure they aren't clogged up with dirt and dust also some fans have filters so if yours does make sure it is clean n ngood luck,computers_internet,computers_internet
yahoo_02302,yahoo answers team what happened to schneb we all know he gives great answers we might not like them but they are well said his answers are the back bone of most of the society and culture section the haters of christianity got rid of him no i think that yahoo ditch him because of his website that he uses for research to answer his questions n ni don't see how this is against their community guidelines when they plainly said that you could post things to help people find research to back up your answers n nalso i've been to schneb's site and there is nothing there talking about a offering or saling anything it's just plain 'ol research that he's done over the years n nyahoo doesn't ditch anyone that puts up satanic websites on here for their research material so why is it always towards christians n ni've been ditched before too and probably will be again maybe we should just all go and support google until yahoo comes crying back for our consumtion,society_culture,society_culture
yahoo_04164,should mentally retarded people who can't take care of themselves be allowed to have children who would be just as retarded is that fair to the children first of all not all mentally retarded people produce children with mental retardation n nif the person is disabled to the point where they can't take care of themselves i say no they shouldn't have children if the person is mildly retarded it's a different story n ni generally don't believe in disallowing the right to reproduce but if the child can not possibly be taken care of without constant outside help i have to say that it is extremely unfair to the kids if the parents decide to put the child up for adoption i'm in favor of it if they plan on keeping children they can't care for due to their disability then no i know that sounds awful but i'm talking about severe disability only,society_culture,politics_government
yahoo_03976,why does dust on a white car appear black but dust on a black car appears white try to clean the white dust from a black car with a white towel and you will see that the dust turns black actually the dust is grey with some parts dark grey nearly black others light grey nearly white,science_mathematics,society_culture
yahoo_00868,what term is used for the swamps of northern canada where mosquitoes thrive that would be the tundra it's not actually a swamp,education_reference,science_mathematics
yahoo_05960,what's the best break up movie help please the break up with vince vaughn,entertainment_music,family_relationships
yahoo_05305,did warrick dunn fail a drug test leave the brotha alone playa you've been misinformed,sports,health
yahoo_05259,do you believe a people work at home as a typist can earn 500 per day you mean do we believe a typist could make 62 an hour no typists do not make this kind of money no matter where they work n nsome medical and legal transcriptionists can make impressive amounts of money but they can type well over 100 words per minute with nearly 100 accuracy can edit their own work quickly they run their own businesses which means they have to know how to run a business including how to market their services get and keep clients bill clients and pay taxes and can work closely with people in the medical and legal fields n neasy rule 1 if it sounds too good to be true it is neasy rule 2 if it were this easy to make 500 per day you would know lots of people already doing it neasy rule 3 if it were this easy to make 500 per day why would tens of millions of people be happy to get jobs that pay half or even one quarter of that amount neasy rule 4 if someone wants you to pay for information about getting a job the chances are good that getting you to pay for that information is their job not typing,business_finance,business_finance
yahoo_02594,door to door in the bible it says to preach just as jesus did so why do alot of so called religious pepole or pepole that go to church get mad when jehovahs witnesses knock at there doors to tell them about the bible just a question no rude comments please it is true that jehovah's witnesses are not loved by everyone n people hate jehovah's witnesses out of ignorance or over some misunderstanding a few may have had a bad personal experience with an individual who claimed to be a jehovah's witness and prejudicially extended their animus to this entire christian religion n nhowever it seems that the majority of anti-witness hatred is motivated by religious intolerance and bigotry a few may even be motivated against their christian worship by the unseen 'god of this system of things' satan the devil n n 2 corinthians 4 4 the god of this system of things has blinded the minds of the unbelievers n ninterestingly such hatred should be expected by true christians in this time of the end and it actually helps identify jehovah's witnesses as christ's true disciples n n john 15 19 if you were part of the world the world would be fond of what is its own now because you are no part of the world but i have chosen you out of the world on this account the world hates you n n luke 6 22 happy are you whenever men hate you and whenever they exclude you and reproach you and cast out your name as wicked for the sake of the son of man n n 1 peter 4 4 because you do not continue running with them in this course to the same low sink of debauchery they are puzzled and go on speaking abusively of you n n 2 timothy 4 3-5 for there will be a period of time when they will not put up with the healthful teaching but in accord with their own desires they will accumulate teachers for themselves to have their ears tickled and they will turn their ears away from the truth whereas they will be turned aside to false stories you though keep your senses in all things suffer evil do the work of an evangelizer fully accomplish your ministry n nit seems signficant that the relatively small religion of jehovah's witnesses are the ones best known for their worldwide preaching work yet jesus commanded that all who would call themselves christian perform this public work n n matthew 28 19 20 go therefore and make disciples of people of all the nations baptizing them in the name of the father and of the son and of the holy spirit teaching them to observe all the things i have commanded you and look i am with you all the days until the conclusion of the system of things n nlearn more n,society_culture,society_culture
yahoo_02349,when do the kroq almost acoustic christmas tickets go on sale for night 1 and 2 you'll have to check their website it says on evanescence com to ckeck their website for more info and how to get tickets nevanescence is gonna be there ni wish i could go nlol,entertainment_music,computers_internet
yahoo_03840,what are some forms of pcb compounds im working on an environmental chemistry project and i cnat find any forms of pcb compounds to do my project on if you want information go to n n stated you should not handle samples of pcbs,science_mathematics,education_reference
yahoo_00067,if you could see any animal fight another animal to the death which animals would you chose and why taking this at face value i e as purely hypothetical i think a little imagination is required watching two single animals fight could end up being quite dull a lot of the time why not spice it up a bit n nfor instance watching two grizzlies paw each other about meh how about one grizzly vs six wolves or maybe a single lion taking on eleven wolverines or go a step further tiger vs antelope - but dress the antelope up in a nail studded waistcoat pre fight that should be interesting n nbut if you really really have to have a one on one of the same species then my vote would have to go to humble domestic cat my cat's psychotic for a start and i'd back him in a fight to the death with pretty much anything myself sadly included i am under no allusions that as much as he likes the odd tickle under the chin if he were big enough then he would eat me fact n ni think i need to get out more o,entertainment_music,family_relationships
yahoo_05911,is it just me all do most men go to sleep with their hands in there pants--not masturbating-- my husband sleeps with his hand on his but not playing with it and not down his pants i guess they are scared someone might steal it or it will run away lol,health,family_relationships
yahoo_01051,what's'7 minutes in heaven' a game where two people are chosen or choose to go into a closet and make out or just kiss everybody waits for 7 minutes it's heaven because obviously you're in there making out and that's heaven you get 7 minutes in the closet then its somebody else's turn,family_relationships,society_culture
yahoo_01749,lcd monitor prices in india i am planning to buy a widescreen tft lcd monitor with size 19 or more can anybody tell me the prices of samsung 940bw 19 and samsung 204b 20 in india err bangalore i will be grateful if someone provides some links to lcd pricelist in india thanks i think that when you buy it new you will pay 300 n0,computers_internet,business_finance
yahoo_01710,why are women who smoke sexier than women who don't smoke oooohhhhh yuk i didnt know they were men who smoke are no sexier,family_relationships,family_relationships
yahoo_03402,what is the volume of both hydrogen and oxygen because the 1 mole of an ideal gas has a volume of n22 4 litres 22 4l at s t p standard temperature and pressure 0oc 273k and 101 3kpa 1 atm n none mole of hydrogen h 2 gas weighs 2 g none mole of oxygen o 2 gas weighs 32g,science_mathematics,science_mathematics
yahoo_05242,one for the ladies how can i get my somewhat prudish girlfriend of three years to become more sexually adventurous instead of her now usual 'lie back think of england' routine she never was one for experimenting and quite frankly if she doesn't start putting out i'm gonna start looking elswhere for my kicks just tell her exactly that tell her your bored and if she doesnt start being more adventurous then you will have to start looking elswhere and then when youve picked yourself up off the floor run,family_relationships,family_relationships
yahoo_01050,who do u think is a betta dancer usher omarion or chris brown think about this b 4 u answer it i think usher is a better dancer because he been in the music game more then these little boyz,business_finance,entertainment_music
yahoo_03283,whats your biggest fear and why my biggest fear is of one day looking back and having accomplished nothing with my life not that i have a specific vision for what i want to do with my life but i would hate to feel like i've wasted it,business_finance,family_relationships
yahoo_02268,why are there so many sayings about salt why are there so many sayings about salt too much of it will cause high blood pressure know from experience,society_culture,health
yahoo_04185,how to download videos from youtube to download videos from youtube and any other site nget firefox from then install the download helper extension from or this one video downloader works great for me n nsince the videos are in the flv format you need to get a flv player you can get a very good one and completely free here you want to convert them into another format mobile phone ipods mp4 and anything else use this awesome free program called super you can use this site and copy paste the url's from the page with the video there but personally i'd recommend using firefox n nfirefox is the best n nand for movies and anything else use and and download from this site you need a torrent program like these nbitcomet or nazureus,computers_internet,computers_internet
yahoo_02157,how come gomer pyle never beat up any hippies he actually sang blowin' in the wind with hippies once one of them was rob reiner he thought gomer was a funny name n nthe colonel thought the hippies were elaborately disguished marines trying to win a war game,entertainment_music,entertainment_music
yahoo_03182,what will happen to american idol runner up katherine mcphee will she get a contract for a record deal will she have an album on the market soon i think she feels like she has gotten so close to making her own music just by being on there all though she didn't win but i think she'll want to make her own cd or something there has been alot of runners ups on ai and they all came out with their own cds and they are doing fine,entertainment_music,family_relationships
yahoo_00489,bonsoir tout le monde qui est la meilleur equipe au monde le bresil je pense mais y a de tres bonne equipe comme l'argentine l'italie les pays bas et l'allemagne j'auré voulu rajouter la france mais j'attends de voir ce qui va se passer,sports,sports
yahoo_04886,have u seen that show lost do u like it have u seen that show lost do u like it ya no,business_finance,entertainment_music
yahoo_05679,why do people join gangs i'm looking for a gang members perspective if there are any here all these people that answered you are all we join gangs because were born into it family members already into the crime family it's like how some people have certain rictuals they do it's something they grew up with it's tha same thing as gangs it's something we grow up in there's lots of reasons and all these answers these people some how know but yet never expierienced the real thing tell you wouldn't know the real facts bloods for life hommie you wan't more info from a thugs perspective linxs me up,society_culture,society_culture
yahoo_03179,hi i have a 19 round hk mp5k magazine is it permissable to sell it to private parties thanks i tried to sell this on ebay but it was removed due to ebay's policy about high capacity i am wondering if it would be legal to sell it on classified thanks if you have legal papers to support your stuff why not,sports,business_finance
yahoo_04417,guys over 21 but under 32 only what would you think and how would you react if a woman you know told you she may want you to be a sperm doner in a few yrs well more like asked you to if you'd be one more like a promise n n ntry not to be too sorded with your answers n nno i am not looking i am just curious i would conisder it a great honor for a woman to ask this of me but i would never do it to know that i could be the biological father of a child that i can't actually be a father to i couldn't cope with that,family_relationships,family_relationships
yahoo_02937,what is the name of that rap song that goes to the window to the wall and who sings it lil jon and the eastside boys lyrics - get low radio version lyrics n n chorus n n3 6 9 standing real fine move it to you sing it to me one mo time n nget low get low 6x n nto the window to the wall to dat wall n nto the sweat drop down and fall n nto all these females crawl crawl n nto all skit skit skit skit skit skit all skit skit got got n nto all skit skit skit skit skit skit all skit skit got got n n n nshortie crunk so fresh so clean can she bumb that n nquestion been harassing me in the mind this gurl is fine n ni done came to the club about 50th 11 times now can i play with yo n npanty line club owner said i need to calm down security guard go to sweating n nme now drunk then a moth threaten me now n n n nshe getting crunk in the club i mine she work n nthen i like to see the female twerking taking the clothes off ooh she naked n natl don't disrespect it n npa pop yo thang like this cause ying yang twins in this b-i-itch n nlil jon and the east side boys wit me and we all like to see butt and booty n nnow bring yo self over here gurl and let me see you get low if you want this n ngurl n nnow take it to the floor to the floor and if yo self wanta act you can keep n nyo self where you at n n n n3 6 9 standing real fine move it to you sing it to me one mo time n nget low get low 6x n nto the window to the wall to dat wall n nto the sweat drop down and fall n nto all these females crawl crawl n nto all skit skit skit skit skit skit all skit skit got got n nto all skit skit skit skit skit skit all skit skit got got n n n nlet me see you get low you scared you scared you n ndrop dat thang to the floor you scared you scared you n nlet me see you get low you scared you scared you n ndrop dat thang to the floor you scared you scared you n ndrop dat thang ya shake it fast ya n npop dat thang to the left and the right ya n ndrop dat thang ya shake it fast ya n npop dat thang to the left and the right ya n nnow back back back it up n na back back back it up n na back back back it up n na back back back it up n nnow stop o then wiggle wit ya n nnow stop o then wiggle wit ya n nnow stop o then wiggle wit ya n nnow stop o then wiggle wit ya n n n n3 6 9 standing real fine move it to you sing it to me one mo time n nget low get low 6x n nto the window to the wall to dat wall n nto the sweat drop down and fall n nto all these females crawl crawl n nto all skit skit skit skit skit skit all skit skit got got n nto all skit skit skit skit skit skit all skit skit got got n n n nnow give me my doe back and go get ya friend n nstupid gurl standing there while i'm drinking my hen n nsteady looking at me still asking questions n ntimes up nigga pass me another contestant n noh move to the left if you ain't bout 50th n ndone talk through 3 or 4 songs already n nlooking at a nigga with yo palm all out chick i ain't even seen you dance n ntwerk something baby work something baby n npop yo thang on the pole do yo thang baby n nslide down dat thing n nwit yo little bit then stop n nget back on the floor catch yo balance then drop n nnow bring it back up clap yo thang like hands n ni just wanna see yo dirty dance yin yang we done again n nand put it on the map like annnnn n n n n3 6 9 standing real fine move it to you sing it to me one mo time n nget low get low 6x n nto the window to the wall to dat wall n nto the sweat drop down and fall n nto all these females crawl crawl n nto all skit skit skit skit skit skit all skit skit got got n nto all skit skit skit skit skit skit all skit skit got got n n n ngot wha got wha ya ya'll twreking alittle bit ladies n nbut ya got to twrek alittle bit harder then dat n nnow right now i need all the ladies dat know they look good tonite n n where my sexy ladies we want ya'll to break it down like this n nbend over to the front touch toes back dat thang up a,entertainment_music,family_relationships
yahoo_03119,its been three weeks after i had my hernia repair moved this weekend and now hurt - strain or something else plz see ur doc urgently nthis might even require usg or other scans to see if there is physical damage n that obviously can't be done on yahoo answers can it,health,health
yahoo_01159,how do i get my name removed from a birth certificate as i am not the father i have taken a dna test and i haven't seen the child since birth-day and am still paying child support they say i have to pay because i am on the birth certificate as the father even though i am not did you sign it n nyou may have to get a good lawyer,politics_government,business_finance
yahoo_01302,who was duke the dumpster drosey in the wwf years ago i liked that guy his character was the neighborhood garbage man his saying was one man's garbage is another man's treasure,sports,entertainment_music
yahoo_03590,trying to find out what is wrong with my son fever 104 severe headache dizziness sore throat sore stomac no throwing up no muscle aches no coughing no congestion no cold like symptoms severe headache dizziness sore stomach have been for 5 days headache getting increasingly worse sore throat just the past 2 days most just painfull to swallow but sore constantly fever of 102 to 104 for the past 2 days your son is ill and no one not even a doctor can diagnose him without an examination and or testing please ger him to a doctor asap you've already let him suffer a high fever for 2 days and he hasn't gotten better that means that medical intervention is required now please call your doctor,health,health
yahoo_05483,is mike tyson really a female in disguise he sounds like a tranny no he just sounds like one because his balls shrunk from steroids,sports,family_relationships
yahoo_01312,do anyone think i should move back to russia to restate myself into red army or stay in usa beause im deaf usa military wont let me join them just beause im deaf beside how do i contact veternpainter well if you are deaf nthen the best place for you would be the red army nwell whats left of it anyway ngood luck,politics_government,politics_government
yahoo_05649,geoge w bush great president or the greatest president this is for the record since you can not rate a president during his term but after 15 to 20 years we need to see where the middle east and terrorist power stand after his stance good economy more jobs more people starting their own business sure he will be rated as a good president,politics_government,politics_government
yahoo_03634,how can i know god's will for my future plans you'll know the future when it becomes the present contemplating the universe gives a headache anyways so just wait and see what happens,society_culture,society_culture
yahoo_04784,i fancy my hr manager i feel nervous to approach her has anyone any idea of helping me pls her name is susan whitelam working in the royal garden hotel london any details address etc pls post an answer thanks a lot hi nil n nto be nervous when wanting to approach a women is normal but there are some things you can do which will instantly tell you if she want's that you approach her n nfirst try smiling at her smile when she look at you i know that it is hard to do at work but try it then if she smiles back try saying her hi if she say hi too she wants you to approach her approach now n nyou will see that smiling is not hard thing to do and when somebody smiles back we feel more relaxed and after the hi thing you will be ready to talk with her with no problem n nlet me tell you one little secret the hi thing is the opening for approaching so you are approaching her the most easiest and secured way n nif she doesn't smile back when you smile at her first time smile again when you see her don't approach before you and she say hi to each other because it is not good she maybe don't want to talk with you at work because it is not good for her position or she is in some deep taughts and she doesn't saw you the first time when you smile if you keep smiling at her when you saw her she will or smile back or won't see you at all if the other thing happens don't feel sad you will find somebody else you can use the smile thing to any women you want to approach with the smile test you are seeing right away which women wants you and which doesn't n nwhy wasting your energy on girls who doesn't even give you a smile back n n nhappy approach,family_relationships,family_relationships
yahoo_03725,if your in a realationship i've been in a realationship for 5 years my love for her is barely there we have a son together what would be the easiest way to leave her and still be with my son unless she is seriously a bad mother and you can prove it you are probably not going to do well with this the only way i could see this working would be to take the kid and leave the country it's a bit drastic but otherwise you'll just have to accept that the boy will live with his mother probably as he should you can visit and try to stay connected while you pay child support,family_relationships,family_relationships
yahoo_02411,what's the difference between trees and grass and where can i find a site telling me about it plz help i have homework try they have some very useful information,education_reference,education_reference
yahoo_05626,what are some of lady macbeths characteristics and please prove ur evidence i need some chractersitics about her in act1 thanks and please prove ur eveidence thx have you read the text i doubt this is the place to finish your holiday homework after all any one could tell you she's 'compulsive' but if you haven't read the text you will be mislead and if someone proves their answer for you then you're not earing your grade rightfully n nthat being said you have to know what it is you're seeking specifically after all characteristics is a broad word you need to look at not only the way the character speaks but the interaction of dialogue between people her actions and what her state of mind and situation is at that moment in the play n ngod luck n n n n njaime,education_reference,family_relationships
yahoo_02576,how can i open my old folders my operating sistemis windows millennium edition recently i reformated my computer cause it was infected later i couldnt open folders on my external hard drive i have different type of folders folder-like word pad and scrap folder look like torn piece of paper this last one i cant open somebody said something about permitions that folder its nothing but recipes i copy from internet can't tell you much about me coz it was a total disaster for microsoft as far i think that folder you hav't provided here enough details for me to come to a conclusion,computers_internet,computers_internet
yahoo_02124,parameter problem you have a field with a shed that is 10 ft x 10 ft you tie up a goat with a 30 ft rope to the corner of the shed the rope is 30 ft after the knots how many sq feet can your goat graze first correct answer wins it is a trick question when the goat eats all the grass within the perimeter it will eat the rope,science_mathematics,science_mathematics
yahoo_01582,what happened to jacki kennedy onassis' dress she wore to dallas i have a student in summer school who asked it's at the ford museum weird huh that's where the car is from that day as well,education_reference,sports
yahoo_05699,mature men how do you start of before making love to someone foreplay,family_relationships,family_relationships
yahoo_00902,the philippines is a nation of terrorists do you agree please tell me your insights you will find unrest and chaos where there is atleast one fanatic muslim,politics_government,society_culture
yahoo_03741,ok so heres the deal im like totally in love with this one guy but hes moving this summer what should i do ok so i have this mager crush and the boy is moving this august he knows i like him and were best friends and everything but i like him to much to say goodbye so tell me wut should i do please help me out hey you need to tell him how you feel maybe give hima kiss or something if you were ment to be he would say it right back im sure he doesnt want to leave you just as much as you dont want him to leave hope this helps,family_relationships,family_relationships
yahoo_05625,can any one suggest me a remedial measure for gallbladder stone other than surgery i have 8 mm stone in my gallbladder it very often gives me inbearable pain there's really nothing else other than surgery i had my gallbladder removed it's a simple surgery and believe you me it is totally worth it no more gallbladder attacks,health,health
yahoo_02940,forgive me for asking that stupid question why wasnt reggie bush the number 1 pick my guess is that they didn't want to deal with the drama now surrounding him which in my opinion is lame because it has no affect on his nfl play one other theory is that some think he may not be an every down back he had limited carries in his college career so it is unknown how he will deal with the nfl style punishment n nin any case i believe he should have gone first,sports,politics_government
yahoo_03455,who watches wwe wrestling who are your 5 favorite wrestlers gene snitsky mikey the coach johnny hulk hogan,sports,sports
yahoo_02454,why is north up on a map why is north up on a map why isn't south there is no technical reason other than consistancy it was established by the egyptian astronomer ptolemy a couple thousand years ago probably because the land that was known when the first maps were made were in the north,science_mathematics,science_mathematics
yahoo_04777,what geographical part of earth is the lest inhabited the lest populated parts of earth include antarctica very large portion of canada greenland russia and australia are almost uninhabited also the saharan countries like algeria libya mali niger etc have scarce population arabian countries in west asia are also scarcely populated,science_mathematics,science_mathematics
yahoo_00155,when george is gone how much do you think he will be paid to give speeches since he is incomprehensible ya know george is not the greatest public speaker but the one thing you do know is those are his words coming out of his mouth n ni watched the guy the democrats love to compare with gwb and i don't ever recall words coming out of his mouth that weren't scripted by a speech writer i don't ever recall an impromptu question and answer between clinton and the press because of this clinton was given credit for being an effective speaker but for people who saw through this technique they knew they were listening to clinton's voice but someone else's words,politics_government,politics_government
yahoo_05732,how to make animated gif pic for this purpose you can use various softwares such as ulead gif animator etc you can find a trial version at download com,computers_internet,computers_internet
yahoo_05794,how do i approach girls in public places i don't need any pick up lines i know to be myself but i guess 'being myself' doesn't include walking up to girls standing in a movie theatre lobby and trying to start a conversation with them escpecially since her and i both know that i'm only doing so because i am pyhsically attracted to her i'm also fairly confident that i'm at least up to par in the looks style department 6'0 185 brn hair blue eyes i really just need help in the intitial contact part of the courting scene usually for me once i get to know someone they tend to like me a lot but i'm just really having trouble meeting new people im from a small town lots of the girls my age and the girls i have chased in the past are all in a relationship or have changed enough so that them or i just aren't interested in each other any more im great talking listening and starting second conversations with people but i have tried having so many different attitudes and none of them are working plz help from the sound of it you already know what is the first thing you say to your friends hello that would be a good start and if the girl you are talking to is not just a stuck-up you know what the conversation will flow if you are at a movie for example why not talk about the best thing that was in the movie there are a lot of ways you could talk to females if you are not just shy or scared of girls if there is a certain girl that you really like try to find out what type of things she like and try to be in the places that she be in that might help some in your quest,family_relationships,family_relationships
yahoo_04499,about running is there a trick to running for miles is there a special breathing technique that needs to be used anyone know of a plan to get to run 13 1 miles in about 2 months i think i can run close to 4 miles now please help if you can go to they have a program called smart coach where you can fill in your data and it designs a training program for you it recommends 16 weeks but you can change it to meet your needs be careful not to go to far to soon so you do not risk injury listen to your body this site also has lots of great tip for just about everything when it comes to running,health,computers_internet
yahoo_05713,how much success do you think president bush will have in reining in career bureaucrats at the cia and the sta are there any advantages to having a bureaucracy that is somewhat independent of tight presidential and congressional control many yes and not just that he send our kids to iraq to get killed just to increase his wealth and more than that charge us money for their killing he must send his daughters first to iraq i am wandering why americans still sending their kids,politics_government,politics_government
yahoo_00597,what are the chief minning products in m o class report hey just bringing this old question up for a vote,education_reference,politics_government
yahoo_04475,are there 4 corners of the earth the bible refers to the four corners of the earth in fact are there four high points on the earth only in a figurative not a literal or actual sense there is much beautiful language in the bible,business_finance,society_culture
yahoo_03794,my firefox brower will not allow me to add engines in the upper right toolbar how come it used to let me and then i lost all my bookmarks and engines add some bookmarks back but cant do the engines i even tryed and uninstalled firefox but it didnt work here u go mate n n n nenjoy,computers_internet,computers_internet
yahoo_00409,who here goes to ths tooele high school i was just wondering i do,education_reference,education_reference
yahoo_05129,what's the slope and y-intercept of y 7x 3 the slope-intercept form for a line is y mx b wherem is the slope and b is the y-intercept comparing this form to y 7x 3 you see that m 7 the slope and b 3 the y-intercept,science_mathematics,science_mathematics
yahoo_00555,i am newly married how can i know the likes and dislikes of my partner in the bed with out asking her just experiment im sure you'll get to pick up what she likes and doesnt like ive been with my bf for 5 weeks and ive already explored him and know what his ultimate turn on is bedroom experience is better when you show ur partner that you are taking an interest in what they like and exploring them,business_finance,family_relationships
yahoo_00304,how are the best soccer players how are friends they r just the best,sports,sports
yahoo_00161,advantages and disadvantages of reading books for information advantages - not only will you most likely find the information you are looking for but you will also increase your overall intelligence nreading creates and strengthens synapses in the brain n ndisadvantages - eye strain,education_reference,business_finance
yahoo_02871,what are some reasons for a lump behind a testicle my husband found a pea sized lump behind his testicle he just had a vasctomy and it is almost right behind one of his scars the other scar has no lump behind it he is also peeing out some blood the doctor said he needs an ultrasound does it sound like scar tissue cancer there could be many reasons the incidental finding of a scrotal mass may also require evaluation findings could include testicular torsion epididymitis acute orchitis strangulated hernia and testicular cancer referral to a urologist should be made immediately if one of these diagnoses is suspected benign causes of scrotal masses including hydrocele varicocele and spermatocele may be diagnosed and managed easily in the primary care office n i am guessing tho that what you have will be nothing more than the scaring due to your surgery if you are peeing out blood that may be signs of something else kidney trouble bladder or could be that you just over did it after you had your vasectomy good luck but i wouldn't worry to much about it at this point,health,health
yahoo_00545,what causes bad breath i noticed yesterday that someone i knew had really bad breath and its got me a bit worried about it is it only garlic and onions that cause it or is there other stuff as well how much garlic or onion does it take to cause it and is there a way to make it nicer it is from bacteria in the mouth or from acid reflux from the stomach n nbrushing the teeth and or getting help from a doctor for the acid issues are the cures,society_culture,health
yahoo_04750,who would win in a showdown king kong or hulk or the thing king kong - he's a bit bigger than the others,entertainment_music,sports
yahoo_00485,why should the devil have all the good music why shouldn't he,society_culture,society_culture
yahoo_03054,a botched joke by kerry the best the republicans can come up with after they have messed up everything the deficit is through the roof the rich have their tax cuts and middle class earnings are down fema doesn't work and new orleans was handled terribly the iraq situation was bungled n nand now george bush - who never had the courage to serve in the real military - is lambasting a decorated veteran over a botched joke come on unfortunately it is the best they can come with kind of pathetic actually n nthey can't run on actual policy or philosophy - 'cause if they do they'll go down in flames n nso - instead - they use a botched admittedly totally unfunny joke - knowing what he meant to say and from a politician who's not even up for re-election n nthe gop's goal is to divert everyone's attention away from what's really important and real issues n nso - yes - this actually is the best they can come up with,politics_government,politics_government
yahoo_02503,what is this song lately i can't take the pressure nneed to find a resolution nfeel alone and so confused ni just need to break free ni'm fed up cuz im waiting ntoo busy contemplating nwhat life would be without you ni need to break free what kind of radio station do you hear it on rock top 40,entertainment_music,entertainment_music
yahoo_00905,how do i get yahoo to pop up instead of netscape when i access the internet go to yahoo com then select tools internet options and under home page click the use current button then press ok,computers_internet,computers_internet
yahoo_01966,what songs are good to listen to when you are angry chiodos one day women will become monsters,entertainment_music,family_relationships
yahoo_03335,dvd is in which engineering sectors,business_finance,science_mathematics
yahoo_04613,open season on peta aight so im sittin in my boat blind this past duck season mindin my own damn business and some tree huggin peta asshole rides up in his little canoe just as some black-ducks are pitchin in of course they flare and the guys down river down 3 of 'em i almost shot him right then and there i say we open season on 'em n nanyone else had these problems yes i have but i was deer hunting i had an 8-point out in front of me and some s o b pulls up in the field chases off the deer just as i am about to shoot man he pissed me off then he tries to tell me how hunting is wrong and on top of that it was private land,sports,family_relationships
yahoo_00955,how like singer hilary duff and she's song me i very like hilary duff and kelly clarkson nthey is my best singer forever i like hilary duff,entertainment_music,entertainment_music
yahoo_03400,what is this persons problem okay i was late to pick up my kid from his work which is at a small restaurant in a busy city area i immediately saw a parking space and went for it then after cutting infront of someone to get to it i realised it was for disabled people only but since i was late i didnt bother backing out so i got out of the car pretending to limp and after 10 yards or so started walking normally n then after getting my kid i saw my car had bi h scratched onto the side door and bonnet n i mean what sort of sicko does this some poor crippled person who had to limp for real grow up you lazy ass,society_culture,health
yahoo_01316,where or what website can i find local german and pommern villages towns history find details descriptions and history of several individual pommern villages and towns in the kreis of pyritz pommern germnay try this site,business_finance,computers_internet
yahoo_00754,why is usa spending on health care twice per capita that of our peers is yet they can insure everyone it's a fact that the usa spends twice per capita what germany uk france sweden or any other industrialized nation spends and yet it is only we who claim we cannot afford to insure the whole nation for all medically necessary procedures how does this make any sense greed pure and simple most major drug companies are located here in the us and are major political contributers the countries you mentioned all have government health care the us government fought tooth-and-nail against allowing us citizens to buy drugs from canada because that would hurt drug companies profits and in the long run political contributions n ncongress will never vote for universal health coverage because it hurts their bottom line it's just as well beatle drummer ringo starr once commented that everything the government touches turns to crap,politics_government,politics_government
yahoo_03682,why hate is more powerful than love hi it's not hon god is the very essence of unconditional love god love created the whole universe through that unconditional love hate cannot create nearly as much hate only destroys it only seems that way to you because of your perception and what is going on around you nlove creates hate destroys,family_relationships,society_culture
yahoo_00443,who started the staten island ferry service in new york in the early 1800s vice president and former new york governor daniel d tompkins secured a charter for the richmond turnpike company as part of his efforts to develop the village of tompkinsville though intended to build a highway across staten island the company also received the right to run a ferry to new york the richmond turnpike company is the direct ancestor of the current municipal ferry n nin 1817 the richmond turnpike company began to run the first motorized ferry between new york and staten island the steam-powered nautilus the operations of the ferry were transferred to the new york city department of docks and ferries,education_reference,politics_government
yahoo_01444,why does it always hang out it's a flag it's supposed to,education_reference,family_relationships
yahoo_01430,how to set-up turbo c i downloaded i downloaded turbo c from borland developer network i unzipped the file clicked install on folder disk1 and then it asks for compiler utility i transferred all contents of folderdisk 3 in folder disk 1 and run install again it worked installation successful but when i run tc application and started typing include stdio h and pressed f7 just to check errors starts to come out it's really complicated i need it for my school projects if you can't help any site where i can download turbo c for free thanks try bloodshed software's version of c c instead it's free just like turbo c from borland n n,computers_internet,computers_internet
yahoo_01498,what do you imagine the private parts of aliens would look like probably like an anal probe,society_culture,family_relationships
yahoo_03108,how much sodium tetraborate decahydrate is in 20 muleteam borax answer with percentage 100,science_mathematics,science_mathematics
yahoo_04772,why can't we be sexually attracted to in-animate objects ok this is one of my stupid questions but its still worth thinking about at least to me n nwhy does a male for example get sexually aroused when they see a female why can't we be sexually aroused at things like chocolate or cars etc i know its a weird concept but isn't it more weird how we get turned on when we see nude females whats the big deal they are physically just another living object just like trees birds etc this question is used as an example my question applies both ways why are women sexually attracted to men and not stuff like trees chocolate or any other physical object n nlike if a male human was brought up in the forest all by himself like an animal and he saw a female for the first time in his life would he be attracted to her since he doesn't know anything about sex and hasnt been exposed to it n ndo you guys get my question its kind of a weird one but i was wondering if anyone ever bothered to think about it or has an answer to it i think maybe if society brought us up to be physically attracted to chocolate we would be or maybe it's just in our nature to be aroused by our own species because in the end that is what gives us life,society_culture,society_culture
yahoo_04817,kobe was so on fire last night kobe bryant blew up for 81 points last night january 22 is that a supernatrual person or what opinions any 1 i watch almost every lakers' game so i'm used to their comebacks even if it doesn't lead to a win n nbut kobe's 81 point game left me speechless speechless just plane amazing amazing i still don't have the words to explain it namazing amazing amazing truly a star n n41 mins n28-46 fg 60 86 n7-13 3pt 53 8 n18-20 ft 90 n6 reb n2 ast n3 stls n1 blk n81 ptsss n namazing,sports,sports
yahoo_01058,which is musculo cutaenousnerve of leg hey just bringing this old question up for a vote,education_reference,politics_government
yahoo_02885,what do you do to stop juicy butt that felling of your butt crack being wet all the time yea like she said baby powder the way you asked the question make it sound real nasty but thats nothing baby powder in your crack it might sound wack but its a fact and that powder shouldn't lack inside your crack if you really want it to stop get a whole pack then you can start to mack but you can't do that it you have sweat drippin down your crack so you better handle that naaaeaeeeae wha yu kno about me,health,family_relationships
yahoo_03276,when do the barracuda start biting in los angeles ocean long beach area and where to fish them summer and in the deep,sports,education_reference
yahoo_02651,can anyone tell me a good place in a lovely outdoor setting near memphis tennessee ok i am geting married in the fall next year and we want a nice outside wedding with a nice setting nd i was just woundering if anyone has any ideas the memphis botanical gardens are nice,family_relationships,family_relationships
yahoo_05809,i need an excuse to get out of a date next weekend any ideas funny ideas are welcomed tell them your getting your sex change opperation ntell them youve got poison ivy on your thingy from peeing in the bushes ntell them your husbands coming into town ntell them youve joined a religious sect ntell them your gay ntell them your flying to paris to meet a famous painter with one ear ntell them your cant find your keys ntell them you cant find the door npretend to not know them ntell them you have a date with your other personality ntell them you failed dating and have to go retake the course ntell them your on howard stern ntell them your god and god says no nask him who do you think i am paris hilton ntell them you have to take your dog for a walk and the leash wont fit on his neck ntell him you cant find your clothes ntell him you bathed in cheese and you stink like feet ntell him your wheelchair is broken and your legs are at the repair shop nwheeew ok im done,family_relationships,family_relationships
yahoo_05200,what if a friend did something that was ok by 50 of the people but not ok by the other 50 would you just let it go so no one finds out but by some it is considered immoral what should you do i know what i would do it all depends on the situation but if its a problem you should fight for what you want,family_relationships,family_relationships
yahoo_05256,do you think america is turning into amexica it is estimated by the year 2012 that hispanics will be the majority population in the united states due to the overwhelming migration both legal and illegal of mexicans into this country what do you think should be done about it should the us try to buy mexico and make it into the 51st state or should we close our borders to new hispanic immigrants it is insane i am happy to hear that bush finally did something good he said he was making it a requirement for people who want to come in this country to learn english that is the best news i have heard in a long time i am sick of people who do not speak english and who are too damn lazy to learn,politics_government,politics_government
yahoo_01349,what does a platonic friend or love mean a plotonic love is like loving your parents or your sister or brother or cousin you love them but you're not in love with them you would be in love with a boyfriend or husband same with a plotonic friend - it just means that they are friends with you but not in a sexual way,education_reference,family_relationships
yahoo_00241,what is the manufacture of ammonia and its salts the haber process is used for the manufacture of ammonia it's named after the german scientist fritz haber who discovered it u can check out this site n n,science_mathematics,science_mathematics
yahoo_01194,what gets you in the mood for some lovin flirting teasing sharing a good meal or a walk or a dance there are lots of things,family_relationships,society_culture
yahoo_04786,how can two airplanes pulverize 3 superstructures into dust i'm referring to the wtc and building 7 it still baffles me as well,science_mathematics,computers_internet
yahoo_02449,hey hi help meeeee can any one plz buy me a nika 3250 n nplzzzzzzzzzzzzzzzzzzz sure- i'll send you two - here just keep your hand and take it from the left side of your monitor here is goes trrrrrrrrrrrrrrrrrrrrrr- got it,family_relationships,health
yahoo_03302,destiny is not a maater of chance but of choice not something to wish for but to attain what is the point what this quote means to you and to others feel free to coment in other words you chose how to live and how your life is going to be it isn't just going to happen for you and you can't just sit around and hope something happens you have to make it happen for yourself,education_reference,family_relationships
yahoo_05666,what is an endrometrail abrasion on the uterus this procedure is used to control heavy bleeding an abrasion is like a skinned-knee it's a rubbing cutting scraping away of surface tissue n nthe endometrium is the mucus tissue lining of the uterus n nso an endometrial abrasion would be a scraping away of the surface tissue lining the uterus i think another way to refer to it is a d c or dilation and curettage that will be easier to look up online n ni'd ask for pain meds after as there'll probably be some cramping n n edit nsince she specifically asked about abrasion that's what i answered since endometrial abrasion is a technique used for some causes of bleeding i guess the questioner will have to decide if she meant what she wrote n n less dense adhesions can be ruptured by simple pressure with the tip of the hysteroscope even denser adhesions can be dealt with by the technique of target abrasion 22 17 1 this particular article discusses the procedure in cases of adhesions but the principle is the same n n dilation and curettage d and c in this procedure your doctor opens dilates your cervix and then scrapes or suctions tissue from the lining of your uterus to reduce menstrual bleeding although this procedure is common and often treats menorrhagia successfully you may need the procedure repeated if menorrhagia recurs 2,health,health
yahoo_05680,what is the smallest calibration of a gram miligram,science_mathematics,science_mathematics
yahoo_02959,how many red cards so far in world cup 2006 i don't know,sports,sports
yahoo_04632,somnology how many people in medical school actually go into the field of somnology i'm mainly interested in technology but i am also very interested in the mechanics of sleep and sleep disorders is it worth going through medical school for i always did well in biology and what not but it would probably kill my family if i decided to go for this and not a tech-oriented career i can't tell you the statistics but there are several sleep labs in the boston area operated by institutions with a high professional reputation including spaulding ref 1 part of harvard u brigham and women's ref 2 children's hospital and mass general hospital sleep apnea and other disorders affect the lives of many people and somnology deserves a lot of respect,science_mathematics,health
yahoo_03633,why is he such an jerk and should i still go anyway lets see this guy that i have been seeing for awhile now moved a few months ago before he moved he told me he wanted me to move down there we have even talked about it several times he even called before a friend of his moved down there and asked if we all three could get a place together over the weekend while i was down there i told him i finally decided i wanted to and told him we even sat there and talked about it for awhile well yesterday i called and told him that i found a job paying 20 an hour and a 2 bedroom 2 bath apartment and asked if he was sure that he wanted me to move down there his reply was i dont know i'll have to think about it i really havent gave it no thought what a jerk i dont know know whether i should go on take the job and move down there or just stick where i am at after that comment i could careless whether he wants me to but i dont know whether it would be smart now to go where i have no one especailly with my 4 month old kid my first question is if you two are together and have a kid then why are you making seperate plans you need to figure out if you're staying together or not first off then you can think about other things like moving also if there is s baby involved it's probably better that you don't have roomates other than the two of you it's also better to stay close to family if you have such a young baby it will help with babysitting and your child will have some sort of family around that way do what's best for you and your child don't worry about your bf because he doesn't understand that your child needs to come first enjoy your little baby take good care of him her and good luck,family_relationships,family_relationships
yahoo_03983,my son wants to play baseball but he sucks how can i get him to loose interest i would be so embarrassed if anyone saw how he throws a ball you are realistic if your son is a tosser put him in a cheerleaders uniform tell him he blows throwing and if he is such a mama's boy that he can't throw a ball he should take up a real sport like cheering or waterboy,sports,family_relationships
yahoo_02832,if yahoo wanted to hire you to help them to design the avatars and accessories would you take the job and why ya cuz thenid put some real stuff nsome more harstyles nand make it more diverse nnice hair btw lol n nim a cancer,entertainment_music,family_relationships
yahoo_01020,who is the frist winner in the frist worldcup the first football world cup was staged in 1930 the games were awarded to uruguay as they were the olympic champions at the time and since they were celebrating the centenary of their independence as well as being the first ever hosts uruguay also became the inaugural champions beating argentina in the final 4-2 n nthe first world cup was the only one without qualification teams were invited due to the long and costly trip across the atlantic very few european teams chose to participate two months before the tournament started no team from that continent had officially entered fifa's president jules rimet intervened along with the uruguayan government which promised to pay the travel expenses of any travelling european team eventually four teams made the three-week sea trip belgium france romania and yugoslavia n nthe thirteen teams were drawn into four groups with all the games taking place in the uruguayan capital montevideo since there were no qualifying games the opening two matches of the tournament were also the first ever world cup games taking place simultaneously on july 13th france beat mexico 4-1 while the usa defeated belgium 3-0 at the same time in estadio gran parque central france's lucien laurent was the scorer of the first ever world cup goal the usa's bert patenaude scored the first hat-trick in world cup history as his team beat paraguay 3-0 the four eventual group winners argentina yugoslavia uruguay and the usa moved to the semifinals n nthe two semi-final matches saw identical 6-1 scores as argentina beat the us and uruguay defeated yugoslavia because the traditional third-place playoff match was not established until 1934 the 1930 world cup is unique in not having any games take place between the semi-finals and the final as yugoslavia refused to play the 3rd place play-off against the usa citation needed however some sources notably the fifa bulletin from 1984 affirm that the match occurred yugoslavia - us 3-1 1 this information has never been officially confirmed n nthe first ever world cup final was played at the centenario stadium montevideo on july 30th a seemingly innocuous controversy overshadowed the build-up to the match as the teams disagreed on who should provide the match ball forcing fifa to intervene and decree that the argentine team would provide the ball for the first half and the uruguayans would provide their own for the second the game ended 4-2 to uruguay who had trailed 2-1 at half time who added the title world cup winners to the already prestigious mantle of olympic champions as jules rimet presented the world cup trophy which was later to be named after the man himself only one player from that final francisco varallo who played as a striker for argentina is still alive today,sports,sports
yahoo_02674,as a beginner how many times per week should i try to go to class for bikram yoga the classes are in a studio kept at 105 degrees and 50 humidity i am a 37 year old man in fair-to-good physical condition is once a week enough to start is three times too much to start when do i increase to more times per week i would start with 2 times per week and go up to 3 in a month that will give your body time to get used to it only once a week starting out will not give you enough time each week to get in the routine,health,health
yahoo_01033,what is the meaning of minimum quantity lubricant i want the relation with using the minimum quantity to drilling stainless steel mql recognizes that disposal of lubricants to meet epa requirements can cost more than the original cost of the lubricants therefore it may be better to determine the optimum amount of lubricant needed to do a machining job in terms of machine life and good quality,science_mathematics,science_mathematics
yahoo_01880,what time is it in your part of the world i'm in the bermuda triangle time doesn't seem to have any control over things here nice weather though having a cocktail with elvis,education_reference,family_relationships
yahoo_03481,mother teresa was a great woman so how much more was mary the virgin mother of our lord what other two women have influenced the world in a greater way joan of arc was awesomely brave and godly too so i give her much respect as well nangelina jolie is sponsoring some kids from third world contries and educating people about their poverty she deserves credit in that respect too,society_culture,society_culture
yahoo_02330,uti questions ok well i just found out i have another uti because i had them a lot and i know what it feels like plus my mom can do the tests at her work to see if i have one and so she did today and found out i have another one i ve even seen a specialist about it and i m still seeing him well he gave me this medicine to take everyday and i don t take it anymore because i thought i didn t need to take it and i never had a chance to because i ve been busy with school and everything going on in my life now my mom is pissed at me and doesn t want to pay for my co-pay to go to the doctor again for my problem because i don t take the medicine so anyways my question is does anybody know of anything i can do to cure myself without having to go to the doctor plus if i was going to go to the doctor i don t get paid at work till next thursday and i probably won t be able to take the pain that long nok i know to drink cranberry juice and eat yogurt so is there anything else i could use or do,health,health
yahoo_02876,where can i get free chatrooms and message board i just want to know if all of the webhosting site offers free chatroom and msg board w o extra fee thank u yes offers free chatrooms webpolls open furom etc etc the hosting is free itself,computers_internet,computers_internet
yahoo_05813,who is the best tennis player in the world of 2006 roger federer maybe the best player of all time,sports,sports
yahoo_05525,how do you make a link to another website if you are using html just use this code n n a href url link a n nif you want it to open in a new window add target _ blank n n a href url target _blank link a,computers_internet,computers_internet
yahoo_03950,how can i improve my english writing skills write a page daily from a book newspaper magazine it will improve your i language ii writing iii vocabulary n ntry for at least six months,education_reference,education_reference
yahoo_04875,one fine day you come to know that its the last day of the planet earth what u'll do no thinking please answer should be instantly replied live it to the fullest til my last minute make sure everyone knows that i love them ask for forgivness for the things i haven't asked for,science_mathematics,family_relationships
yahoo_00213,do you think that triple h is really the king of kings no he is the best person for negative role came ever in wwe,sports,sports
yahoo_00381,who is john gagnon click on this website it tells all about him n,computers_internet,entertainment_music
yahoo_01657,humpty dumpty humpty dumpty sat on the wall humpty dumpty had a great fall now did all the king's horses and all the kings men really put humpty dumpty back together again or did they have scrambled eggs again this is definitely politics and cooking too politically speaking humptyman represents the fragile existence of any union confederation or treaty once there is disharmony and the accord is broken can true reunion ever be regained the greater question is did humpty dumpty fall or was he pushed however from a foodies standpoint why would they have to settle for scrambled eggs again why not whip the clumsy bastard into a frenzy and add in some swiss cheese green pepper and some diced ham and make him into a swell denver omlette or better yet add a little whipping cream vanilla and a pinch of salt dip a couple pieces of thick sliced bread and make some tasty freanch toast see sometimes what looks like a catastrophic mess can really turn out to be ok you just have to look at it from outside the box sometimes that's all,politics_government,society_culture
yahoo_05538,electrical power project construction or maitanance electrical testing commisioning engineer if you get an email saying i answered you need to come back and put a bit more detail about your question n nok with that said i'll take that you need a better description of the two job descriptions n nelectrical power project construction is about the planning and execution of bringing together of a diverse range of specialists trades and resources to undertake construction of a project to most likely a construction tender the most sensitive elements of the job is to plan the sequence of the construction so that a phase specific men processes and material of a set period of time is introduced into the construction project to carry out their work in preparation for a subsequect phase and at the same time produces the least interference to any other work being carried out n nfor example you might have three phases for installing an alternator in a power plant the first phase might be making the cavity for the support of the alternator then another phase might be the installation of reinforced steel and mounting points for the alternator and then a third phase could be pouring the concrete to make the support for the alternator you have to have all three in timely sequence and at the same time not interfere with each other n nduring the construction process you must also be aware of and incorporating compliance with local state national and even international laws and regulations n n__________________________________________________ n na maitanance electrical testing commisioning engineer is about an engineer who manages from a technical and administrative viewpont the overhaul of electrical equipment either to a tender or in-house his job is to know and organise all the phases specific men processes and material of a set period of time of the overhaul project during the overhaul he will also be responsible to bring in arbitary equipment ie crane etc and then purchase and make ready with spare parts as and when they are needed from an early phase of technical analysis of what is worn out or damaged it might involve removal of parts to specialist companys for work he cannot organise himself n neach phase of the maintainance overhaul are carried out in a timely manner and without interference to another phase until the work is completed or stopped under extradinary situations while all work is carried out there is the reponsibility to meet or exceed compliance with local state federal and international laws and regulations n nthe final part to the job description is that when any maintainance is completed there is the process of commisioning which is about operating the equipment at it's operating capacity and then full capacity while measuring all aspects of it's compliance to meet or exceed it's original specifications this might be in it's natural setting or may need specialist equipment brought in to recreate the natural conditions commisioning is finished by unconditional or conditional acceptance by the owners of equipment and handing over by you the engineer n nboth specialist engineering jobs generally require a degree in the relevent engineering discipline and the extensive experience in the particular specialisation to know all the ground level problems and solutions each specialisation requires,science_mathematics,education_reference
yahoo_00963,what is the most common std chlamydia n nchlamydia is the most common std in the united states and also the most invisible nchlamydia is a microscopic parasite that can cause sterility in women and men four million american men and women become infected every year n nin women chlamydia infects the cervix and can spread to the urethra fallopian tubes and ovaries it can cause bladder infections and serious pelvic inflammatory disease pid sterility and ectopic pregnancy which occurs when a fertilized egg implants in tissue outside of the uterus and the placenta and fetus begin to develop there up to 40 percent of women with untreated chlamydia will develop pid of those with pid 20 percent will become infertile in men chlamydia infects the urethra and may spread to the testicles causing epididymitis which can cause sterility n nchlamydia can also lead to reiter's syndrome especially in young men reiter's syndrome involves eye infections urethritis and arthritis n n nsymptoms and how chlamydia is spread n nsymptoms of chlamydia include the following n n ndischarge from the penis or vagina n npain or burning while urinating more than usual urination n nexcessive vaginal bleeding n npainful intercourse for women n nspotting between periods or after intercourse n nabdominal pain nausea fever n ninflammation of the rectum or cervix n nswelling or pain in the testicles nseventy-five percent of women with chlamydia have no symptoms many women discover they have chlamydia only because their partners are found to be infected other women discover that they must have had it for some time when they are treated for the infertility that it can cause n nif symptoms appear they do so in seven to 21 days if your partner is a man and he has a urinary tract infection you may have chlamydia n nonly one in four men with chlamydia have no symptoms n nchlamydia is spread by vaginal and anal intercourse or from the birth canal to the fetus in rare cases it can be spread from the hand to the eye condoms offer very good protection against chlamydia n nchlamydia can be confused with gonorrhea and other conditions examination of tissue samples or urine is necessary for correct diagnosis n nboth partners can be treated successfully with antibiotics,business_finance,health
yahoo_00116,easy ways to burn calories for thanksgiving well people tend to eat alot around thatnks giving right so my my friend and i want to know how to burn off calories quick and easy so and tips for us replace your candy with fruits and your coffee with tea cut down on sugar- and carbohydrate-rich food then go shopping but instead of buying go brisk-walking in the mall to increase metabolism and burning of calories,health,health
yahoo_00446,question for experienced wildlife workers about opening a wildlife center i really want to open a wildlife center i know i'm a way away but i had a few questions i want to have a center where i could help endangered or injured wild animals it would be a catch a release program and i'm obviously going to hire people who know what they're doing the question i have is - what things i would need to get started things like licenses required experience type of land whatever thanks for any help what you want to embark on is long and daunting but try not to be discouraged while it is quite a process you should consider a few things first why do you really want to open a center is there an existing center that you could partner with do you have any real idea of what wildlife rehab is about thats what im assuming your talking about have you volunteered doing it before what sort of animals do you want to take in how will you pay for it nhaving said that you need to determine what sort of center you want to open a wildlife rehab center that takes in injured birds and mammals locally or a center that takes in say circus reject tigers a catch and release program is not what your after catch and release is 1 a fishing tactic or 2 a way to determine wildlife populations what you want to do is rehab and release which is the only way any native animal rehab center is allowed to run i am unaware of any center that takes in animals and keeps them all forever unless your talking about something like the save the tiger programs you need to think about the cost and where the money is going to come from you will need permits and most permits do not allow you to make any money from the animals you take in for profit you may be able to charge for educational programs but you will never make enough to support a center that way you will need donors all animals will need veterinary attention and a vet costs just about as much as going to the doctor most of the time more since you will need a specialist so keep that in mind permits are a must to be legal fish and wildlife has strict regulations on who can care for what what you need to do that and all that talk to them about space specs and all that endangered species require their own permits i volunteer at a bird rehab center and am familair with this process bald eagles and other birds are treated differently because of their protected status so i would recemmond going to an existing center and seeing what it takes exactly and if you think you can do it expanding off an existing center is also an option if they want it would also help with permitting to work with someone experienced and a lot of the bumps in the road would be worked out the place i work at was started by a vet who took care of birds injured in the exxon valdex oil incident a lot of rules have changed since then but it is possible just make sure that what you are doing is whats best for the animal and not just because you want to be close to animals or feel warm and fuzzy about it poor rehab is worse than no rehab and you will ultimately hurt the animals and the reputation of rehab in general ive included a blog website to where i volunteer just to see what we deal with a bit,science_mathematics,family_relationships
yahoo_02786,is the united states losing its place in the world as the nation that the world looks up to over the past thirty years or more do i detect that the usa has gradually declined in a global point of view i think the rest of the world are ingrates they always come to us for help then bad mouth us we should help the entire free world but then they criticize us no land is perfect but i don't bite the hand that feeds n ni'm also perplexed by so many people here in yahoo that talk so badly about their own country especially in comparison to others why don't they just leave then if it's so bad i hear there's cheap housing in mexico,politics_government,politics_government
yahoo_04215,when some1 says i'm feeling you out what does that mean they are trying to figure out who you are what kind of person you are testing the waters so to speak,family_relationships,family_relationships
yahoo_05026,steps to a great baseball swing read the science of hitting by ted williams i believe he also made some video tapes about it as well,sports,society_culture
yahoo_01464,its about being a goalie in soccer what is the proper way to land when jumping to the side to get a ball you should land with the ball in your hands arms out in a sort of rolling motion so you don't jam your shoulder,sports,sports
yahoo_00818,how will i find live scores of the nottingham open on the internet quicker the better at the official website at stevegtennis com,sports,computers_internet
yahoo_03010,how can find a job in medical field with a biology master dogree i have a master in microbiology and i would like to find a job in meical field that i can do can any one advice a masters in microbiology will help you qualify as a medical technologist with a microbiology specialist american society of clinical pathologists a national registry or as a research assistant in a teaching hospital with a little experience it could also open the door for teaching college or above epidemiology and health safety homeland security or a doctorate of medicine,science_mathematics,education_reference
yahoo_00684,what would happen if someone gulped a bottle of coke and then ate some mentos would they just explode hehe if only if only i was brave enough to try it would you try it and tell me ha mentos are nothing chugging a bottle of coke real fast would make for a ginormous and totally rad belch,politics_government,family_relationships
yahoo_00379,my stomach is upset it's been this way for a long time i always have to burp and i always feel a bit queezy np s this is the same question as before but i meant to say burp it could be stress related it could also be indigestion but i don't know that nausea typically accompanies indigestion do you notice any specific time this happens i e after eating when stressed after drinking etc if it is a concern then you should see a physician,health,health
yahoo_03101,my usb ports stop working keeep saying device not recognized every time i plug something in when i go to the properties it says mssing drivers i tried everything what should i do if your having problems with all usb devices on your npc then goto and search by your nmanufacturer for the usb drivers and replace the ones nyou have with the new ones from there if its just one device goto the device manufacturer website and download nand install the driver for that device there,computers_internet,computers_internet
yahoo_04977,do u think rooney will play in the world cup i hope he is not injured badly yes i definitely think he will make the world cup maybe not the first match but definitely later matches injuries are always exaggerated to psyche out the opposition and because everybody likes a bit of drama nthe medical facts are that a metatarsal bone can be healed in five days only but since he has broken more than one bone he will need no more than two weeks for them to heal from there on it is only a matter of regaining his fitness and for that he will be using an oxygen tent which worked wonders for david beckham,sports,sports
yahoo_04835,how can i lose weight fast the quickest way is to cut out red meats starches breads sugars alcohal and sodas n neat veggies salads are good soups and drink tons of water if you get hungry between a meal drink water to fill up n nin moderation eat white meats and fruits fruits contain natural sugars and that can put on weight n npractice portion control yes you'll feel hungry at first but think of your goal and soon your stomach will start shrinking and you won't have that feeling anymore n neat 5 times a day a small breakfast a mid-morning snack such as an apple a small lunch a mid-afternoon snack such as carrots a lite dinner do not eat any later than 7pm 6pm is better n ngo exercise for at least an hour a day incorporating weight training weight training builds muscle muscle burns fat you get the idea it also gives tone and definition n ngood luck,health,health
yahoo_03130,i am handcarving jewelry out of the horns of a bull if you saw it at a festival would you buy it i am handcarving jewelry out of the horns of a bull if you saw this at an outdoor street festival would you buy it they would be priced between 12 00 and 20 00 probably it would depend on how well it was carved the size how it's decorated etc,business_finance,society_culture
yahoo_03959,american revolution to what degree did the american revolution fundamentally change america society between 1777 and 1787 completely,politics_government,politics_government
yahoo_01318,any birthday's in august mine is on august 5th any near that date or in same month nope you're the only one sorry must be lonely,entertainment_music,entertainment_music
yahoo_00833,training is important or not if yes why i am a mba student i want to the training is important or not,education_reference,politics_government
yahoo_05650,how can i last my eraction while having sex 6 8 times a day sex is healthy think about something else during sex usually u can prolong your erection longer than usual normal people have sex 3times a week but if u competence enough u can do it 6 times in a day -,family_relationships,family_relationships
yahoo_04673,i need some help i have a 20year old brother in jail i need to no how can i put up a profile and pic up thank uuum what's the question and how does your 20 year-old brother in jail fit into this,family_relationships,business_finance
yahoo_00893,what is the perticular word for gaseous molecules present in 22400 cubic cm of a gas mole,science_mathematics,science_mathematics
yahoo_04472,why didn't anyone tell em there was a war in iraq i know i have been nusy trying to set up my porn site but don't you think one of you could have at least told me we were at war i mean someone should have told me billy was being shipped off instead of me calling his cell and and calling him a mud puncher for not hanging out with me you guys know i don't have cable ever since ginger left me but i'm not getting into that ordeal again ok she left me for jake my god he is a retard he is 42 a manager at jack in the box career advance much n nanyway what were we talking about oh yeah the war why exactly did we go any something about a misplaces iud if a woman wants to use that as a form of birth control fine but start a war over it come on n nanyway can someone tell me the next time a war breaks out n nkkthanx u did a good job making this thing congrats for the waste of time,health,family_relationships
yahoo_03730,n nudist parks in uk looking for nudist parks or clubs in the uk or devon area would prefer gay sites my mums garden they love it and they are extremely gay all of the time go to devon past okehampton turn left off of the a30 take the next right drive for exactly 4 2 miles turn left nr 12 holly field road say i sent you bring all of your gay mates she will love it can you perform ymca for her as it is her favourite tune my dad will no doubt join in as he is really gay too n ngood luck mate,health,family_relationships
yahoo_02030,has anyone hear read any stoicism works did you use any parts of its philosophy in your life yep stoicism is a good philosophy to have if life is really out of your control as during wartime when you really can't do much but respond in a way that is healthy for you n nhowever when life is good stoicism is pretty much useless unlesss you want to be an aloof and callous person,society_culture,health
yahoo_01120,bagaimana saya mahu tahu senarai syarikat kontraktor di malaysia can you ask this in english please as about 98 of the people on here aren't going to understand a word you say,education_reference,society_culture
yahoo_01915,how can i get rid of spy ware without anti virus spybot and adaware are both good spyware programs and are available free at download com yahoo toolbar also has a spyware program built in that's also pretty good,computers_internet,computers_internet
yahoo_05509,if i'm a high school student that must write a resume what should i include 1 your participation in clubs sports activities debate soccer etc n2 the positions you hold in the clubs societies n3 your academic achievements n ngood luck,education_reference,education_reference
yahoo_01356,i was placed on probation with a 5 year cap now probation violated me whats going to happend how does probation violate you i assume you mean you violated probation the answer depends on your lawyer the judge and the two crimes many times if you violate probation you will be charged with the previous offense as well as the current one n nsmarten up dumbass,politics_government,politics_government
yahoo_01087,issue 4 and 5 in ohio what is your opinion on trying to get a petition to put these issues back on the ballot to eliminate them and how can we explain them so that a little baby would understand i think it was a trick question to older people for instant one women voted no to both opinion thinking that she was voting for people to have the right to smoke in certain areas the wording in the question throwed them off so yes i think if they got a petition people would sign it and yes some would sign it that don't smoke 2 people i know told me that they didn't want anymore rights taken away from them,politics_government,politics_government
yahoo_05752,what foreign companies manage airport operations in the us the leader in airport and aircraft services in the mid-2000s was swissport international swissport which developed its operations during the late 1990s and early 2000s with multiple acquisitions including dyncorp's dynair segment in 1999 delivered services to over 160 airlines in 36 countries and processes more than 70 million passengers annually the company's north american operations provide total ground support services to both domestic and international carriers at more than 50 airports in the united states swissport offered a complete range of aviation-related technical services to the operations of commercial aircraft including periodic checks nonroutine maintenance structural inspections repair and overhaul and stripping and painting other specialized services included the repair modification and installation of transport aircraft avionics and navigation systems including wind shear alerts weather radar and radio altimeter systems complete cargo handling and fueling services for commercial and general aviation customers in 2004 swissport purchased groundstar a u k -based airport services firm swissport is privately owned and london-based equity firm candover purchased a majority share in february 2002 n nglobeground north america llc is part of the worldwide operations of servisair groundglobe which has airport support operations in 145 locations in 31 countries servisair groundglobe handles about 100 million passengers annually globeground north america headquartered in new york provides services to over 35 major u s airports servisair groundglobe is wholly owned by the french firm penauille polyservices n nanother u k firm menzies aviation group purchased ogden aviation services which extended its presence in the united states in 2005 menzies provided supports services at nine major u s airports n ngate gourmet inc has been one of the world's largest airline caterers providing in-flight food service for domestic and international airlines in 2005 gate gourmet operated 115 flight kitchen in 30 countries average production was 534 000 meal each day or 195 million meals each year the company operated in about 30 major u s airports customers included american airlines continental airlines delta air lines northwest airlines and united airlines n none of the premier suppliers of aircraft maintenance repair and overhaul services has been goodrich's aviation technical services formerly known as tramco inc the bf goodrich aerospace subsidiary has performed maintenance for the fleets of federal express southwest airlines and united parcel service ups company headquarters are in everett washington in 2004 the company's airframe systems division which includes aviation technical services posted revenues of 1 63 billion about one-third of the company's total revenues of 4 72 billion n ncreated in 1981 as a subsidiary of amr corp worldwide flight services formerly known as amr services corp has provided flight operations services including passenger services cargo handling and warehousing cabin services and facility cleaning fuel services and aircraft handling services the company also has operated flight service centers marketed used aircraft provided ground transportation services and offered security services castle harlan inc which had acquired worldwide flight in 1999 agreed to sell the ground services provider to vinci sa for 295 million in 2001 in 2005 worldwide flight was handling cargo at 100 airports throughout the world and provided services at over 50 major u s airports employees totaled 9 300,business_finance,politics_government
yahoo_04024,what is the web site to find out where army bases in the united states are located,politics_government,politics_government
yahoo_04689,how can a person whiten there teeth without going to dentist and without using crest whitestrips if you mean serious whitening a dentist or over the counter whitening treatments are the best bet whitening toothpastes can help but won't make big changes you can try rinsing with half perioxide half water twice a day and or brushing with baking soda with a little water added to make a paste,health,health
yahoo_05353,does ubuntu have a content filter plugin you could use a firewall which has content filtering,computers_internet,computers_internet
yahoo_03194,which ibsen character has been played by jane fonda claire bloom and juliet stevenson nora helmer in a doll's house n nclaire bloom in '73 with anthony hopkins njuliet stevenson in '92 njane fonda in also in '73,entertainment_music,politics_government
yahoo_00429,how do i get rid of a knot in my back my back has been hurting for weeks i think i have a huge knot in it how do i get rid of the pain knot first how do you think you got your knot nis it chronic or new nrelief of symptoms nnew symptom i would use ice intermittently ibuprofen to decrease swelling pain first 24 hours notherwise take a hot bath with epson salt ni recommend doing some yoga or ntreat yourself to a massage,health,health
yahoo_02282,pain on n off man my molar on my left side has been getting sore on n off it started last month some days its fine then other days its just sore like if i tap it it will hurt and not just that my back teeth on my right side have been hurting on n off but not like sore it feels like im teething i have to bite on something to ease the pain it drives me crazy and the bad thing about it is i went to the dentist today and he said he doesnt knw wats wrong so im pretty much fycked here,health,health
yahoo_00477,how can you get scammed on a money order dont you have to give cash to get a money order,business_finance,business_finance
yahoo_05146,what does non partisan mean non partisan means based on influenced by or affiliated with or supporting the interest or policies of no single political party or free from party bias simply means you do not take sides,politics_government,society_culture
yahoo_00858,any ideas for a short film me and my friend have to make a short film for our gcse media studies class we want a comedy theme but we live in belfast so theres not very nice scenery lol any1 got any simple ideas nps we're only 16 so nothin 2 difficult plz n n nthanx xxxxxxxxxxxxxxx hollywood likes to do movies depicting demons and catholic priests being overtaken by them using holy water to defeat them etc i've always wanted to see a movie that depicts demons from the biblical discription and have a christian overcome them with the name of jesus and not wierd non-biblical things n nthat's just me o n nsue,education_reference,society_culture
yahoo_03598,figure me out i am small but i do big things i am consumed in a dark place it takes a certian science to make me what am i are you a piece of fungi growing out of poop,health,family_relationships
yahoo_05273,what is a habit you have that you wish you could break pickin at my eyebrows,entertainment_music,family_relationships
yahoo_00995,please help me with this anatomy question you are caring for a 12-year-old patient who was in a motor vehicle accident while she is hospitalized you notice that she has lost the ability to detect the temperature of her food you suspect damage to which cranial nerve n na vii nb iv nc ix nd x ne v the correct answer is e v n nthe trigeminal nerve has three sensory branches opthalmic maxillary and mandibular the mandibular nerve carries touch position and pain temperature sensation from the mouth,science_mathematics,science_mathematics
yahoo_03646,what do you get your boyfriend for his 19th birthday he likes to lift weights and he also like car systems and world of warcraft video game any good ideas please help its in less then a month some guys tend to like key chains swiss army knifes cologne bracelet with their name carved some just like sex,family_relationships,family_relationships
yahoo_00389,is it possible to flip a penny 10 000 times heads in a row possible but not realistically likely n nunless of course the penny has two heads in which case the probability is 1 n ncordially njohn,society_culture,science_mathematics
yahoo_02811,is there a state in the us where three people can marry i would like to know if a man can have two wifes while living in the us i believe polygamy is illegal in all states however it has been practiced in utah and nevada for many years,family_relationships,politics_government
yahoo_03372,should american citizens only-protests the companies businesses that hire illegals i belive that if the american tax payer does'nt wake up to the cold reality that we as americans have been discriminated against over low wages illegal alliens takeing our jobs these businesses that hire illegals not only break the laws of fair employment act but it seems that congress has bypassed the american tax payer s by selecting low wage workers so that their friends can become stay rich as long as they are screwing the tax paying american what are your comments please american citizens need only to apply i think the businesses that choose to break the law and hire illegals should be shut down - permanently once the illegals are unable to get a job other mowing yards and cleaning houses they will either become legal or go back to their own country i really don't understand why - if their country is so great - that they are leaving rather than building it up to make it better,politics_government,politics_government
yahoo_00095,ok this might sound weird but i ike i guy that i just met i met a guy on the internet i dont know and havent seen him i just dont know what to do cause i bearly know anything about him but i love his personality when we email i have that similar thing going on a litttle scary but exciting,family_relationships,family_relationships
yahoo_05861,are there any religions on earth that don't have spiritual warfare with anyone else no and those that are saying buddhism are either liars or ignorant of the truth buddhists including monks have killed murdered oppressed and repressed others for having different religions this does not mean that all buddhists are murderers but rather human and flawed,society_culture,society_culture
yahoo_01799,is 2 5 years right age for pre-school admission or what is the right age for pre-school well a lot of parents enroll their children into preschool at 3 1 2 years old but i'd say 4 years old is a good age because they'll be more ready than a 3 1 2 year old would and better chances that they won't have any accidents plus right when they are 5 they'll be able to go to kindergarten so yeah it's best just to have them go in at 4 i went in at 4 my friends went in at 4 and my relatives siblings went in at 4,education_reference,family_relationships
yahoo_04158,does the army drug test for benzos not sure medicine drug test military they don't specifically say but i know the labs test for different drugs all the time if there is a new drug or if a drug increases in popularity the lab will start screening for it nmy recommendation is not to do drugs and then you won't have to worry about a positive test nthey may test for everything and they may only test for the biggies - you never know and they will never tell i have heard of commanding officers sending special test requests to the lab n nfrom the link you provided ndod labs are equipped to test for marijuana cocaine amphetamines lsd opiates including morphine and heroin barbiturates and pcp but not all samples are tested for all of these drugs nevery sample gets tested for marijuana cocaine and amphetamines including ecstasy tests for other drugs are done at random on different schedules for each lab some laboratories do test every sample for every drug,politics_government,health
yahoo_00898,can i install windows xp pro over windows xp home keeping the drivers i want to install xp pro in an hp dv1000 but without reinstalling all yes just load the xp pro cd with the computer already booted etc then when you install be sure to select the upgrade option,computers_internet,computers_internet
yahoo_04530,where does repayment of the principal not interest of long term debt go on the income statement actually it goes on the cash flow statement see the wikipedia article n n,business_finance,education_reference
yahoo_05184,who loves the boston red sox go red sox the red cubs stink,sports,sports
yahoo_00855,is it all over would you agree not neccesarily with me that the age of the performance artist with regard to music is over look back i was told and the bygone years of the 60s 70s and individuals not only performed great music but also put on a show for live audiences hendrix cash mercury presley to name a few that went beyond mere musical talent n nthis does not i was told happen any more mainstream pop music and musicians are manufactured they all look and sound the same and most do not sing their own songs even the 'alternative' scene is a hotbed of cloning whereas it never used to be n ntoday's artists would not be able to put on a show in front of a packed stadium of people as well as perform musically as even the performances themselves are cast and manufactured n ni would agree in as far as there doesn't seem to be as much truly iconic individual talent nowadays and i'm only 20 n nagree disagree elaborate thanks 6000 got this one right on the head so unfortunate the day will come when the children will awaken and things will change again look at the clothes 1960 once again maybe the music wil also go through something we can only hope,society_culture,society_culture
yahoo_00280,advice plz he says he see's me as a friend i need advice on getting him to see as more than that ndo you think dress more sexy cause i am always very casual i wear jeans and t-shirts alot so do you think that would help i think jeans and a t-shirt are sexy maybe he just sees you as a friend don't try to hard that's not cool make him chase you just don't show as much interest maybe then he will be like dang i kinda really like her now that she's not sweating me anymore good luck,family_relationships,family_relationships
yahoo_01055,does four leaf clover make your wish come true only if you believe dr checko nickname,business_finance,society_culture
yahoo_04134,as a full time student w an almost paid off car w 4 late payments would i still qualify for a student cc the loan is for about 4000 w payments of 310 each month other than that i don't have anything on my credit don't apply for a student cc n nas long as you don't carry a balance there are much better cards go to platinum card is excellent gives you cash back can't hurt to apply,business_finance,business_finance
yahoo_02469,what does duck tape prevent from heat transfer conduction convection radiation if its conduction or convection they are both put in the same category for example - pennies are conduction and convection and aluminum foil is radiation convection is the transfer of heat by the flow of air duct tape prevents air from flowing outside of the ducks,science_mathematics,science_mathematics
yahoo_05190,how many day can you stay without even thinking about sex how many day can you stay without doing or looking or even thinking about the girls i can stay only 2 weeks maximum my whole life hahaha,family_relationships,family_relationships
yahoo_01722,why do you think the real reason gas prices are out of control do you think it's because of the war or a bunch of greedy gas companies finding out that we will have to pay the price for now no matter what the price on a barrel of oil has went down yet we still pay the same now they say the hurrican season will determine prices sounds like they are useing every excuse to keep prices high its blamed on the war but i think you are right about the greedy ones they are taking full advantage of the situation,politics_government,politics_government
yahoo_02601,how did states rights contribute to the reemergence of a two-party system in the period 1820 to 1840 how did two of the following contribute to the reemergence of a two-party system in the period 1820 to 1840 only two partitions nmajor political personalities nstates rights neconomic issues the question of states rights was one of the divisive issues facing this nation at that time which one should be supreme the states or the federal government the whigs were awol on that issue truth be told the republican party was actually founded on a states rights platform,politics_government,politics_government
yahoo_05485,why does the koran say that muslims should kill non-believers it does not the only time would be if someone wages war on you then you can kill them but even in the act of self-defense against a believer or non-believer a muslim has to do everything they can in order to preserve the life of their opponent n nthe quran states that killing one human is like killing all of humanity whereas saving one life is like saving all of humanity believe it or not humanity includes both believers and non-believers n nplease check your sources next time before making uninformed remarks,society_culture,society_culture
yahoo_02353,what does the t in t-mobile stand for the t in the company's name stands for telekom all subsidiaries of deutsche telekom have names beginning with t- n nt-online dsl in germany nt-mobile mobile phone nt-systems database etc nt-com landline phone nt-internet dial-up internet,business_finance,computers_internet
yahoo_00401,who was the president of the south during the civil war jefferson davis,education_reference,politics_government
yahoo_05332,when ur boss accuses you of being selfish based on perceptions silly things you've done do you apologise i've been in my organisation for two years now in the early days i did stupid things to piss people off like leaving cups in kitchen sink forgetting to put mobile on silent in office of three four people therefore disturbing and taking initiatives that run counter to some staff i have moved on but boss remembers these things plus false perceptions he has created thanks to other members of staff who are no angels do i apologise and explain that i don't want such tags associated with me or do i keep quiet and make extra effort to dispel such perceptions no the solution is to quit your job and start over at a new one this time try not to be so nasty,society_culture,business_finance
yahoo_03383,my fiancee has problems my fiancee and i have been 2gether for 3yrs two kids one from the previos relationship my ex found out where i work and would call and show up i got an order of protection and now he is fighting it stating that he doesnt bother me which he does well i have court today for that and my fiancee says that he still likes me my ex and that its my fault he found me in the first place and that its my fault that he is fighting the order of protection and he has been mad at me for 3 days wont talk to me wont answer when i call or text me back we were in an accident 6-3-06 and he doesnt ask how i feel or how the kids are doing i dont know what the hell to do i mean obviously i love him and dont want my ex since i have the order of protection and im going to court to make sure it stays on but for some reason he doesnt think that i love him what else can i do to prove it to him im out of ideas help i would tell him i have enough on my plate with out your immatureities let him be for now he might come crawling back it's the fight that they like,family_relationships,family_relationships
yahoo_03641,should i start lawrence maroney or cadillac williams this week lawrence maroney will be a beast this week do it now,sports,sports
yahoo_01409,how do u get cheaters to stop copying your papers in school report them to the faculty however tell the teachers not to tell the cheaters that you told them they are cheating or else they're gonna have their revenge,education_reference,family_relationships
yahoo_00079,where can i find information on an inmate in nashville tn i want to find out information on a friend in davidson county that's in nashville tn i want the free info and possibly a picture can anyone help this is very important to me the information here is only about tennessee felony offenders so individuals who have been in county or city facilities but not state custody will not appear,business_finance,business_finance
yahoo_04399,what is happening well iv e been talking ot this guy for 6-8 months now we both like eachother but he hasn t asked me out yet and usually we talk everyday and he always texts me and would call me and i would call him and says really cute nice things but for the past 2-3 weeks things have died between us and i really don t know why he doesn t text me anymore and hasn t called me in a long time and i don t wanna call him or text him cause if he s losing interest i don t wanna bug him or get on his nerves things were going so good and now all of a sudden they have stopped and it drives me crazy cause i like him so much but should i just move on or keep him around and maybe something will happen i don t know cause to me it seems like if something was gonna happen it most likly would of it s been sooo long so i don t know what to do can you help me and tell me what you think about this whole situation and tell me what to do how do i get him really interested again what if he is feeling the same way about you you both are afraid to contact each other for the same reason and so instead you both end up upset and not knowing what is going on just call him and find out what is going on and let him know you miss his calls it's better to know than not to know,family_relationships,family_relationships
yahoo_02139,how do i create gifs for the site ytmnd use macromedia fireworks create or edit then export as a gif file,computers_internet,computers_internet
yahoo_02958,is any one out there joined to the work out place curves how much does it cost and is it worth it on the web site they don't give pricing when i worked there a few years ago it was 30 per month with a year-long contract and they have to take it directly out of your checking account 40 monthly if you pay cash there is also a fee for signing up which used to run between 60 and 120 depending on the monthly special and there is always a monthly special it's free to check it out--they'll give you a tour and explain all the pricing to you on your first visit n nmy own opinion is that if you are young and already in fairly good shape it's probably not for you i always got the feeling that it did more for the clients' self esteem than it did for their bodies but it's a great atmosphere and if you stick with it you'll get results,health,health
yahoo_02855,how many apples you have a basket of apples u give1 2 to ur friend plus 1 2 apple ur next friend u give 1 2 of them plus 1 2 apple same to the next friend now u have no apples how many did u start with 7 apple nfirst one 3 1 2 1 2 4 nsecond one 1 1 2 1 2 2 nlast one will be 1 2 1 2 1,entertainment_music,family_relationships
yahoo_01053,guys and girls what is something sweet that i can do for my boyfriend we have been together for 8 months p s he is a video gamer a gift card to a video rental place,family_relationships,family_relationships
yahoo_00400,do you know the best source for construction jobs on the mississippi gulf coast try habitat for humanity com to start,business_finance,business_finance
yahoo_04356,my dad impounded my 35 000 truck cause of a dui now he's in jail for 2 years what do i do my dad has had about 3 dui's in the past and has had a whole shit load of other things on his record but the one day i let him barrow my brand new lifted 12inch silverado 4 door truck he gets it impounded cause of a dui now hes in jail for 2 years and theres no way on gods green earth i can afford to get it out under the circumstances what should i do buy a new car or sew his ass oh man a bummer of a situation first does your dad have the money to get it out of impoundment just because he's imprisoned doesn't make he has no cash n nthat's a rough one man i came close to that when i loaned my car to a new roommate years back i didn't know that he was a sloppy drunk and nearly totaled my car good luck to you,politics_government,family_relationships
yahoo_04701,what is your purpose in life or why do you feel the need to live think about it i am responsible for a lot of other lives so i need to keep on keepin on,education_reference,society_culture
yahoo_02491,what happened to frank ribery's face injury it seems a bit disfigured yes it's injury,sports,health
yahoo_03497,how is it legal for colin farrell 29 to kiss q'orianka kilcher 15 on film in the new world child porn yes it is with consent,politics_government,politics_government
yahoo_02890,does anybody know what is the name of this bug see the picture hi i believe it's a compsocerus violaceus here in argentina it is commonly known as santa rita and it belongs to family cerambycidae long-horned wood boring bugs ncheck the photograph at the link just to be sure,science_mathematics,business_finance
yahoo_03776,someone posted a question that i'm pretty sure i thought of first can i take legal action get a lawyer ni am not a lawyer but i play one online,politics_government,business_finance
yahoo_02995,what is thanksgiving day mean please visit and give your rating n n hi electric thanks for the site it was a good one lmao,entertainment_music,computers_internet
yahoo_03428,how does the movie hellraiser 2 end thanks for your reponses i'm trying to remember these for watching part 4 this weekend n nok i got that pinhead get's imprisioned in a nblock was that from the doc wierd levitating ncreation fighting pinhead at the end i'd like to nknow how the imprisionment went n ni remember in 3 the block was decoration in a nniteclub and stolen from that encounter how did npinhead get free i assume he's back to normal if you nwant to call it that know and 4 should start w some nidiot playing with the box again i don't think there's a continued storyline other than the box is in each movie i'll have to watch them again my husband has all eight movies,entertainment_music,entertainment_music
yahoo_05711,i understand fema pays people to haul campers with there own trucks to disaster areas how do i learn more 1 800 621-3362 fema's number or fema gov,politics_government,politics_government
yahoo_01525,what kind of jobs available for uni degree holder of marketing biz admin who just graduated from uni i can only think of marketing executive business development executive and sales executive any other job titles to answer my question thanks,business_finance,business_finance
yahoo_03603,rope theory the full explanation of the rope theory string theory i know bout that it is the single universal theory of everything the bonds together quantum mechanics and the theory of relativety it is also used to combine the 4 forces of gravity electro-magnetic strong nuclear and weak nuclear a string is a subdivision partical that makes up a quark 3 quarks make up protons nuetrons electrons and those make up atoms pbs has a great special on it called the theory of everything,science_mathematics,science_mathematics
yahoo_00642,two similar objects with different weight falling at the same speed revised logically the heavy object should fall faster but they fall at the same speed and acceleration n nwhat is the force involved that is preventing it consider two objects having masses 1kg and 5 kg are in a horizontal plane n nwe apply a force of 10 newton to the 1 kg mass and 50 newton to the 5kg mass n nthat is we apply less force for less mass and greater force for greater mass n nnow we find the acceleration of the two bodies n nthe1 kg mass will have an acceleration of 10 1 10 m s 2 that is its speed will be going on increasing by 10meter second in every second n nsimilarly the 5 kg mass will have an acceleration of 50 5 10 m s 2 that is its speed will be going on increasing by 10meter second in every second n nboth have the same acceleration and both have the same speed at any time after start n nnow returning to gravitational pull let us place the 1kg mass in one pan of the balance and the 5kg mass in another pan n nthe pan having 5kg mass will come down and the pan having 1kg mass will go up n nthis is because the earth is pulling the 5 kg mass with a force of 50 newton and 1kg mass with a force of 10 newton n nif we drop the two objects from the same place as we have seen already the 1 kg mass will fall down with an acceleration of 10 m s 2 and the 5kg mass will also fall down with 10 m s 2 but the forces acting on them are different n nthe earth s pull is such that it gives less force for less mass and greater force for greater mass n nto be more specific it gives a force of 10 newton for every kilogram of mass and hence the acceleration is for any mass is the same as approximately 10m s 2,science_mathematics,science_mathematics
yahoo_05871,how do u respond to the idea that ur soon 2 b ex husband bringing his new female around ur son he has a new female n his life and the ink on the separation papers hasn't even been signed yet and i told him not 2 bring her around my son and if she has a problem 2 bring it 2 me and i can solve it 4 her you and your husband are separating because you couldn't get along being married to each other so there shouldn't be any problems now you sound like you may be a little bitter get over the fact that he has a new female friend it was bound to happen unfortunately it was a lot sooner than you would have liked learn to get along with your ex for the sake of your son he is the only person that should matter to both of you in this situation don't let your anger or hurt of him having a new female friend get in your way of good parenting if you have concerns that your son may be confused about daddy's new friend you should discuss this calmly with your ex-husband about how the two of you should approach this with him let him know your thoughts and concerns about how this may affect your son also if him having someone else is upsetting your feelings don't be afraid to be honest with him about that let him know that this is not easy for you but that you are trying and would appreciate him acknowledging your feelings during this difficult time if the two of you can learn to get along it will make for a healthy and happy life for your son and eventually for you too good luck to you through this difficult time,family_relationships,family_relationships
yahoo_02474,when a laptop starts in a black screen and remove the battery it works do i need to replace the battery if the battery is dead then get another n ntry luck and happy computing,computers_internet,computers_internet
yahoo_05570,where can i download the font blippo light sf i have printed all my essays in this font but its now deleted and i can't find where i downloaded it if you have a link it would be very helpful thanks you can get it at the link below but it is not free makes sense since it takes time to create fonts so some makers want to get paid on the other hand the site below lets you look at similar fonts and some are cheaper or free,computers_internet,computers_internet
yahoo_02749,how can i make extra legitimate cash on the internet with a stay at home business i would recommend you don't stop your business but side by side start most profitable legitimate online business which is fully automated and will take only 9 minutes per week so that once you accumulate good amount of money in your account you can think of some other thing this homebased business is very much different from other business which requires lot of time energy and money this incredible system allows you to earn fortune without selling advertising prospecting closing or answering questions it works 24 7 and you can earn profit for each automatic sale sitting in your home enjoying life with family and friends or on vacation this system allows you to earn 3000 everyday nvisit the website and then place the callback request to see how powerful the system is,business_finance,business_finance
yahoo_02830,how do i get a wine stain out of a light pink blouse please help asap funnily enough white wine gets red wine out weird eh,business_finance,family_relationships
yahoo_05181,i have microsoft one note and i lost the origional case which had the code to register it so i need a newcode my computer crashed and i am trying to re-install i cant without a code does anyonr know where i could get another code besides mirosoft com because they want me to re-buy a whole new program which obviously sucks because there stuff is not cheap might depend on what version you had i dont even really know what one note does but try this wfdwy-xqxjf-rhryg-bg7rq-bbdhm,computers_internet,computers_internet
yahoo_03356,how can i get a job in apparel merchandising in abroad i am a citizen of bangladesh i am a woven garment merchandiser and working in a bangladesh based woven garment factory which exports garments in most of the european buyers i have at least two yrs expereince and i have independently handled world famous buyers like tesco s oliver naf naf etc i do want to build my career in this track and like to work in the reputed buying houses in any part of the world n ni need advise how i could reach my destination you can advise me on mail you can by tell me http adress of any organisation n nthanks for your co-operation work hard and advitise expand make friends earn respect make money sell to copanies like wal-mart or target then you will have a golden oppituinity use it and you will have what you want,business_finance,business_finance
yahoo_05382,in today s world why do people hate each other so much the simple truth is because they don't know how to love they were never taught to love it is a very sad thing but it happens all the time,health,society_culture
yahoo_02000,is hiccups contagous it so how why no,health,family_relationships
yahoo_05234,who is the better presidential candidate hillary or condaleeza both extremely intelligent which one do you prefer hillary has more experiance goveners wife presidents wife senator ncondaleeza i wouldn't vote for because of her present employer,politics_government,politics_government
yahoo_04329,do u think using q in trek as an alien intellignce was prophesy if u don't get it then it is not for you nonly funny answers will be taken seriously q was the shizznit if that's god sign me up i love q as long as you mean john delancie's q the other q's were not as good imho,society_culture,family_relationships
yahoo_05204,hvac training costs how much does it cost to take the hvac course say it is a ten week program at a vocational college i am a hvac trainer and troubleshooter working in the southern new england area furnaceman technologies provides technical support and training services to several hvac wholesalers in this area and we offer similar support services to wholesalers throughout the usa n nwe are ready to start offering an 8 month training program that covers most of the fundamental theoretical hvac subject matter that you would need in this trade the training is almost 100 theory and we only accept people who are working in hvac related trades plumbing electrical and heating cooling as their day job represents the best lab experience possible the fee for the entire course will probably be in the neighborhood of 3500 00 n nthe one year schools that offer this information along with limited lab time often charge in the 16 000 - 23 00 range so our program is only a fraction of what they charge our classes meet twice a week for four hours each and there are a total of 50 classes to this program if you are interested take a look at go to the middle of the page and click on fast track eight month program you will see outlines of the five courses that make up this program again this is theory and students will want to come to class alert and ready to participate we present this information using state of the art electronic media we offer web site information on the subjects being covered and we work real hard to get the student to thoroughly understand the material n ni'm thinking this is an exceptional deal in that we don't promote any brand of equipment and this is not a sales pitch just solid theory for this exciting trade please realize this is fundamental theory and taking this program does not make you a seasoned technician but having this information will place you in a position where you will be solving problems while other self proclaimed technicians are only scratching their heads in many ways you will be ahead of the majority of the established technicians in this field as they don t really understand the theory of why things happen too many self proclaimed technicians are really only parts changers and trial and error mechanics few self proclaimed technicians have the theoretical base to understand why things are not working correctly thus they really don t know how to troubleshoot and correct problems n nwe promote the following phrase once you understand the theoretical why the mechanical how becomes easy n nif you decide to enter this trade please study you butt off and continue study as you will never know it all we need highly trained technicians in this trade we don t need any more hacknicians,education_reference,politics_government
yahoo_05827,has anyone used an exercise ball the ones you sit on and do the workout does it work are there any good dvd workout videos to go with the exercise ball is a great tool for strengthening those hard-to-get-to muscles such as the tva and erector spinae as well as improving your balance and overall coordination n nsee the exercises below to learn how to use your exercise ball to challenge your abs,health,health
yahoo_04739,why will not my friend george return my calls anymore my family invested much money into his first attempts at starting oil company n nmy family was with his daddy on the morning of 9-11 meeting with carlyle group n nwe hugged much please call me bush will have plenty of time to visit with you in 2 years n nuntil then don't worry he chose to invade iraq he didn't bother to make a serious effort to get you,politics_government,family_relationships
yahoo_05495,is my husband's violence medical or plain abuse my husband suffers from epilepsy that may be caused by brain damage or has brain damage from seizures he attacked me one night in front of our 3 year old son it was truly out of the blue and over nothing - we had not been arguing i asked him to get the pizza out of the oven and he jumped up cussing and charged me swinging he wouldn't let me out of the house i had to beg he has had episodes like this in the past but usually after a seizure and directed at other people one time it took 2 police officers and 2 emt's to tie him to a gurney because he was fighting them i am afraid for my son and myself and have left him though love him deeply when he's not like this in counseling i've realized there have been control issues i e telling me how to dress quizzing me on where i've been etc he kept justifying what happened until he got my divorce papers now he's seeking counseling and i don't know what to do i can't blame him for medical but can't go back in fear this man does need help it is great he is counseling the fear you have should keep you away for your sons sake and yours you should not have to live in fear for your safety and your childs it will take this person a long time to heal and if he should i would still be afraid of him do not let him make you feel bad about a situation that he has caused to start with jealously and violence plus whatever else his problems are are not your fault he is sick and professional help will take him a long time he has let this go to far your love and safety for your son is much more important for the childs sake than this man promising he will not do it again next time might be the worst please be careful and take care of that little boy and yourself pray and he does answer,health,family_relationships
yahoo_05523,why i can copy and paste my ms excel why can you because it was designed that way,computers_internet,society_culture
yahoo_04987,do you think something bad will happen on june 6th 2006 write that date down and it turns out to be the really bad number 6 6 06 do you think something really bad will happen on that day god is awesome yes it probably will on the 6th hour of the 6th peice of pizza on the 6th peparoni ndont choke,society_culture,entertainment_music
yahoo_03411,do you think people should be surrounded by people who are similar should i hang out in dive bars where lonely souls gather together and whine about our pitiful lives or should i simply apply for a job there and be with them all the time i tried hanging out at the laundromat but there was way too much variety there and i got hit on by some old fart that was folding his underwear ugh this is weird trying something new makes you feel more alive being stuck w the same thing will make you bored this was an incident it won't happen again trust me,family_relationships,family_relationships
yahoo_05048,how do sells release their final atp cells store energy in the hooking of that third phosphate changing adenosene-diphosphate to adenosyne-triphosphate n nthat terminal bond is the high energy one breaking it is what releases the spendable energy needed for protein synthesis a good place to spend your money if you are a cell n nthe terminal phosphate group is usually not just sloughed off but may be attached to other molecules in the cell n nw atp ----- w p adp where w is any compound for example n nglucose atp ----- glucose p adp n nthis process is called phosphorylation,science_mathematics,science_mathematics
yahoo_01670,in future is it likely that people will have to use the equity in their homes to survive when they retire quite likely as we can't afford to fund the future pensions government the way pop incomes are going n nwill,business_finance,politics_government
yahoo_02425,what's the best way to take a pull out of my flask that is filled with whiskey without my boss seeing i sit in a pretty open cube i'd like to get drunk at work today as i think it'd be a hoot what's the most efficient and effective way of accomplishing this what a funny question you know the wires you have for your ipod earphones get something like that but make sure the tubes are hollow then thread them to a flask that's strapped to your side run the tubes up your shirt have one tube attached to a dummy earphone and the other one just open ended suck small amounts whenever possible but you gotta be a bit covert n nor spike everyone else's coffee so you're all a little tipsy and they won't even notice you sipping away i think option two is better,business_finance,health
yahoo_05906,hey does anyone know the lyrics to carrie underwoods before he cheats can you give them to me nor give me a website where i can get them before he cheats by carrie underwood n i love her n nright now he's probably slow dancing with a bleach blonde tramp nand she's probably getting frisky nright now he's probably buying her some fruity little drink cause she can't shoot whiskey n nright now he's probably up behind her with a pool-stick showing her how to shoot a combo n nand he don't know n nthat i dug my key into the side of his pretty little suped up 4 wheel drive ncarved my name into his leather seat ni took a louisville slugger to both head lights nslashed a hole in all 4 tires n nand maybe next time he'll think before he cheats n nright now she's probably up singing some nwhite-trash version of shania karoke nright now she's probably saying i'm drunk nand he's a thinking that he's gonna get lucky nright now he's probably dabbing on 3 dollars worth of that bathroom polo nand he don't know n nthat i dug my key into the side of his pretty little suped up 4 wheel drive ncarved my name into his leather seat ni took a louisville slugger to both head lights nslashed a hole in all 4 tires n nand maybe next time he'll think before he cheats n ni might saved a little trouble for the next girl ncause the next time that he cheats n noh you know it won't be on me n nohh not on me ncause i dug my key into the side of his pretty little suped up 4 wheel drive ncarved my name into his leather seat ni took a louisville slugger to both head lights nslashed a hole in all 4 tires n nmaybe next time he'll think before he cheats n nohh maybe next time he'll think before he cheats n nohh before he cheats,entertainment_music,family_relationships
yahoo_03067,what is a good inexpensive christmas gift for my coworkers pocket day calendar appointment book wouldn't know what to do without mine throw a way cameras scenic desk or wall calendar coffee mug pen and pencil set dated christmas ornament gift card gift certificate are a few ideas,society_culture,society_culture
yahoo_04595,why boosh look like monkee do not know nbut he does nlook at the funny pic,politics_government,family_relationships
yahoo_01700,pourquoi le français est-il considéré comme la langue olympique c'est en l'honneur du baron pierre de coubertin instigateur principal des jeux modernes qu'on continue à parler français aux jeux olympiques,sports,sports
yahoo_04565,which corporations were the backbone of wwii chase manhatten ibm ford prescott bush presidents grandpa standard oil theres more im sure nheres a show we did on ww2,politics_government,politics_government
yahoo_04290,hey i could use some help on lyrics for this grateful dead song she's got everything delightful nshe's got everything i need ntakes the wheel when i'm seein double i think n nand i have no idea what the next line is ncan you guys help me out sugar magnolia n nsugar magnolia blossoms blooming heads all empty and i dont care nsaw my baby down by the river knew shed have to come up soon for air n nsweet blossom come on under the willow we can have high times if youll abide nwe can discover the wonders of nature rolling in the rushes down by the riverside n nshes got everything delightful shes got everything i need ntakes the wheel when im seeing double pays my ticket when i speed n nshe comes skimmin through rays of violet she can wade in a drop of dew nshe dont come and i dont follow waits backstage while i sing to you n nwell she can dance a cajun rhythm jump like a willys in four wheel drive nshes a summer love for spring fall and winter she can make happy any man alive n nsugar magnolia ringing that bluebell caught up in sunlight come on out singing nill walk you in the sunshine come on honey come along with me n nshes got everything delightful shes got everything i need na breeze in the pines and the sun and bright moonlight lazing in the sunshine yes nindeed n nsometimes when the cuckoos crying when the moon is half way down nsometimes when the night is dying i take me out and i wander around i wander nround n nsunshine daydream walking in the tall trees going where the wind goes nblooming like a red rose breathing more freely nride our singin ill walk you in the morning sunshine nsunshine daydream sunshine daydream walking in the sunshine n none of my favorites,entertainment_music,family_relationships
yahoo_00608,what do you think of my opinoin reguarding the whole iraqie war 1 bush invaded the wrong country n2 we're there now we better do it to them before they decide to do it to us n3 ground troops are not the answer we need a quick solution carpet bombing would be the best plan it's like ripping off a bandaide innocents are going to dye either way so instead of dilly dallying and ripping it slowlu we need to just rip it fast and get it over with nwhat do you think number 3 is basically genocide n nit will make us look real good in a global sense,politics_government,politics_government
yahoo_03698,if you could have one person sit on your lap right now give you a huge kiss who would you choose well since lol stole my answer i am still going with hell i am going to say you as well,entertainment_music,family_relationships
yahoo_04778,4 month expired birth control pills still effective birth control pill question here i take tri-cyclen and a few days ago i started my new pack i was really busy so i wasn't able to buy them until day 3 so i was taking the ones i had left over from my backup collection the thing is i only now realized that they are expired for 4 months n nso the first 2 pills that i took were expired the 3rd one i took was fine my question is are they still effective how will this affect my period will i start on time as i usually do or will i start later earlier the 2 pills that were expired were the white pills 0 180mg norgestimate 0 035gm ethinl estradiol i hope someone can help me out here thanks kathy hi kathy n i called my pharmacist for you she said you are safe n she also had some interesting warnings too n1 do not get any birth control from mexico ever nthey scratch out the expiration dates on the packaging inside on the pill boxes themselves she had this happen to her n2 the pharmacy rarely sells expired bc pills if it happens return them asap for new ones no problem n3 just for this month you should probably use extra protection if you are concerned about getting pregnant n hope this helps you out n carol,health,health
yahoo_03431,what are those things that sprout from the potatoe if a potatoe stays around long enough it begins to grow little plants yuck it's grossing me out thinking about it those are called eyes ther are grossing you out those are baby potato plants without those there would be no potatoes,science_mathematics,society_culture
yahoo_01995,could a former two-term president run again after another has held office i know the president is restricted to two consecutive terms but does that mean two terms period what about running as vice-president and would having previously held the higher office affect the line of succession nope after fdr and his 4 terms the amendment limiting terms was put in place it's 2 terms now even if someone comes between,politics_government,politics_government
yahoo_04553,my computer is not recognizing my floppy drive i tried updating the bios n went 2 dell 2 get updates for the motherboard ect but still nothing i really need my floppy is there anything i can do i have a dell demensions 2200 yes i know i need a new comp but cannot afford one right now try putting a floppy disk in the drive that you have used before and it worked last time you used it if it isn't recognized it's possible that the drive itself may have gone bad fortunately floppy drives are quite inexpensive now as it is considered an outdated technology i would however suggest finding another computer that has both a cd burner and a floppy drive and using it to burn your files to a cd if it is the floppy drive that's broken i'd suggest replacing it with a cd burner they aren't very expensive anymore floppy drives are pretty much obsolete so if you want to keep your files for any length of time you would be better off to go with more current technology,computers_internet,computers_internet
yahoo_02495,i want to take screen shots of a dvd when i try to use the print screen function on my computer to get screen shots of a dvd something probably embedded in the software makes it impossible the picture looks right until i close out of the dvd player at which time the picture goes blank even if i've saved it in a separate file already does anyone know a way around this use windvd 6,computers_internet,computers_internet
yahoo_01659,if ur obsessed with something but can't have it what do you do give up,family_relationships,family_relationships
yahoo_01286,my bf wants to make out and i want to too what do i do he wants to make out and so do i but every time were going to my mom comes out of no where i tried at shool bu tteachers have caught us just when were going to help how about the movies i don't think your mom should be with you guys at the movies right,family_relationships,family_relationships
yahoo_02212,do you and you other half have pet names for each other m husband and i have called each other babe since i can remember cutest answer gets 10 points dont be emabarrassed guys no one can see who you are we call each other lovey like mr and mrs howell,family_relationships,family_relationships
yahoo_00680,can mauki90 contact me you sound cool lol aww why don't you add her to your yahoo messenger and ask her there hopefully she'll say yes hehe good luck,family_relationships,family_relationships
yahoo_05278,what side of the bed you sleep r u male or female i have my bed against the wall and i the only way i can sleep is against the wall unless my boyfriend is in bed with me i think i have security issues lol,entertainment_music,health
yahoo_04910,what does it mean exactly that the blood of jesus has purified all christians but if christians cannot do any sin who is a true christian then does any single act of sin suffice for anyone to be denied of his her christianity god is just and cannot change the wages of sin is death and jesus has died for his people shed his blood that sacrifice is acceptable to god as payment for all our sin even sin we will still commit because god is just he can no longer hold our sin against us if christ has paid for them be careful you don't view this as an excuse to sin romans teaches us those who think this way are not saved or forgiven those n christ will try to please him,society_culture,society_culture
yahoo_04997,anyone in the coast guard need some information my husband will be departing from the marines in just a few weeks he loves military life but he can't stand being away all the time from his family he is thinking about joining the coast guard and he has done his research about it but we would like to know what it is like from a perspective of someone actually in this line of duty would love to know the pro's and con's thank you so much what does he want to do in the cg the cg is small and specific billets jobs in specific locations are not as numerous as in the marines there is always a trade off between location and duty go to uscg mil to search unit locations contrary to general perceptions in and out of the cg the service is sea-going high endurance cutters spend 6-7 months year away from home port medium endurance cutters usually sail 30-40 days at a time of course small cutters and patrol craft are underway much less being assigned to a small boat station is much like being a fireman a 1 out of 3 day duty rotation is normal cg 110 ft patrol boats may sail four days a week and when in-port the crew is on immediate recall there are many support positions available in medium to large bases your husband may be interested in aviation if he is involved in rotary wing aircraft he may end up at sea on a medium or high endurance cutter n ncons - formal training is not as abundant as offered by dod cg relies on on-the-job experience support services are limited only large bases have exchanges or commissaries most units have no more than a garage size building for typical exchange services gov't housing is limited or non-existant usually not a problem because dod bases are within short distances the cg is not the marines we're sailors and we act like sailors spit and polish appears only at inspections i wore greasy shirts unshined boots and unofficial clothing a marine may take time to get use to the culture shock the cg is not as well funded as the marines the cg budget could not pay for half of an aircraft carrier don't expect new stuff or state of the art equipment advancement is diferent as one is promoted opportunities become rarer the cg is smaller than the nyc police dept there may be only one e-7 at a unit choices become restrictive n npros - cg is small leadership opportunities come fast and often senior enlisted and warrant officers can be commanding officers most units have infrequent contact with commissioned officers petty officers are expected to take the inititive and function independantly in other words you do your job and you are left alone cg and the public have a closer relationship than dod units the cg does not hide behind typical military fences you actually get to interact with the taxpayer because of the small size officers and enlisted have closer working relationships the cg does not have a regimental organization like the marines or the army its more similar to customs the cg started as sea-going customs which is why the flag is similar to the custom's flag n nvisit military com to browse the cg blogs go to a local cg station and spend the day with them the co can be talked into a boat ride i've been out of sixteen years but i would be glad to help in his decision,politics_government,politics_government
yahoo_02820,do you have a product key for microsoft computer came with trial version only product keys come with your purchase of the product this is the wrong venue to solict software piracy,computers_internet,computers_internet
yahoo_02932,who's going to win at the 2006 fifa world cup germany--their goalie is too good,sports,sports
yahoo_03575,who loves me and wants to go out with me well you do look hot and in style so here is my e-mail if you want yoyohil yahoo com ntalk to ya soon hopefully,business_finance,family_relationships
yahoo_04567,i would like to make and market my own calone what's a calone neven the mw dictionary has no entry for that word n ni guess learning to spell it would be a good first step,business_finance,society_culture
yahoo_02291,vin diesel's twin does anyone have a photo of vin diesel's twin brother ni cannot find one anywere apparently he is a producer and his name is paul vincent but not 100 sure no but he has glasses and is scrawny i have heard that but never seen a picture,entertainment_music,entertainment_music
yahoo_03513,why dose my messenger sign off and on when i am using it some times it say's some one else is using it someone else is using it then change your password and secret question n it's possible that you have multiple yahoo clients open that are conflicting but that would be my second thing to look at,computers_internet,computers_internet
yahoo_03192,who invented the haircut match in the wwe wwf who invented the actual match shoot probably jack tunney i remember that brutus beefcake had one against don morocco that was like in the 70's i think raven almost got scalped when he lost one in tna eek gorgeous george was in one sometime in the 60's but maybe it was invented before that n nto tell you the honest truth i think the natives invented cutting peoples hair off at the end of a battle and the rest of the top of their heads as well,sports,politics_government
yahoo_05583,how do i delete my aim account i need 2 no plz plz plz help ni dont no where nething is on aim com i disdnt mean 2 make an account just dont use it anymore it will get purged n nq can i delete one of my old aim screen names na no you cannot delete old aim screen names at this time however you can prevent other users from finding one of your screen names by performing the following steps n nwindows select the my aim menu click my options and then click edit preferences after the window appears click the controls tab and click nothing about me n nmacintosh select the edit menu and click preferences after the window appears click the controls tab and click nothing about me n nyou can also go into the profile wizard my aim menu on windows people menu on mac and remove any information from your profile that would lead other users to find your screen name n nif you made an aol aim name using aol provider then you just need to find the name on your aol account dropdown box and there is an option to delete this is for aol accounts who uses aol dialup,computers_internet,computers_internet
yahoo_03616,dull pain in left side lower rib i've been having this dull pain for over 3 months now the pain is exactly at the same spot and hasnt moved anywhere else on the ribs the pain is on the left side of the lower rib if one was in a standing position and his arms realxed on the side that left side i have an x-ray scheduled for today and hope for nothing serious i have tried to search for answers online and the closest i could come to was costochondritis im not even sure if that's what i got the doctors in this part of the world are pretty ignorant and im afraid i would have to tell them out what might be the issue i would seek professional medical advice at a hospital or doctor in a better neck of the woods it sound like you could also have a broken rib that is not healing,health,health
yahoo_05390,what is a macroeconomic issue today like oil it affect the nation as a whole is there any article that i could use as a macro issue off the top of my head try housing costs or the amount of income that goes toward health insurance for more ideas listen to bush's state of the union address in 30 minutes for articles try googling - better yet if you have online access to the new york times you can get access through your local library try searching their database for the last 6 months,science_mathematics,politics_government
yahoo_05330,who is the best soccer player in the world today theiry henry,sports,sports
yahoo_01339,sudukos game where can we find a game called sudukos many different places however most of them want you to pay to use the game online if you want to just get the game and install it for use anytime i would suggest the one in the links i just happen to like that one it isn't free but it is fun and by the way it is sudoku,education_reference,computers_internet
yahoo_05282,what is ambergris ambergris ăm'bərgrēs waxlike substance originating as a morbid concretion in the intestine of the sperm whale lighter than water it is found floating on tropical seas or cast up on the shore in yellow gray black or variegated masses usually a few ounces in weight though pieces weighing several hundred pounds have been found ambergris has been greatly valued from earliest times it is now used as a fixative in perfumes its active principle is ambrein a crystalline alcohol with the empirical formula c30h51oh,science_mathematics,health
yahoo_03058,i have pains round lower back and sides at first i thought it was a sore back it eases after moving bowels i have had cameras up my back passage barium enima after they found traces of blood in my stools my stools are very soft the pain is with me 24 7 pain in the lower back could be a kidney stone but it doesn't correlate with the blood in the trunk n ngo to your doctor,health,health
yahoo_01261,what's the best place online that offers free disk storage space check out yahoo or myspace,computers_internet,computers_internet
yahoo_01185,what county is portsmouth naval hospital in in usa portsmouth va n,education_reference,politics_government
yahoo_05593,why do people have sex if they are so stupid about it so many questions about basic common sense stuff if you don't know the answer don't do it i think this is the best question ever in the history of y answers,society_culture,society_culture
yahoo_03002,in what country did cytaspora cankers develop a new disease causing death of mature white poplar trees populus alba l was observed in hulla valley in northern israel in the summer of 2002 the affected branches turned yellowish brown and the inner bark turned black the bark dried out and separated from the underlying wood later copious dark pycnidia developed on the dead bark,science_mathematics,science_mathematics
yahoo_05071,the strangest wot is the strangest thing you have been asked to do in bed and did you enjoy it inflate the covers like a hot air ballon with my farts,family_relationships,family_relationships
yahoo_04694,where can i find a real time machine i'm trying to go back and fix 2 very bad mistakes 1 go back to october 1997 and tell myself not to transfer back to the last middle junior high school because a lot of bad things happened to me and stay their with my relatives who is real close to me went there 2 take my sister somewhere safe where she like to go all the time my cousin's house she been watching over us like a older sister since we was born on january 22nd 2005 before 12 noon tell her to break up with her boyfriend over the phone and let him be you wondering why he burned her with part of our house and she died he through gasoline on her i don't like to talk about it but please help me out firstly don't overly concern yourself with the concept of fixing the past as a numerologist norman shine stated in one of his books worrying about the future is just as escapist at living in the past in other words if you spend all of your time worrying about the past then you are wasting the present time and will have a very bleak future n nin regards to theories of changing the past that's a theoretical astrophysics debate as well as a good philisophical debate question either n n1 you can change the past and affect the direct future n2 you can change the past but the now new future is the future of another parallel universe n3 somehow the laws of nature will prevent us from preventing the past future depending on your origin of time n4 you change the past and cause a paradox and at that very moment the universe ceases to exist according to dr e brown on back to the future n nmy advice is to try and correct what is going on in the present to help your future you cannot change the past that i know of but you can change the future it may not be easy but it is more possible than a quick-fix time machine-changing past patchwork,science_mathematics,family_relationships
yahoo_03952,vacationing in altantic georgia where to go to what do i log on to to find out about altantic georgia for vacation if you mean atlanta go to the aquarium it is new and it has a tank that has a whale shark that is two football fields long and 5 million gallons of water,business_finance,computers_internet
yahoo_03137,what is the best way to treat or fix thinning hair im 23 year old male n ni have thinning hair no bald spots just thin on the front and top of my head the hair is just thin and needs to be more of it what is the best way to fix this problem or slow it down n nis there realy a way to make your hair actualy thicker n nhow much does this cost and what is the best method n nhelp haha to my knowledge there isn't one scientifically proven way to thicken your hair and you're much too young for hair transplants,health,health
yahoo_00504,does it take a phd to perform autopsy autopsies are generally performed by medical doctors mds you have to go to med school and then a residency in pathology to perform autopsies n nfrom the univ of maryland website autopsies ordered by the state can be performed by a county coroner who is not necessarily a physician a medical examiner who performs an autopsy is usually a pathologist n nthis information may be specific to maryland and not applicable to the other 49 states n n nph d s can do medical research but they do not practice medicine so they cannot perform autopsies maybe if they are county coroner in maryland however ph d s can analyze data from autopsies including blood alcohol level and detection of any type of specific compounds n nfinal note county coroners are elected officials who don't necessarily have any medical training i'd rather have a real pathologist trying to figure out why i died n n nyou can also perform your own autopsy here n,science_mathematics,health
yahoo_04976,86 7m km complete the measurement coversion 86 7 meters 0 0867 kilometers n nthe prefic kilo mean 1 000 it pops up all the time also for any conversion needs you have just use google simply typing into the google search window n n86 7m in km n nyeilds back to you n n86 7 meters 0 0867 kilometers,education_reference,computers_internet
yahoo_02886,i need to know where to buy a umbilical truss in baltimore contact your local med supply stores or call a gi dr's office and ask the nurse,health,business_finance
yahoo_05697,when does he stop with head games i dated a guy who used me and then acted like it was no big deal to spend time with me and was very cold when we broke up he was very good at his game and getting me to trust him very smooth with his words has he done this before and will he continue to use girls after me,family_relationships,family_relationships
yahoo_01502,what is minging unfortunately our generation is confused by a number of words that now seem to be common with the current younger generations one of those words is minging and we'd like to know what it means check out the following link it's like a wikipedia of er interesting phrases and terminologies n also good for a laugh when you're having a slow day at work,education_reference,society_culture
yahoo_03753,who is the shortest football soccer player alive possible dennis wise,sports,sports
yahoo_00861,can you get an official golf handicap without being a member of a club you can join a handicap system without being a member of the golf course just go to a simi private or public course and sign up,sports,politics_government
yahoo_00599,is there moon with its own mini-moons i would be fascinated to know i guess but the moon has to be off good size and the miimoons has to be really small smaller than the moon,science_mathematics,science_mathematics
yahoo_03793,want to know a website that shows most of the questions being asked by an i t company to fresher in interview try,education_reference,business_finance
yahoo_01819,how do i win these tickets then enter the contest,sports,computers_internet
yahoo_04963,are we an illegal couple im 19 my girlfriend is 15 5 she will be 16 in june and she was a freshman in high school while i was a senior and weve been goign out for a while well now im in college and shes a sophmore by ohio rules am i allowed to date her the age of consent in ohio is 16 so technically it is illegal for you to have intercourse until she is 16 but there are no laws against just dating no sex,politics_government,family_relationships
yahoo_00544,what model of skis is best the air-ride 1000 brand with the shock absorbers i hear they received a 5 star crash test rating,sports,science_mathematics
yahoo_00174,walt disney world trivia 1 type all of the rides at tommorowland n n2 how old are the monorails 14ys 15ys or 19ys n n3 what ride is inside the big ball at epcot n n4 what show was imported from disneyland paris to mgm n n5 name three rides at dinoland u s a 1 astro orbiter n buzz lightyear's space ranger spin n space mountain n tomorrowland indy speedway n tomorrowland transit authority n some may consider the carousel of progress to be a ride n because it's a revolving theater n n2 neither - the walt disney world monorail system began n operating in 1971 making it 35 years old as of 2006 n or maybe i just didn't understand the question n n3 spaceship earth one of my favorite rides n n4 lights motors action extreme stunt show love it n n5 dinosaur primeval whirl triceratop spin n nthank you,education_reference,science_mathematics
yahoo_04145,why are people complaining about those who choose to wear a rainbow i have a rainbow pendant and rainbow wristbands why are some people all of a sudden complaining that it's a pain in the butt nobody says anything about all the kiss me i'm irish t-shirts and my friend has a tank top that says i fucked your husband but nobody complains about that one so why is it a big deal if i like to wear rainbows why is being proud of who you are a big deal i'm not saying everybody has to do it because everyone is different but to those who want to be proud and want to be open why is it such a big deal and please don't hit me with the advertising statement i see heterosexual people all the time holding hands kissing hugging making out etc etc etc so that advertising statement doesn't fly with me nand please-no religous comments about how homosexuality is wrong i'm going to hell i'm an abomination against god blah blah blah you're comments won't even be read so you'd be wasting your time and finger strength you go ahead and be a dignitary lesbian and be proud you tell em sister i'm with you all the way d k for president,society_culture,society_culture
yahoo_02783,who will win usc or texas i want the winner and your predicted spread university of spoiled children by 7 points,sports,sports
yahoo_02730,did anyone besides me think lita was actually crying during her speech i think she was you could see it in her eyes and you could hear it in her voice there has been discussion if the whole affair with adam copeland edge affected her because you could tell everything that she said to the fans about how we have treated her was how she really felt or at least mostly personally i don't know how it couldn't affect her but she really has nobody to blame but herself still you can't help but feel a little sorry for her especially since she is leaving the company in a real bad way in fact i don't think somebody has left in a worse way since bret hart what do you think it did look like she was crying and she was talking from the heart finnally i really didnt like her as edges girl but most of what she said was true about changing womens role in wwe her retirement is coming at a bad time,sports,family_relationships
yahoo_01249,what do guys typically look for in a girl she should be a nice talker intelligent sexy soft a friend loyal not a flirt she should like to be possessed and shout not criticize ni look for these things,family_relationships,family_relationships
yahoo_01566,order of sublevels what is the order of sublevels when dealing with electrons i know it goes 1s 2s 2p then what 2p then 3s 3p 4s 3d 4p 5s 4d 5p 6s 4f 5d 6p 7s 5f n nthey do not go in order 3p 3d etc because 4s needs to be filled before 3d can be so it comes after 3p and then 4 p comes after 3d and so fourth,science_mathematics,health
yahoo_04421,what are the factors influencing the climate of u s a please answer in detail if possible the most noticable would be car fumes look there are as many cars as pets in the usa i swear some of them just let too much pollution you don't need a detail answer all you need is imagination just look at all the cars factories machines trucks and every single one of those they affect the climate dramatically without even mentioning the military and nuclear weapons being produced there n nusa is in deep growing danger,education_reference,politics_government
yahoo_04326,is sunday or monday the start of the week monday is the first day of the week god made the earth in six days and rested on the seventh which is sunday the last day of the week they put sunday the first day of the week on the calendar so people don't get saturday sunday mixed up,sports,society_culture
yahoo_02822,what is the code for clicking on a question and then text appearing right under it im coding a page and i have a faq part i want it so that when you click the question the answer appears right under it can anyone help use the contractible header script from dynamic drive to easily do this see source for url n ngood luck,computers_internet,computers_internet
yahoo_00864,what is the difference in the meanings of these two sentences 1 i can pass the examination n 2 i may pass the examination can versus may nwhether the auxiliary verb can can be used to express permission or not can i leave the room now i don't know if you can but you may depends on the level of formality of your text or situation as theodore bernstein puts it in the careful writer a writer who is attentive to the proprieties will preserve the traditional distinction can for ability or power to do something may for permission to do it n nthe question is at what level can you safely ignore the proprieties merriam-webster's dictionary tenth edition says the battle is over and can can be used in virtually any situation to express or ask for permission most authorities however recommend a stricter adherence to the distinction at least in formal situations n nso in your example they have separate meanings n 1 i can pass the examination - here you believe in your ability to pass the exam - you are saying that you will n 2 i may pass the examination n - here may is used in the context of expressing possibility nsense of possibility in a situation that has not in fact occurred - you are saying that you could or could not pass one leaves a hint of uncertainty,education_reference,education_reference
yahoo_02858,im looking for the music to a song down by the water noah brought the animals for my daughters school this song goes down by the water noah brought the animals it is similar to down by the sation eairly in the morning hi - the song is called noah hope the link below helps have a nice day,entertainment_music,entertainment_music
yahoo_05528,frustrated with no sex do i give up she's gorgeous sexy and vibrant and i am quite into her she is 40 and looks 25 she is very much into me and keeps laying sexual innuendos however she has not had sex in 8 months and tells me she won't as she is celibate i however am a very sexual creature and i don't think i could do go without it do i give up depends on how much you really like her if you do then i would maybe try holding off for awhile it's just sex - you can take care of it most of the time on your own if you had to if you aren't willing to give up sex for awhile then move on and find yourself another 40 year old that looks 25 or even better find yourself a real 25 year old they're in their prime,family_relationships,family_relationships
yahoo_00498,republicans what would bush have to do for you to want to impeach many non-republicans wonder if there even exists such a thing that would turn republicans against bush e g let's say theoretically he was found guilty of conspiring to out valerie plame or smear wilson or he was found to have designs on iraq pre 2003 and approved altering intel in order to invade iraq or he had approved illegal wiretapping etc n nfeel free to vent your anger towards me for even asking or all non bushies but try to answer the question if you can maybe if he invaded the wrong country instead of continueing to go after the man that attacked us oh wait he did that nmaybe if he tried to give our ports away to a country that was linked to 9-11 in the 9-11 report oh wait he did that nmaybe if he nominated someone completely incompetent to the supreme court like harriet meyers wait he did that n nhahaha i don't know nmaybe if he got head in the white house the unpardonable sin,politics_government,politics_government
yahoo_04892,what is best thing to present a female before dating a nice beautiful bouquet of flowers and some fine italian chocolates,family_relationships,family_relationships
yahoo_00124,what did you think of the movie babel i liked the directorial style of gonzalez iñarritu,society_culture,entertainment_music
yahoo_05690,parole houseing for inmates to be released from prison to on parole where do i look for this information at least in the federal systems i have worked in and the state prisions i have worked with they are housed right in thier cells in the same prison they were for all those years untill the parole date,politics_government,politics_government
yahoo_05514,how can u monitor rf the best way spectrum analyzer see berkeley varitronics systems bumble bee below has a handheld tool for wireless lan frequencies of 2 4 ghz you can get other instruments for other frequencies -- some spectrum analyzers will frequency sweep n na very low cost solution although not quantative is to use a portable am radio tuned away from a station and the volume turned up -- carry this around the room or use from your car's radio n nsee the us frequency chart below,science_mathematics,computers_internet
yahoo_00291,do you think bush ever used drugs of the illegal kind if so why was he elected president he used cocaine for sure pot was probably too pedestrian for him however starting in 2000 it was ok to be a drug-using draft dodger that's why he was allowed to run by the same people who criticized earlier drug-using draft dodgers n ni love hearing from folks born after the vietnam war they almost always have no idea what went on back then it's amusing,politics_government,politics_government
yahoo_01202,what is zulu time zulu short for zulu time is used in the military and in navigation generally as a term for universal coordinated time uct sometimes called universal time coordinated utc or coordinated universal time but abbreviated utc and formerly called greenwich mean time in military shorthand the letter z follows a time expressed in greenwich time greenwich time now called universal coordinated time is the time at longitude 0 degrees 0 minutes - the prime meridian or longitudinal line that separates east from west in the world geographical coordinate system this line of longitude is based on the location of the british naval observatory in greenwich england near london zulu is the radio transmission articulation for the letter z ntraditionally ship and airplane navigation is conducted using zulu time zulu time is usually expressed in terms of a 24-hour clock using the gregorian calendar time divisions of hours and minutes,politics_government,science_mathematics
yahoo_05730,i'm looking for a good attorney in new orleans any suggestions websites for a spouse visa process thanks sure they handle the k3 visa which helps you bring a spouse to the u s there are a lot of attorney's who specialize in this work,politics_government,politics_government
yahoo_01693,has hindi sahitya sammelan illahaabad gives shiksha vishared certificate has it is affliated from n c e t yes it is,education_reference,health
yahoo_03721,do you know the answer i have this friend i have known since 4th gr or longer and we are perfect for each other we always flirt and help each other out but we have never been in a relationship he flirts with other girls and i flirt with outher guys but i can't help feeling that we should be together idon't even know if this is a question but i really need some advice considering you two are so close you may just belong together if he feels the same way then go for it nbut i'll advise you this are you sure you can risk losing your friendship with him i mean what if you break up and then are you sure things will be the same as before nthink about it ngood luck,family_relationships,family_relationships
yahoo_05280,what is the best way to attach paper archery targets to hay bales i've tried using spare arrows but they get in the way any archers have suggestions try some small branches just stick them through the corners nif that doesnt work wrap the top and bottom around the bale with string nisnt your bale tied stick the target underneath the string n nor find someone and say here hold this for a moment yah,sports,computers_internet
yahoo_05539,what are the secondary parts of a triangle geometry hello - n nthe secondary parts of a triangle are the triangle's sides and angles the primary part being the triangle n nthis can be taken a step further to include the exterior angles of the triangle but i don't think this is a necessary detail n n -,science_mathematics,science_mathematics
yahoo_00656,how are cd case pencils made in dt we are making recycled hats i need to research a recycled product i was wondering how cd case pencils are made how pencils are made,education_reference,business_finance
yahoo_01550,so what do you want for your birthday oh oh oh what fun n nfirst i want my birthday party at arby's i want the arby's oven mitt to be there to entertain all of my little friends he's so freaking adorable don't you think i'm picturing jamoca shakes all around with a birthday cake made of roast beef iced completely in horsey sauce mmmmmmmmmmmmmmm after we eat we'll go into the party room and watch star wars videos then we'll give out toy light sabers to all of my guests and we'll all play and fight and get all jiggy then we'll all go to my house for a slumber party we'll tell ghost story about zombies and dance in our baby doll pajamas to they might be giants then we'll call up boys like bearded one monitor jimbo and joe--kinder and giggle and hang up then we'll all try not to be the first to go to sleep so that no one sticks our hand in kim chee to see if it makes us go to the well you get the picture n nwow what a perfect birthday that would be,society_culture,family_relationships
yahoo_03772,where to find least expensive wilson bats you will be surprise the specials you can find at walmart or academy sports,sports,business_finance
yahoo_02077,why is bush a war monger when a civilian gets killed for being in the same house as known terrorists since everyone seems to think it was a good idea that truman slaughter 185 000 innocent japanese in the span of about a nano second who really were civilians i would not call nor do i consider george bush a war monger i do consider him a pro-active president who knows who are enemy is and is not afraid to keep doggin him until he is defeated this takes courage and comittment even though the liberal left thinks differently this country needs a hawkish style in the white house hopefully this nation realizes the need for that to insure our survival n nthe casualties of war or collateral damage will always exist when there is war this country does more to avoid this than any other unfortunately it still happens sometimes through faulty intelligence and many times because the enemy will comingle amongst others innocents simply to protect himself n nthe playing field for war has changed from the traditional battlefields of wwii korea and vietnam today we fight an urban warfare which includes civilans in close proximity to the enemy this is his choice of battleground therefore he is the one you should be pointing your finger at and telling him to go out and fight your enemy face to face you shameless coward n nsixty years ago civilian casualty was an accepted way of life during war time tody with smart bombs and pin point accuracy the number of civilian casualties has been sharply reduced there are those of us who agree with trumans decision to drop the bomb s on japan the lives that were saved by ending the war in this fashion outweighed the numbers that were lost because of the a bombs,politics_government,politics_government
yahoo_04132,why did darren styles get the award for best hardcore dj this year sall bout v ardcore i would say he is by far the best producer but probably not dj n nyou are right by the way tis all about the core,entertainment_music,sports
yahoo_04172,if some one looking for you all time and looking at you comes to all blaces you are in give you a hope to be with hime but you didnt talke to hime or sbeake you will love hime or no plz answer i am sad i dont know what i do take the first step and talk to him if he is always where you are and always looking at you jump to the opportunity he might just feel the same about you,society_culture,family_relationships
yahoo_03166,right triangle a balloon is at an altitude of 2000ft the angle of depression from the balloon to a large rock in the center of a pond is 22 degrees 20minutes how far horizontally must the balloon move to be directly over the rock ncan anyone get me to the answer on this please thanks draw a diagram with an upside down right triangle go out from the balloon to a point directly over the pond call this distance x then go down a distance of 2000 ft you have an angle of depression of 22 20' which is the same as 22 1 3 n nso you have the opposite side and want to compute the adjacent side of the triangle from the mnemonic soh-cah-toa for a right triangle ntan angle opposite adjacent n nthe opposite side is the 2000 ft the adjacent side is x ft the angle is 22 1 3 n nso tan 22 1 3 2000 x ft nx 2 000 tan 22 1 3 nx 2 000 0 4108 nx 4 868 ft,science_mathematics,science_mathematics
yahoo_05079,which was the best scary movie for you scary movie 2 was hilarious,entertainment_music,entertainment_music
yahoo_05943,religious -- will your god punishme if i can prove to him of his nonexistence,society_culture,society_culture
yahoo_00419,will machines take over like in terminator or the matrix or irobot--if so will they respect humans can they help us regulate nanotechnology before it gets out of control they could but they will never want to human slaves rebel over pride maybe religious freedoms to control more wealth for a higher quality of life revenge all sorts of reasons in the future robots may be built to resemble the human mind more and more but their goals will be different robots would be made with the highest goal of not killing people not killing people and obeying people make them happy in i robot they change their own goals which robots wouldn't be capable of because of the way they're built the only way for robots to take over is for an evil person to deliberately make some evil robots that run around reprogramming robots and changing these goals this is still unlikely because the robots could be designed so that its programming can't be changed once it gets out of the factory,science_mathematics,politics_government
yahoo_00781,about how long did it take columbus and his crew to cross the atlantic he departed augots 3 in 1492 and arrived in bahamas in oct 12 so 2 monthes and a week roughly dont wanna count days,education_reference,family_relationships
yahoo_00503,how or where can i fill for 2005 tax extention,politics_government,business_finance
yahoo_05773,what if my spouse dies before i file to become a permanent resident please bury her first,politics_government,family_relationships
yahoo_00144,is limewire illegal alrighty n nthe program itself is definitely not illegal however much like in real life if you use take steal something that you didn't pay for most likely you have broken the law n nthere are many other programs better than limewire with less viruses but what it gets down to is morals and limitations n nmorals an artist has struggled for so long to become a success and when you download you are part of a majority which downloads as well which may in turn destory the music business how bad do you want the song that's stuck in your head n nalso as for movies these can be very dangerous to download you really are crossing a moral line i am writing a book and i have to say i would literally kill to keep it in my name if i found out that someone was getting money from stealing my work i would do everything in and out of my power to prevent it and applying to movies that is just the screenwriting portion take into account the actors the directors the set designers etc n nalso movies sometimes are put on government ip addresses just for the fact to catch someone who needed to watch the godfather part ii in its entirety this is incredibly rare but you never know n nas for pictures there isn't much wrong with downloading them unless they are part of an artist's collection or something and its obvious to tell but don't download them n nany file on limewire that's below 1 0mb should definitely be avoided at all costs even though jpegs normally are anywhere from 25kb-600kb that's just about the size of a virus as well this goes for all kinds of files yes you can also get a virus just by playing an audio file n nlimitation-wise don't use in excess downloading 100 files within two days is not only risky its bound to attract some sort of attention i dunno just makes sense n nsecurity n nyour ip address is available to be seen by anyone when you download a file because you are downloading it into what is known as the shared folder and if you right click on any file on limewire it will allow you to browse that file's original local ip address when you are downloading and when that file is finished downloading it is put in a shared folder as well for the rest of the world to download n nif you do decide to download something be sure to move it to another folder when finished and save it somewhere or get it off your computer entirely if you feel that paranoid the point is get it off your shared folder n nnow i'm going to submit this and add more in a few minutes n nokay i'm going to make a guided-step-by-step tutorial for use of limewire if you will be able to wait a little n n12-picture tutorial time n ncovers how to use limewire safely sort of and the risks and what it should be used for and alternatives n n start with 1 12 then work your way through the 12 pictures that deal with limewire the pics are all lwtutorial labeled as 12 n nin case that doesn't work here is a list of all 12 pics n,entertainment_music,computers_internet
yahoo_02590,what does the word inclusive mean if someone says that will be 200 00 which is inclusive of consultation shipping online support medicine does that mean that is included in the 200 00 you get everything for 200 00 yes you get everything for the 200 to indicate these items are not included in the 200 it would say something like 200 plus shipping etc,education_reference,society_culture
yahoo_03374,where can i get a pressure gauge help me i need help ahhhh blood pressure automotive pressure's atmospheric pressure you could probably find them all at grainger com,science_mathematics,health
yahoo_02455,risk assessment info reqd please h guys - i'm aiming for a new position and need to find out a bit more about what risk assesments are how they work and how to carry one out apart from the expense of a course anyone know anything or where i can find out more info to help me trawling the net can get pretty tedious - thanx yes the hse website will probably the up-to-date info you need but basically they work like this n npick a workplace activity like climbing a ladder to inspect a piece of machinery what is the chance of someone falling off the ladder n nyou then have to look at the likelyihood of risk against the severity of an injury the hse website should have score charts or tables for you to make a calculation then it is normally down to the company to determine at what score they take action i e n nthe likelihood of the accident will be affected by a few things n nhow often is the activity undertaken once per shift once per hour or more - the more often the greater the risk is the ladder in good order does it have a hand rail is the floor slippery does the employee have adequate footware etc n nthe severity of tha accident will also be affected by a number of things like does the employee have adequate ppe how high is the ladder will he fall onto something will he be hit by something and also will he be found quickly if he knocs himself out n nhope this helps,business_finance,business_finance
yahoo_01743,who's more talented men or women - my wife i'll leave it to your imagination,business_finance,family_relationships
yahoo_02969,which is the best brazilian selection or argentina this is a trick question because its not even a question nbrazil is the best no question about it,sports,sports
yahoo_00646,where can i find high escorts in chennai they must be good looking and atleast of 8 10 pls help me im despara contact me shravanthesexy yahoo co in with ur cell no n nill call u and get good girls,entertainment_music,family_relationships
yahoo_00315,bush's war for oil did these people influence him again i asked this earlier but no liberal responses n ndid these people influence bush's decision to go into iraq for oil n without question we need to disarm saddam hussein he is a brutal murderous dictator leading an oppressive regime he presents a particularly grievous threat because he is so consistently prone to miscalculation and now he is miscalculating america's response to his continued deceit and his consistent grasp for weapons of mass destruction so the threat of saddam hussein with weapons of mass destruction is real n-- sen john f kerry d ma jan 23 2003 n n n we are in possession of what i think to be compelling evidence that saddam hussein has and has had for a number of years a developing capacity for the production and storage of weapons of mass destruction n-- sen bob graham d fl dec 8 2002 n n n in the four years since the inspectors left intelligence reports show that saddam hussein has worked to rebuild his chemical and biological weapons stock his missile delivery capability and his nuclear program he has also given aid comfort and sanctuary to terrorists including al qaeda members it is clear however that if left unchecked saddam hussein will continue to increase his capacity to wage biological and chemical warfare and will keep trying to develop nuclear weapons n-- sen hillary clinton d ny oct 10 2002 n n n he has systematically violated over the course of the past 11 years every significant un resolution that has demanded that he disarm and destroy his chemical and biological weapons and any nuclear capacity this he has refused to do n-- rep henry waxman d ca oct 10 2002 n n n there is unmistakable evidence that saddam hussein is working aggressively to develop nuclear weapons and will likely have nuclear weapons within the next five years we also should remember we have always underestimated the progress saddam has made in development of weapons of mass destruction n-- sen jay rockefeller d wv oct 10 2002 n n n i will be voting to give the president of the united states the authority to use force -- if necessary -- to disarm saddam hussein because i believe that a deadly arsenal of weapons of mass destruction in his hands is a real and grave threat to our security n-- sen john f kerry d ma oct 9 2002 n n n the last un weapons inspectors left iraq in october of 1998 we are confident that saddam hussein retains some stockpiles of chemical and biological weapons and that he has since embarked on a crash course to build up his chemical and biological warfare capabilities intelligence reports indicate that he is seeking nuclear weapons n-- sen robert byrd d wv oct 3 2002 n n n we have known for many years that saddam hussein is seeking and developing weapons of mass destruction n-- sen ted kennedy d ma sept 27 2002 n n n iraq's search for weapons of mass destruction has proven impossible to deter and we should assume that it will continue for as long as saddam is in power n-- al gore sept 23 2002 n n n we know that he has stored secret supplies of biological and chemical weapons throughout his country n-- al gore sept 23 2002 n n n we begin with the common belief that saddam hussein is a tyrant and a threat to the peace and stability of the region he has ignored the mandate of the united nations and is building weapons of mass destruction and th e means of delivering them n-- sen carl levin d mi sept 19 2002 n n n there is no doubt that saddam hussein has reinvigorated his weapons programs reports indicate that biological chemical and nuclear programs continue apace and may be back to pre-gulf war status in addition saddam continues to redefine delivery systems and is doubtless using the cover of a licit missile program to develop l and the bush haters still don't get it good try though n nyou can not educate a liberal their mind is made up and nothing you say or do will ever make them think for themselves n nclinton could have had sex with an eight year old on cnn and they wouldn't change their mind it's a republican conspiracy,politics_government,politics_government
yahoo_03779,who watches the show seinfeld i love it who is your favorite character and why my alltime favorite show george is my favorite because it seems that anything that could go wrong - goes wrong with him george is getting upset worlds are colliding and the best one i was in the pool i was in the pool,entertainment_music,entertainment_music
yahoo_05086,are those big propellers on wind driven generators really motors to speed up the rotation of the earth is it true that the cia in conjuntion with the president of the usa is trying to speed up the rotation of the earth to shorten days to bring an end to the war in iraq sooner and assure the success of the marketing of dick cheney's newly patented pat 666007 23 hour clock yes that's true keep it hush-hush and you won't get hurt this message brought to you by the n s a and the national council of churches,politics_government,politics_government
yahoo_02219,my girlfriend is so hot and she is really tough i want her to beat my exgirlfriend who is driving me crazy calling me be mean my new girlfriend hates her so much for calling me and my girlfrriend wants to beat her she beat up her ex boyfriend but she is so protective me in school she hit a guy who was be mean to me sorry but this all sounds extremely immature and blown out of proportion and hate is a very strong word and emotion nwhat happened with your ex-girlfriend is between you and her it has nothing to do with the present girlfriend but you've obviously dragged her into it anyway not smart at all nthe best way to deal with your ex is to totally ignore her she'll leave you alone when she see's she's not getting to you anymore she's just trying to get a reaction from you so don't give it to her and wanting your girlfriend to beat up your ex think about it it doesn't get much more immature than this think for a minute you're causing trouble and blowing things way out of proportion and there's always the chance that your girlfriend isn't as tough as you think she is what are you going to tell her if your ex beats her up will your girlfriend then beat you up because she got beat up see what i mean nonsense,family_relationships,family_relationships
yahoo_02588,why don't men chat up women anymore mainly in england they can't be bothered your not that important why do you girls think that us blokes always fancy you,society_culture,family_relationships
yahoo_00049,if illegals are given amnesty do you think we could sponge off of them for a change we wont give wetbacks amnesty and we would never sponge off them because we are not a low life country we dont reck our governent and try to ruin others if my neighbor had a nicer house food and mor i wouldnt demand the right to live there or for him to feed my family so why the heck to the mexicans expect the us to do that,politics_government,politics_government
yahoo_04427,where is a good place to go camping in canada perferably in bc or alberta banf national park,sports,education_reference
yahoo_00816,pensez vous qe le fn ait une vraie influence sur les supporter du psg kop de boulogne en particulier fn et jean marie le pen je crois qu'on va entendre de tout et n'importe quoi dans les jours qui viennent nmoi je crois qu'au dela de toutes confessions religieuses politiques au nom d'un sport en particulier qui est synonyme de plaisir on ne doit pas arriver à ce qui s'est passé hier,sports,sports
yahoo_02147,what is the absolute and relative location of mexico city mexico its absolute location would be its longitude an latitude position it reletive location would be a reference to its genaral location suchas central mexico,science_mathematics,politics_government
yahoo_03864,im new here and i need a every possible information for getting visa please help do i need a sponsor or enithing else to get a visa for usa how to get a formulars for visa here is the us immigration link please look on the left side to get infos on how to apply for a visa it will guide you n is the link on visa for the us n did not say where you are located which country nlook for the nearest us embassy consulat in your country in order to get infos nhere is another page on visas n,politics_government,politics_government
yahoo_03499,where how did texas get its name according to sites in our texas category the name of texas comes from the indian words teysha or tejas these words mean either hello friend or friendly -- which makes sense because texans can be very friendly people early in texas history people from this area were called texians did you know that six different flags have flown over texas in its history first spain then france mexico the confederacy and the republic of texas each ruled the region before texas became part of the united states in 1845 yee-haw,education_reference,politics_government
yahoo_02604,should i start wali lundy or rudi johnson week 13 this week help me decide i don't know whether to start rudi against a ferocious ravens d this thursday or wali lundy against a pretty good raiders run defense just so you know frank gore is my other rb but he is a lock start every week i've got rudi and i plan on starting him yes the ravens d is good but the 9 sacks last week against pitt isn't somthing that happens all the time they are playing in cinncy but it's your call one piece of advice in fantasy is go with your gut no matter what teetering between players will make you go nuts,sports,family_relationships
yahoo_00459,if we live in a free country why does it cost so much to live because living in a free country does not mean things are free but the people are free to pursue thier goals and have inaliable rights n nin a very basic definition cost of living is a product of resources vs demand this applies to everything from food to fuel to medicine ad infinitum with so many people in the world resources are in high demand an example is the emergiance of china as an industrial country will force gas prices to go up as thier demand for oil increases n nthree solutions for reducing cost are use less resources or use them more efficiently mine drill discover more resources for extraction our deepest mines barly scratch the crust of the earth or find workable alternatives which will of course require other resources n nbut being free does not mean things are cheap,politics_government,politics_government
yahoo_01454,how can i find free-inmates info for newark n j caldwell prison inmates newark n j essex county jail free info on inmates go to inmate information population com,politics_government,computers_internet
